INSERT INTO tblLand(ID,strLand) VALUES (1,'Italië');
INSERT INTO tblLand(ID,strLand) VALUES (2,'Japan');
INSERT INTO tblLand(ID,strLand) VALUES (3,'Engeland');
INSERT INTO tblLand(ID,strLand) VALUES (4,'Duitsland');
INSERT INTO tblLand(ID,strLand) VALUES (5,'Frankrijk');
INSERT INTO tblLand(ID,strLand) VALUES (6,'Verenigde Staten');

INSERT INTO tblStad(ID,strStad) VALUES (1,'Torino');
INSERT INTO tblStad(ID,strStad) VALUES (2,'Tokio');
INSERT INTO tblStad(ID,strStad) VALUES (3,'Norfolk');
INSERT INTO tblStad(ID,strStad) VALUES (4,'Hiroshima');
INSERT INTO tblStad(ID,strStad) VALUES (5,'Wolfsburg');
INSERT INTO tblStad(ID,strStad) VALUES (6,'Parijs');
INSERT INTO tblStad(ID,strStad) VALUES (7,'Detroit');
INSERT INTO tblStad(ID,strStad) VALUES (8,'Gunma');
INSERT INTO tblStad(ID,strStad) VALUES (9,'Aichi');
INSERT INTO tblStad(ID,strStad) VALUES (10,'Zuffenhausen');
INSERT INTO tblStad(ID,strStad) VALUES (11,'Ingolstadt');
INSERT INTO tblStad(ID,strStad) VALUES (12,'Stuttgart');
INSERT INTO tblStad(ID,strStad) VALUES (13,'München');
INSERT INTO tblStad(ID,strStad) VALUES (14,'Gaydon');
INSERT INTO tblStad(ID,strStad) VALUES (15,'Dearborn');
INSERT INTO tblStad(ID,strStad) VALUES (16,'Sant''Agata Bolognese');
INSERT INTO tblStad(ID,strStad) VALUES (17,'Auburn Hills');

INSERT INTO tblLocatie(ID,StadID,LandID) VALUES (1,1,1);
INSERT INTO tblLocatie(ID,StadID,LandID) VALUES (2,2,2);
INSERT INTO tblLocatie(ID,StadID,LandID) VALUES (3,3,3);
INSERT INTO tblLocatie(ID,StadID,LandID) VALUES (4,4,2);
INSERT INTO tblLocatie(ID,StadID,LandID) VALUES (5,5,4);
INSERT INTO tblLocatie(ID,StadID,LandID) VALUES (6,6,5);
INSERT INTO tblLocatie(ID,StadID,LandID) VALUES (7,7,6);
INSERT INTO tblLocatie(ID,StadID,LandID) VALUES (8,8,2);
INSERT INTO tblLocatie(ID,StadID,LandID) VALUES (9,9,2);
INSERT INTO tblLocatie(ID,StadID,LandID) VALUES (10,10,4);
INSERT INTO tblLocatie(ID,StadID,LandID) VALUES (11,11,4);
INSERT INTO tblLocatie(ID,StadID,LandID) VALUES (12,12,4);
INSERT INTO tblLocatie(ID,StadID,LandID) VALUES (13,13,4);
INSERT INTO tblLocatie(ID,StadID,LandID) VALUES (14,14,3);
INSERT INTO tblLocatie(ID,StadID,LandID) VALUES (15,15,6);
INSERT INTO tblLocatie(ID,StadID,LandID) VALUES (16,16,1);
INSERT INTO tblLocatie(ID,StadID,LandID) VALUES (17,17,6);

INSERT INTO tblmerk(ID,strMerk,LocatieID,Plaatje) VALUES (1,'Fiat',1,'/9j/4AAQSkZJRgABAQAAAQABAAD//gA8Q1JFQVRPUjogZ2QtanBlZyB2MS4wICh1c2luZyBJSkcgSlBFRyB2NjIpLCBxdWFsaXR5ID0gMTAwCv/bAIQAAgICAgICAgICAgMDAwMDBAQEBAQEBwUFBQUFBwoGBwYGBwYKCQsJCAkLCRANCwsNEBMQDxATFxQUFx0bHSUlMgECAgICAgICAgICAwMDAwMEBAQEBAQHBQUFBQUHCgYHBgYHBgoJCwkICQsJEA0LCw0QExAPEBMXFBQXHRsdJSUy/8IAEQgCigNiAwEiAAIRAQMRAf/EAB4AAQEAAgMBAQEBAAAAAAAAAAABCAkCBwoGBQQD/9oACAEBAAAAAN/kLEoqJyQAsABYACxZYFgACxZUAsAAWAsBYlAsAACKS2AFQiqgLAAXioWAAWWAiqglnLjRFCOULKlkpUqCHJASygRVhZUALJVgsCwQFBZYBYLAFgCLSEFEckhyglKQAsVFhYqLLFhYsCwALx5QLKgCosUhYLLAVBSLAWAssihYLAUgsvHkgAAAWCoslAAWKEBByhYKgBZYWWBYFS8bUvG0cbLSJygJagsCxOUVFSwLACycosvG1FliwsAsBYUgsABZZSUlIpKSWwWAAoRZYLAALAsTlAAVCwAsoQBYFiwAlqFhRKligIsVCLOQkoCwAVBYBYCyUAsnKCywEpUWEpQgBXGhYJVgVAspAKktCCyykCxYAssWFgsRRYWUJw6c6L6q+D/Lf1fY9pd198f3UAsCwLACwFlQFAgKCWWKRUABMa8EcMuhMhM0svexv1/9fh9MfRHXuX/2P32b+Yv6IspCyhKhQikqUCBKnJxpKLF40VAqHW+sPoXJv47+TKj5HpfpfhmV+/r9245Q4/6pvvNm2IGGP1+zbI6wTkgFhYsFiwWLKlgWS3ispKSlAio6c1Mc9n+RGK2tjeheNv8ABhtrS+z2td7mMeoDb1lB13q+xx2uZb0sCwAAACossLBLLZUKgsEWL8zqC6uzK+Y63/G147Iu0MwMj4Rrr02ekHuavytI/wDj+PP1tauwTct3NZOUKkUAqLC8avGpyiywWWFgsF48osFwq0H/AHWYOVffnZ303Dq7Q36Eu1TrfX1hVjV6Se7pFmoT6TazMPdTHYOR21T/AHQABYBLZORJyllSoLKgihKJR/Ppt6x/r3tcuXGvkPOv9Xmz93jvh3+dmTl913ra7yyw7Q7A+h4fFabc+dq0wyweyy1+7w/uyyWUFQBUALAJRZYFSy8eUWTl8poo2TY55k5O0nR+lDcJitrV/DyW757L+rv4PXXSuN/QHeGaXYGsfdRlR2NZqn7Uyf0jbpe+hYvGi8eUTlFgAChAsAEoWWfB6Htz/f8A5zc+sH9o+aE1zaqe5f087MuMfMYOhOsPlP8AL9/sbu/JjKjpLAb5DJPFvfb+qv8An5+N7X9WhnbVlDSoAAWLCwLAFhYVLKgD4zQlu0xswE7Hz71ab08b9UmEO13ZxiFrdwu/IlCWf65Q7Gdh+Duq3+nctnh/pxx60BZL9i69/Qrk0UlgvGlicosJbxoFiwLAFlg/O8/WYmHWwrYD/Xj357crMR8uNw2uvUv1qAAT9vZnty19adssM/djP2eijcf+brW1XenDuUAAJbEcksVxoAWCkssLF0I4/wCxPal/QmgvbXp52b/gaLengBCgfR7jdgWljKrqTpHs3tPc/wD5+b3970CfSTlLAsASgsri5RUpxsoAAmszTL6OslYuAuFXWe7DT5rCkoBALFZbegPVHlngpt+6xzVutD4To3e3ygpKlSWxUS2FixUsKQlKSzpbTj+9vYL8D5o8kt0HnnxTUAAgqV2P6L8Iscc9tlPKfO6Ssi+xNg/KVKSpFFlgsWVCcosnKABOUaAN2um/dFpg3r8POh89vp83fQQCUJXG2APp/R3hNrj9PHY3LjoI33+fve79gCKlAFgFhYVFiwKONYH9XbP/ADN9rfH73dG3RPpD84eN1lEsWFCVKD6v0wakcdPSf2XNQuwj8rWxuvgBYpAWE5QssConKAB/n57fQTrYxq3d+dTs/wCb3C6TsDkpFRSKJUUS9u+mXQD9bvY7hwj1pbwNOu3ztlAAAALAsqBYsBYwE+V+Eu2DjoI2K9F/waOoBQiwqAqFZ57kNZnwm1Xs/Uu/g+k3i2SlgFSyWFsFRSUgFix5+czvm9rd+c0g/KbmPLR8/FBKACAqB6DMXdnPnpzj/g3lYUedj1rfU2WBYqCypYCwAsUlgdG6QO7d4sYb6XtyGr3XeAABABYDtj046ef99muIe2rj5SNvmz2WEtlceUilkoALLE5ICcpdN2C/pc/cNNOHG8vy1f5LCglEpAqKBvJ6pxy9ItcdBP8AL6ALYSrFgsqWVItQLAFSpPL3td2U8OTzCbUsONYm7LamT/T/ADfP+Rv0V5sXVTpQ3Mbbl43l8X5v8a3oG2ALw/1/zsxv8xXdPpI8unrV+xNCH025H7gLxoBKqJyRePKAAnLiWX4HSL2Luz0hbeMYPPb6sPKD8xvL2wyVX4Hjx9JmcE1P6Nd2O3oF6i8unXXol2D2FjHLywvSrpk2A7cI0JZ9fw7AgTk4lACUKgABOUMCOev7PrXP330X+7nV52W8za/SH4Hjy9JWcTU9o13Zbebxoa7PPN6Jdg4SscvLBdpvdWur03fttDG7HTvu+ACoAAWUgqKipU00bR8TdVvpD8sG8zonHjVo3nbXmH2lUfz4jekvOFqe0abs9vHLFfR2+l9DH1zy+fMfftrexGYkaS3zeMbu/wBC+pXKHbf8DqM3Y6EN9xRLKCWWKSyoALKlJeOiDe9pn2B5L6BctslNDeNDeZtgmBXnJCekvODlqd0abstvTCjzVWbj9zrWn5/zeXtimBvnGIvrU05Xctjnpj9Juj7fRy40FllixYALIspYComiTc/pa3w3Sb1pvH8kf4zeVtimBXnJinpKzhantGu7Lbywr801dwesu/G+RL+JvM2wzBDzg0PS3rgyhwz7+y21y/UbvP3QVFlRZYIqyxULCUCaKe3s3sm7q81b+jTyVJvN2wTAvzj0PSVnE1O6NN2e3lhP5q6etXtaeXDGRvL2wMEPOHCzfziF/JsI0w+pHD/zx+n3uAlllgsAK4qALAsLJor+J9BVYHaNvRT5ZTebtevwvQ8mPOg16Ss4bqd0a7stvL5DHngmTf77z4a4W8rbHMDvOIWXd1jz/dvpx8yC/m8hPp0yLoWEssKJSksTlACoHnEyk3LViZoJ9AXl7TebteoYu+XV6S84bqa0cbstvJOUsXRrqcbzNr9wN84lLN1XR3cu46zGrz6egbJoVFkoJyS8bZOSFgLK4rLHkp37ZxfJfW69NMfoP8tZvL2woMYPLlfSTnE1PaNd2W3lYpLo71Lt5e2C4H+cKhu5xx++3hGn7q3aJkghYolgssCwBYLLAryh7o9jGkLJXE74jdV5OjebteY5awzrbXLfSVnBdT2jXdlt5dCasRt47SmjvUw3kbZJgh5wrKm+vE3+jfW4+fXJLYf3WFgWCyxZeNJyCLKgA0N89oOpT7P4z7rdF5EP4m83a9MCfOUD0lZxNT2jXdjt6uFXmnqeprJNo61MN5e2Fgf5wxL6RteDfowV65xv3MfUxZUpLFSoLCkWBYFg0Qbx9A/Yu6XQdllmh55OhG83a8wH85YX0k5xNT2jXdjt6uFXmoR6mMlLo71LN5G2Rgh5wgesLTvw36/5efH0CaIt9lgFQWJSywAVLATlCaU9vmLfU2y7XthNlZhfraby9sDAzzjg9JWcN1MaOt2W3phR5qkvqWyVaPNSzeVth5YG+cUOy/S9gNi7uow16Q3W6EN+AgtiwJbAWSikBUBrr7K6HySyw4eeH7rLnQE3m7XmBPnKEvpKzhup3Rrux29XCnzUpfUvko0eal28vbAwQ84YbHswMf8A5TsH4r83enpX3pgAqVALAWBZYWAvT2tn/HZX3CwG0KepLybfnbztr8wM844PSVnC1PaNd2W3lhL5rbHqXyVujrUu3mbYJgj5wivQ9rO7B37+ZX0Z4HdEd97KgFgsFgqFlRORAsWSroR+726/ezh5VN4ervATeVthYE+coHpMzfmpzRxuw2+TCbzWk9TeSLR3qYbx9sbA7zjD7z1HeUz1fdr/ADP0nWfk49XfbJYLBUsCywWCiCpUsrSd8juT7LrQ1+Bsu81PZv3b5TqIHcf0r4PrPsjsB8104ju/9p1n8G7L+9fL9PLNwH1+v/0/I004Len6rLLACykABSTlAAMVtAfoWyQxU+n1ufIbRNEeICkoCKlIoAj6r1P6Icjt2a4p6ZM09ukWAAAAsVFliwFlg8tW2TZjr51V/Ab+9UW0vzFf4KlIWBUoACbrP9vkMptgbqPSV9zuN7MiWwqVFhRFgCUnKWKhZZrB1uZN5f8AzXcmrfvzKPB3VOSgQqAFQDJn0Ragu+dhfdXUWkPdJqR3xgCcuNLxWWUArjbLAFQH4+hjcxpo7r3J9R6N+sfQr5xMbJQAiyoUAn0/p31A5q6fPVdjbqM3m6rtgeSQFi8VsqLKgsAAWAA1ddzZvaHN8j4jzf8A2u8vzI9cyiKgCkAP6fRBjrre2mY85MaxN5neemXfMlCwFgCywsCwCyywC/yefff5oe37V8Z5ocwNlnmu+KABBCgH+u+L6zQx6ZcnNCubP8vaeunb13HKvGgAFgssURZYWACKxQwV+1zIycMW9F2auwPzh9WCpQgTkko/U32/U6ONxuzx+f8Ao6+cTOzNtdWFiKLxWoWKkpYKQUiosNM3fONO7edf/ZaCM+8P9snnvxKSgElAJ2p6E+hMU/yfQFbx/n0KdLelT+iioJQnJLAKQWCoLxqpYL/B5+vh/Q19jrc1U/1ZU5QYLbptbenr8WhFgJyhy2M7sdTGQmOO3DuFenNI2K3pp7bArjSWyypHLiorjVgqFQLJbxHXvmjzg3df5aAfQP0Hrbxhx03G5kaaddX8gEKhWXO6X/bTDlP832TuYfFapusvh9q2XyiAAF4uUFi8bSCosALLA6J80WY37mLm6jO2fl63NQ31O5PILV9rk6iAiy/WZ/bQvrNN+F+0vNLXHujx919fxbTdd2UewSpHKAsJygsBYLLLAsFgWWBZjxp03xfQaAN/36J+doN+1+Ayi2E/DYa4v9D9X/K/5fQdi93ZLZgZH4SYRdLfS75+2vmvMflZjxv87w0m5QbFLKsssKQAC8aVFgWKRSAKldJ6St3PWuBm6WXj8t54dsnS+AP42ROTfePaP0n+v4fXPS+N/W31WdeKX++4P/V/hz56A97ei/YVnSROUsBUJUqUlCksAFgrjykqxZPjNGewzoHvPP64RaHtqH3n935Hw3WXQHQ+xL6f8jE7GHu3LL8T83G/b7sFUYpa1ettyOSAhYogqEoWACiLC8bSLLFCWX/HU/0j8fsuzVur3rPcZRMf9JX1v6+a2df2FaT8xM6reHWGK+EOurPfeV9ZKsWALxqwFlhKWFgFSkssWABZ0Rppwk2/8+geoO8N4P6afmaUfj9yPb9svWWoP8DG7vT992b8Hj7twzlckJSiUk5IUgJROSFgqWFSwAVBcE9OWWG5z6vFvUhuQyDtxQ1gdkbMu8lGJ2ureP8Ay4Pa3ssto/6PIEpFikqSrCUKllgWLLCywFllgpKkwu10fS7AMitPX6O2Xsr+TVhjZ2x1F2VlR3z9z8Xps28YEdGZsbF/2JUvG2BOUFixUsVFQlWAWKSwCoWALF4/D4DYlP58UchuGzfOKurcHcGcO/j84ctdgveVFllSywAAWLAE5SxYWAFJYLLFgsUheHRuN3RfVv536f8At+e+97vyJyL/AEuXGgnJKgCwBKAAJZQsKgWC8bUVCwLFlBAssJShxqwAJbLCuNsWVLFIsUgCxYAABUKiWwS2LFhYsUgqJSoqAVLAFgS1FhZZUsLALAsWAFROQicoLASkKABYWLLLBZYE5CACoWAFgKheNBKWEtllBFQKhZYBYWCkFiosAsqLCkshVlgLx5QlCOUsssqCwUEWLCwAllBYBeNFiKS2FlgCyyhFlgWCxZKS2AKRYWBYAAAFlQWCxeNAVxtgI5QoEFihAF40ABYASiwFgCwSgEKWLAShZKiiUEoWAABUqVAqABUFgWJyJZYKgLLKEALLLABZYWLCWxYFgWFlhYsAUgEpeNlBYAAKlBxt40FiwLFJYBYFlEBYWWCckWBYLE5RSTlFICkqVEoVBYsLFgoJQlJYolhUFhCrCOULABSAAf/EABwBAQACAgMBAAAAAAAAAAAAAAAGBwQFAgMIAf/aAAgBAhAAAAAAAAAAAAAAAAAAAAAAAAAAAAAAAAAAAAAAAAAAAAAAAAAAAAAAHbs8v7javoAAAAAAAG23Uq5anU/dtt9PqtVowAAAAAA20r+OmFdWXNNXFJFs9hIa30IAAAAACbSmB6frtiBbPZ7DRx3E2m7hVj6SG8AAAAABzm3Hpi3dZWk2mUfPnTkQyL7DeZ0M6AAAAACxsDG3fDe4E1lfYOEag/biV/LMWYU/1gAAAAWdqIRmWFh2XKwBoKu7MqDZ26roAAAAG9lkO1Fwaa5MwAHTT2zp7jPtRFwAAAAmufsOHVcOWAA6qc2VQznHh3WAAAASTdRGQ5NvSAAAa6m8j5ru+vwAAAC1YBqbc420OXFz4HLlw+CtsWuNLclNgAAAOdt1t0WbYlERwtqu863PP5J/Q3mrTmd6aqyutVaFe4IAAAG/2uy2uFdXmvRzxOqYzre8+SrbQG28aMxGVSS6ahxK0lfGJgAAAS37GLN7bf8ANeH6gPL2db3ny8rGoKK+pIV5/vSxFYazTZGqh4AAAEt7YbcXO0/NWqt7vsXy9nW958sOUwyDem9J5/vSxEE0kQi1oVKAAABYUb0VtZ9nea422HqbzBnW958D0Vi+f70sRCo1UO5mFbAAAATzXynM42z5r1t79sq8vZ1vefLWmkErD0Vi+f70sRX2rpyZ9cQAAAAlXzjJ8i4vNWJ6gPL2db3ny8rGrGlfRON5/vSxFTcK53XyIAAAAbGXQzdyy4vN2H6gPL2db3ny87FrGlfRWL5/vSxFPYfZrtLGwAAAFsVb03HIYx0XEU5kzmr7HlUPr61emsLHlWhhFQcLhqHrAAAAWbCJFvMO7uQAAU38qySyStgAAADY2B0RyZbWygABCYFjajY6fQgAAACadcPk04lMxAAR6AaPZYOLCQAAAAyJ9FdLYHXPp4ACI1xmVh9tqtdcAAAADezytbI08hxLO2oDBrHD+1lsZ1o4YAAAAAmW76a42Fox/ZSKR7Plro9GcHf11MsLWdURAAAAAEi2CGy/ct3jxXIkzqi8NZNhR2LAAAAAA2M9xMPPrr5vZtEI6s3UYubLqx0gAAAAABLM3W7GP4FmRrX6jf5HPGioAAAAAAGy3m+2kXxM/c6+I6gAAAAAAAAAAAAAAAAAAAAAAAAAAAAAAAAAAAAAAAAAAAAAAAAAAAAAAAAAAP/EABkBAQADAQEAAAAAAAAAAAAAAAACAwQFAf/aAAgBAxAAAAAAAAAAAAAAAAAAAAAAAAAAAAAAAAAAAAAAAAAAAAAAAAAAAAAAHkIvbPQAAAAAABXXQnYrhZOdoAAAAAAV0vPdPsc8tFVcadloAAAAADLTqn7i0wrjbbKFejJZpAAAAABmL2OyED175ovhXDRIAAAAAxz9rVTy0eD27VGeuj3P0PQAAAAMVmmOSWGgAXbkdMYagAAAAVU3W8+fOiAD3ow6DNO8AAAAM8IPedEAA6Ud+f3QAAAAKa76vOdSAAJ9EnHWAAAAYdVmBzwPPTx6GyW2zn9AAAAB5g2sWTqXGDX5zusUcjtWkOJv12YtUwAAAKq4QlzO1ZlZujHndeivXz5XaM9PN6MtlK8AAADP7djjzu1Lhncjzuvy8fWv4enrcvG3WT8npAAAAztHO8w9qeCOPuR53Xx0adXEs6/LxtVui/FvAAAAyXW8+GLtXIcLuR53XDjy63LxtN3Rqo2AAAAZZ0Rc/tT5TP3I87r4M2rdyHX5eNrt6GdoAAAAoKY87tS4Z3I87r8vHu6XIdfl42+WutoAAAAhRfXRzuzLhncjzuvy8e7pceXW5eN0Z+TsuAAAAYN3vPov95x0fMu7Hn068Hu3HRbr3sG/0AAABj0VVS5YAAOk3U07AAAACGT27PXiAAGnZ7ZCy0AAAAZ2inLRmAAXa7a5z0AAAABHLfZmZMgANG2G5g2TAAAABTm24raZYawE9s2yOWzSAAAAAzV+7IYboU01p3Xyq155yaQAAAABVBoz1+0yvjSlbpRyXXgAAAAAhmThsVZtFrHOUaNloAAAAABRCcbZZLZzri9vAAAAAAAhXVXfKFctFgAAAAAAAAAAAAAAAAAAAAAAAAAAAAAAAAAAAAAAAAAAAAAAAAAAAAAAAAAAf//EADsQAAEDAwEFBQUHBAIDAQAAAAUDBAYBAgcAEBESExQVICE2UBYwMzRAJCUxMjVBYBciI1EmcEJDRFT/2gAIAQEAAQgC/wCqvH/t/wAfWvH0Hd7r/X8V8f4Du9/4+k12eO3x73jrx+m8dePv/H/vWmv393u1++3d9J4/wHx+o/b+Fbu9u+h/39Vu1TbW622m+rmRAme/qF8hxVHworlQFb8O/LLKnw/6tI6/q0jq3LTb/wAk8qhq/ERyTF1viNpbG3Xgkkugvbxo+63fTbvXa1pT8SUvjwvfRy/yulTfaMfZBk7zfSlHK5S/eUYhYapu6sdFMer7uWhCIlZSlbLIrHE/y+z4Kn4VAAv3eg4q1RvXeSMtGnF1WMccRKRtm9jpVnYLvryiDOGPnNnVxvn5KBfEZZUepXcBUbkCNP8AhtuSWSWsooj/ABckYGCE+aQLZTspWqQWjCfy3xcjcVsU+G8pK3gKKI1FgorjxB2y649XGsYrTSuLI/f+Rzia3x6S6FTYNvuF2zSaArqJlReUAzndYRPZFEDkrbRqA+VT5xa5eAIkIj9tKttF4sFNUr1pTHxsIr18eB5KVQvoxklzQHIG1i95HGAN1vvYqw6ZR2+q4YfksswU6U8HloM1utZ/xMufFA0uaQJ5DMl1uhjg3HBcop1khExUGFpbVnqWSVGOD6q6hEbXOvr5GZ/DuqJJq21sUKQCOEuK6wrjQ0w3rDhWRCoi/oTwaShzlm9jtPxITIbK9QohJ8ePeanGpWwkaG9LREQMKpcogYxen/cuDayyURRz0BMFNQp3hSs/h7t41YIXuXh3JLhyp0MaZQtdxd2pMGsngceRuQGq5WE2/Buy3Xf/AG1yy4/YsbXOFKkSLLKLNqgk2tSysIr8YDKR0h51GHd8NS49ELEr2pEUGKG31ahATEiPYWIE9rhug6RvQcyWEvgC3bUcSyqStappXe0uQjPyPsfPCu6pBbFRKxqorZe0Xbu6tHQqaSCNKpsjIY+LOoc4f9d4enSWajo/S5C0yfJnl+cQBspM4puBNcYF3l3OLNMXgEd3UIQqLt/yJgQqXw6Dh9Py3DB135n4uNNWyrt/c1pLpB04MOIaBGCLBntfmBYy3jflMpDUOKwWuTnMtsU6cT2YwJcMjBkQr5pZQL3plA+PmGAMKnFHvLDmdkriLSRt+Ogsj2YvfF5cWhRUEpQxGYxkZF1WxkepWl1KVprd6L4dz9vrr77Urbr75RkJVdS4XG2sL7NFvZDJcagW5Bd6TfW222W0pb3Xr9qNbKvHkrlbySrVTQjM1RjbWraxLLAyvx/6nxytnFp/le+u+0a6mMoLVrZVqJCKXc4wOXxgMrS/VmQolbSllhQ5j4+nyyDwO3HrdbGxGTibOnILI5VB3/GSyPFlPxTnEVv/AApLozXVZdGbfxVncVS1MX0aJOqPwkGm/X0SDltkwiiMiZ8aUElCw517MmpRA2ByijtkIkxuFu+yTQ4iyKtU3jD33h6w8eth7dR28NyQvNX1BAWLQtlH7LXCuVCfKZMhNkPF9kx9g3u7pyQjgDWq769SQ5FJcFgwWEiQ/g0ZmsMt326fnmhGtURzSGyZ94pNsWG1N1XKGJUf/psxWCt+JbjGNarjOM6UxbHq/lWxOxr8u4xQSt+UdwGUNN9dVb3j7+WUYpwpzuteM8exsnbzBv8AScdurpyItj5u1lIBcLhyqCLtq2ECmW7pNuRYt1SVTw+BSnttl0Ts2BHHmtWr5ZCQY6J81GPyJhIWnUNO/u9dJEmYpoq9evHpvIZajRpH46wjzTp2mjxBoZm3G8IZQDNqVtHkMlSJ1SvSwSj+8JY/JbJTP2QjmMxvK65x2vLrpu/5aYmJtYHKTqlHRkbjWPs91zqiYYIj4PMgxdnvpR1llrT5JfKhu/4CmR5Vf+Ws9ll2qTyV01ZkOV2fijlGQ2fFbZZr4dYzyXGnO6izYkFM2cDcjAoyQ4rtP8ZFWV/Ug0JjMI0ra3NOTcVnLKjF2CNkoKUUEFmzhB0im4b7N+q28VK0qfYuINJkCY8c+bkmTd+2eMmxFsozeGgRaDEbCwmMShnI2vGn/AiBBqLaLPXjlyYyIao3bhw4+PMKNWpnIoMbxptL5DOJXfVMWMxU5U3KFx0GjQ7dW2VXe0ctag2KfSjWiKWiE7jLDfTUlyC/L8bUcwZPn7ixAeFxhepWjk+1YBY+1u5BbJgZlxJsCeQ5G/4rUlnC7m+qrn3VK1trSto2aSMZuoiKyo2U4UzDZ6FkDW7kG8ZDXnGsJODJCITsYlgEvLx7/G1CZCCFeFJzStLqUrTZKAaZ4S4ZVEHJSMv7KF0yFLR+60hblFu6RvbFbiKAstaRjcYkrWRsuan9DT09wuk1RUcLmChKemkxo1Q9HoGy7KH0TmM9VrdULjkKO4VXtiaaVltiepQasBB3T7QUdJ3S1XwamPZE9+0miaAJnWrMXHMbvH3A6Mt2gaOMa8o7lBFLjQBEjBIurziP0Ddy4aK2rtgeTn7XhRNMCgaRtLulkWM0FuN0AcMl2Lq5oQYEJTHELHg4RlEcvwplmRFiRS5rHWQRiwQ21kLAU+QLjGj9N1Hgbv5iaQUe2GXkQocm+Cu0ybECcaHx6b5r9H/vu+H1e/3k+llSjmoUezJOkUKA4xG8bt23A8PWWWJ22p2bZYQWlslahB6jkTEQyNiz8zIZ6+7PHRmEjY/bavfJp6OCcxq0MHihxbnEfpGjx0wXscs43ktNXgaSAuDESRpba6ei5DAXvWNGDaHzpGunuNzg2/qgTDIMnYf41C8+aHxDkaQxYZ3XOga2rrbb7brLiQ9CMydZi7QVI4+kG6rJ23ftkXbX0bx+nyFKuzG3ZDEKFfHn1jJlHYuOjrfgbdyeyXsUdVo2jlWUNEVPE2Aw7kAlV8+ZsRMaHVsSlWQ3JDmMQ31EamBKOqUstFlhElYXXt5RCXYNbtuOw6cJGrbB5GSI3ROZJE0FQEcLopuFG0CCMSDciP2ZND9YITJphmyM3htrJxCTziOlFY6X934+73ejHzKAIY4ILxIKvJibyQlsVfrJLulSTYSxcP3bgv2sWXNlwEeJTUheXLu3YuMjONWTyx9I1/7vqhRZ8Gd2PGEYlbKSNvCaQe5Ot5sC5O+1Ufqwf40NdaJvGK7XrZN40cNFcdulRMjfgnGRYx1reptnj+TdsMOgd/R7vR9+pOQczKSoBhw8a2FjUhzbF3geJ2aIEmYtte7fFcgvCxBozGU/DV11LKVuuncp7ce9G0h0SVkLnnOCD8ZGhnOVkMieyJ7Vy5+sZvHI9yk8ZxKWt5G14FJ5DOTVQ8Gj5txHySRBAQWZGWST5jtmFKgJw3KJ/wBqlmjzFzB5OgSHj3zckybPm30vh6JPz/Ywi5uhjaP9ExuMua/hXUbPpRooUeXNBskyA86x9IRDMJKRg5iYOjQTbnkDsrNSrnotY1HnEjI2NUvuyNCdSaSOpG+qup9cxeuhzpF6zjEjayUfzaTyI9jr1JsI3IX8cdUdICirI0zTesdmWGe9sKf0jDzrwIp1qUA0z4hwzrjY2ozduI29+r3dz9ve/wCveXVpZbW65TmTuZ8NE7LErLE7JjO7BXMGConAFH11hM+kkkgnYkjOnd6UzcLoiIabk7jtWQyZwg4doQ+MR0E2jguxrZOJXceeVatPQAZl2BIIv2rZwNkwiilpUV7LGVR79JQtBX6LxoDPMDzO12x1kZtz4s8v1Ep7cDQSGPhhccYQo4H5CFKhzDWRMARVIyKaEUvV8iGuzAlWqONgvQCaklpxNbml14QNDILRryy5vYMtoVyUtfdOZF2ELqk3xvGulb9uvckSfpkuwWXoUEk9QhCjRzLY+nIhV6NsKfIPU3UNOkQh6BP6Ex0YmI+Qp0T1JkeojxlLWPw4o8PLsSJKDyCNr1Ix26aonBToHJMXmuQ8cBFvUfHvH1L5dNkxqM1laYFraFFQWG9NwHC+x44taNHLm/GllLihcw5bWLT6X3rKHSzePCFntzp0u9cru3PoeO5F2oP7MdZFCqDCDeSDwJRtJQiLm9cY69oyLEMJyEp064mSYoU3ESqOyWxMYXZO3emDxUe9avkGLtJ+zbPUPp6d/d9PJinY4R+/1F3dgAaTkq0Gjixt7fJTO7bPX3RRghpN/UXEbmiUEBdihUr1cin+0y3Z6HogMqsEJtSKLtuykYa9HUFIrx+QuQD5jXk5RU1IIcIkFtVFojFSsakivUbtXW0utupVMZVV4aY24vK9SKXGKfSbvrv97crEt1o4RYGYuJSQFh02zZFmgi2Q25XIfpYy2JjrpEeYIrSozQEEdu6VrW6tbrvRcXm+e0XCL5OE3NHrI+2YlbSE4Fk6dwXZankxwjdHq1jE7UG3+88PRa9yZP6k5GUWtxixaIhL3yeq1pTxrsm5HtKSkVKYzE9GGvI35PL9WVRFJ6xY3QWHk6q9Cy10DLXQMtdCy10DLXQstdCy07ZMulcbtY+atlYsxvU6FlroWWsqN0EWIrlaxUggsgZ53QMtdCy10DLXQstdAy10DLT8GLItVWjiTxt1G31UFNmNmzZWOUuV6FlroGWugZa6FlroGWuhZa6BlroWWpc0a2RozfZqPFbgphkQpIRth0G8Z2tV1GLxu5tHvUSLJq+Q2ob6ZRrw5PZ3Myw0wgMeWkGDJ9Z6Z+3fKvKDxr97WBgqGmskvXxiRvZkCIFxrIMtvud2CBoh/YUGsn6c5k1AQ6qLZBk4dPWrPX2YMK09dqv3jp6trE/6cV7/AIaefKudmOvKjDblr5ETsxJ8E17g2HaHB6rB2VGOg79ce71jHy1T3My8sGdsBKdpxxrS+cjOy5I+stxaa5jdyEW2i/8ANlBWusjsOrjSy1Mavuqjlre71PJLzpo0slTHDPpo0gpqWoqRiZNzKExlyYkSlVixhiq8UJHHUEk7UbGyVr8Ixdzc8uYKQxPtyaOilckkejj1ze3Zif8ATivuHnyrnZjryow25a+RE7MR/BN+5yHHKFBvaLbWMfLVPczLyua24sI8ko8G35XH8TYaTtauFQL4IfbNXCTtui5Q1+1dQX7bN37zRNpR8PfMrsVOqovyo6/6z9/p8sOv0dlQI16EQMaayQLtfAL3dIkGcSgs3teVRs5VUdUBrqyK8AiXbtYtC3zdnillyxpF/XKj7mlWLCmzE/6cU2zgk9EgVHg/29lmvb2Wa9vZZr29lmrp3Kr7brLtY68qMNuWvkROzEnwTe2aEXYuPO3rD29lmvb2WaZ5DkqDpFVwPfNyTJu/a6rurTdqZBOwzjhBMbKToht0g/29lmvb2Wax4bJGmhFQnsm5J6JALPB/t7LNe3ss07mUkftlmjrZGn3Zx4U71MmXXxkqnqOjvaKJlhluMj3MRVAOtFXPRDCDquJ23E5MPa6D/dOSVm3qk6+8JqOYap+XWTDlyyreOM4mBsACEGtdS37mnjchblJ3ywrNrSENeki4qzUxd9ZJi6u3E36cV25L8rrd/HXlRhty18iJ2Yj+Cb25F8qP+5i01XidAltmThXVh0yKe3E3yBbbkjys5741a0oFZr343UuZSUgNvmYxzFz7aQjQxVsaHNiDbILzpIw9pqMnn8WdoOrmTxuQaIvGsw+7p+ye6p6mp9uylSmib9EWPdP14KwWkMidyB/syy24XId3rIT7rU4vbazTtZDW6WnK1XDhdeuzE/6cV25L8rq9/HXlRhty18iJ2Yj+Cb25G8qP+4AIVFmRz7VPGmwizsIMXjFRRO9JS9JTZiX5AttyT5Xc9/H7nqIqOpVt925PuprKb+1IWyHUhcgXjJGjAllYhS7skbZ7ItSEUHCHUfNkIQXVDF8o8Fz4M+RaK85q3W7/AIemRv7Rkl8rrKZfgQZhU4gH7FBM2t2zKyHEGYLaWV7RfRdDR1XkBCq3cxP+nFduTPLCvfx15UYbctfIidmI/gm9uRfKb/ugXFXYYU5rsmTTopMXS24l+RLbck+V3PfxWrxgnaWpZ9jyE1cal19ZBNmwtOZRFI2wtVZiG7wzIRA59qYRZGRMf7Hrx9Vu3EvY6pzQAe/VNV9Rgv8Akm5dTSP/ACyf8dduSUuZF3F2o3TmSEHbWX38EYM17mJ/04rtIjGRVvVm/wDYKJ69g4nr2DiWpTEI4wAE3jPZjryow25a+RE7MR/BN7SA9mUa3s33sHE9ewcT17CRPXsJE9NWrdi3RaNdmUEOXIk1abMTfIltuSfK7nv4mv8AsZezWTK8iTs1tY9SvLSp6YX1SOMbD9JAnpS+idl99zxW925dvaxC7ijAWvfr6ZHn3ZpSVPdYnYb6lCd22dJ8yKl7dRTzIF1NvKpjuYm/Tivfm3lYxtx15UYbcs/IiNmI/gG/d5YpTtAVdtxL8gW25J8rue/iP4ZvWVf15lrEtacBy3uTB92fGyq+ui5cUq/rC/K4b1N8re3fmUbcdtOmi7O7Y6fNWVW9HWsmP+kj3S2x2y9vIwPMmNvHFzNO5if9OK9+b+VjG3HXlRhty18iJ2Yk+Cb93lj54RtxL8iW25J8rue/iS37MZv1lKu+QtbdYnU3PiyPcyqS3JDhFkuYdkwuNMLod/ZGAtPq9/02/VdG2qtx80ijjyRtiA1ERdrKpGqj0aMsgcv7WRoLIZJcqET44OhJm1gmYBrbJCnzgJhKm3E/6cU2yo2rHxN5FH+rBDX9WCGv6sENF8jPC410OU2Y68qMNuWvkROzEfwTe2TGFAQdwTR/qwQ1/Vghr+rBDX9WCGghC4qJYEVNmWPnhG3E3yBbbknys57+Kk+EK+V1M/tc9aNtY6+yS180rsurw0rWqO+ZTvm6y1fubhEtRmzlx8LZ6nSnSZQrSsujrmLkUpADi8lbSNjzrLf+RZG1OY6qCfpSIREaLSaZ9qu8qJcosLd0sra+H2XaUsqkoondsxP+nFduS/LC3fx15UYbctfIidmJPgG9uRvKj/uw7ywF25Y+eE7cS/IltuSfK7nv46b8iLM7tX/eOT9Dfu3Jqll2zIBvskIogljIN0YpQmtldXifB2+h6XIYs0PU5h93z8e80s3RdIKIODQolAjNhIXixrVcoTI3vWaBBquzcjV14FK1GrvKiFFxYp/ZD3XWRkOrqUteikRhDbif9OK7cleV1u/jryow25a+RE7MR/ANbcjeVH/dh3lgLtyx88I24m+QLbck+V3PfAt+zwAxvfAaVJTB6Sumn3VOWhDVvjSldXXW2W3XXPFFZ5MLG6KKSaCSaKU5+8JuxY6p+Hom/ZX3uV23C5DvaDnNHg9i7pkJVNKKkOLFrXlAnDmushx/tUV1zdiTqfg5USvix5zgrpndk9lyDqLvbif9OKbcmeV1e/jryow25Y+RE7MR/AN7ci+VH/dh3lgLtyx88I24m+QL7ckeVnPeDMu0Sw5jqUvOz46VcaxOz4W5Yhdkgu0JGEkGsYfUIgBTrWR5J0LLsZrihdrRcm1u00+9sm33+qZOZ8+PUcUgD3q4wP35VW4ArFHUFQ5EWE27K04qbtFG3sdLa3Ux057Nkr4VdlEf1IVu+s2Yn/Tim3Jfldbv468qMNuWvkROzEnwTe3IvlR/3Yd5YC7csfPCNuJfkC23JPldz3sYj+pPXva5Tf8AJFMx9qxmsXho0Y0Ywa+6KESzuDypsJjpWx5Eg7mWm3B8sWtuiE6TfJuXSbdku8rjBC90aJklPUz7HtIKTZaxQ+/xlRt2Wlf7QiOo7ZygIZPbkML2oEudJCyCg4mxIUINUTIl020qlegqoirrE/6cU25M8rq9/HXlRhty18iJ2Yj+Cb25E8qP+7DvLIXbln54TtxL8iW25J8rue9jYZ0IDq78hk+vkaqVsPBrykuoZJ1spWyttVYq7UlTmPthg5sJYt2DTJwnqg6RGysi5mNr7a4vY8gEs8r7j9/dbu7X6z9tCv8AjeRFWlcs1+0BKaE03Cx1Nt9tL7brbpOIqENPWOselu0o8ihfkYR2cevdJ6xP+nFduS/K6vfx15UYbcs/IiNmJPgGtuRPKb/uw3ywF25Y+eEbcTfIFtuSPKznui2CpQgzHovXDYAGWWoooq6XvVvBDbBIpgws1aybWO1XtNGekqJI0fUUV5dzawEw7MEDmH0/j9dlFje1IDDaGRHdpMfFiiYO/mBhSncyoluNMFdQ12pGpWqJdTsL2wCWqlpiZKjLL0x/tbJde1sl08PmiCNW73vNJAbYIWtmftbJde1sl0/MlCdtlhDTAwTF0UoP9rZLr2tkunchNv0LmzzuN5KeaIpt23tbJde1sl0/KECl1l5DYwMlRlt9g/2tkuva2S6eSA0QQq2e9zFoTjUdHFspGeFJoDRiYuruUj2d/cyTIKq3pxxjERVSEmYtb/VZoK7Wjz5CxV91MZbsb4ctRxGAymyWSFWNtGb5MHJhB9PiZZas/wAoRXU6FXVYBJK3ipq08FbO6zYF2GaWtS9EYs1yDtuybM2zOOhk0dMb1ZEfKSB1ipnVV6VKX7ZbJEo6OuVoNZLNxhGYEsViuBu+MKerSwVcEOP2dmMyqCoTs2usmpccarfphEizoO2PhjciJGGrNkUHNEDMSYtXETfrxKSuQpGYx+kgEKJJ3W3WXXWX+h4yjvLsvPusmn+BJMA2fjPZjHyqKmNWfTRuxbabNMwbFV89FsCOQTipB/kN3Rd8MjA4KNsEi2I9P1bJwXqxqJZEVGHhQbYVAhsikxSvQSOUEh56HFVhuLluMA4S1J4YPkFlVdDTJ2Av6jiU2YM5GKSlIaByTtsZ0rnJEZ6Vx26z9CikfVkJRNtouSZRsQo4uhQlxJTq8gJ5Yc8LUQzpGm1GgEQ32GTTEEyvePkkjORjPMU4R0WCKVSgbFY/JHZ976u5QSdILNlwDhWFy9cW6LgRZxHlEDmPjAfnOBGJXH6y02GQrA60uZvlUTWPCtd9r60CXbnQTZwOkQmitsojq8cI3trvQGbNwQdIM2kcBNo2LtbWyMo6mx9uJGPJODhI9IMOLkyp16i4JJ22pp2WWySVD44hvWYCzuQSPXvxgtkIaJsmOTjdb7m0eaxMLQEGatK+sZLAdYxsMt4HIO2hFqS91KVpWlYV90Th8MrsJDWZVoqyeyaNPYy4vSrCJXcAedO6OBmUkGXNVSop2GfLMHv11llyl9qacHiNoJv1r3Ikt4aKABwl6QTsuHhIzjhFtwPT04ss9tRSVJRkRBjxsQhUIasHe0ReBeVBOjBRAOOdEXEHGryKQOZCR9ZUTsUTvSUVtcY/llL7UF0nSCThCU/cU+QI0trvpStNhAa1KtFWT2URl1G3vKvgUz6K5MKUlEYaSRlwXERzsU7VZPvrLba33Uttg8J7MpYWKziY2hUbhzBq2dEniTZCNRhjHmlliWp2NfFpfRmwi8AYh+B2Qyhb/wAcT1ALqViYvU6MLHzLeOjAAdEGMbD0fqvH0CYR2yQir0rMdSO9urdGSWVRvNZMStkNJdqR4cvXbMQvbYN03sBhbJExeNG8MmijJSgE/JYyxkrTgVLhn4R5ezf/AFSKKrhVNBCGwZMRwEikymiIJK5kyeNlk0euJ48i/ZzXtl7soilaperbrJ/lrTWS9gwIek3xtG6pJ1kD76CvpmRI0o3VpJRgksjN4w+HL4vKXNHz8E42ODAxmva2dprJL2cSRmy6HTdN+lLYa2kSPaA+LzN2BX7DkZMUKkjCiTmSxAjHVK33fUCAxA26o1HxeHsI6nzNTCeJDeYNDh41Ro0cSyVxUU4mB9wZJ08Pw2qX2JWXKKTyYoGKdkjodHVpGQS6iyyxKy2yz0+nd/b3CqViyd6Spoa/gZ5IkOMurGxljLA498iSZNnzbWSwvXCLSSUejpguiu6CnR8x4ErTcZyMkNZNRhMkhFZ2h9kYF5BAX3QEBhcTI2VVGslxrxcbyPuG67Ra9u5+k/H8I3jwgU4HRNs0ExwfW1GRzt6ZV7IjURgCQ7lkTM8LLnDLaNjQIhAGMbD0Npg6MBt+eQLyI5NF72TBkIULFEhgsIHagx6DBr9R/r0H/XdKi2hhisweHBZCOOHIlzjaTWNblAj6l9l1N9qySbhJRFUWrfCZmqzX8K+OikWBFuLrCuLFE61WCOyMjEpdlyZF/cLd0fBI5kdk/wCBqZLgQ8gQpa8O43Kj+NYZenelfcmp9CEhRw3w32AIQHBcK2pDNRAGlyWnxYnLnPGTGSSGxVLhGPcplVqVoxxmFuWUcyJ3sfkmA1Grh+cydW+tWseFQY2fX7Skh8m3UrZEolEYsjHGP9+3f9Lu9C396QgGchYXNHJMO6DEajyTaEyaxBN4E5mTxepETNlFEbjUBP8AbIi1BfYugg4TvScG8Zi3vEsKMxkyCur1wKWmwX9rUJkEIV4UnBSPBTln24titeziUDEQJgTWvX+8aMHr9TlMhWMTDvhvIh4QAD8KlhmVhAVK0dnsiFynGgxYD3xZ1a2Yj8UqXUtuJssfRhlurWd3JujbCNih7VoEGNmlCM/jY7fSj7Ix0op0wJnAZIcWo8PBYoFBW21azWZ3vFLgAGFQ6wEjR892eHu/Du7vUJHHGUjZVbuBZYxACl40kxftCbVJ4yUSTWTvSUXsXx9LLVE27hJygk4Q2rIpOE70VpTF3UTe0LimUcj8yZ1dCeTOoXX/ABisqNFOFMuwOBjFv2J/Do2S31XeYoY376sHOLj6W/p14PKW/wCZSPnUvz1GkbfzUHv6/hYEMq/DRh0nX/I2xpJlvis8T08Kv2GP4wx3XVUWFh0P8hTJoRnvsYXyGbS26qIx+GGx/wAC0ehxKSqUdLCAg4I2o2H6euUmLRw8Wa+0RIsqYGWQSXmbqKl5XHWsecshzePh0Awto1suutspW66XzZYkpUHHoZCkwllpAh/BDoBhIGdWr228/jopw3Az48+1o5YzCPWyEVejZjySXsl7oyT7jyrK5BRJ8VTtiJ1N9H2GQI46aIrOSjjGhfiucPQEd4q3h05BKAfgizyqUT3Uetsqhr93VIT+KLaTlUaV3cNDoO78KnAlNXyWOp/mWnMVQ/Fzk+PJfAd5YXrvowoayHIqfY2uNDT9TnmRmP44N3KXyqdcqvY0ZiuPfGwnIrbbbKUtt2KJ2K21sUpbSnhSu6lK10L/AOVz+95V06bsm6jl1IZYSlbqgUFEYW2j9lHLj3G/3G/6Tx9CIDmZRsozfGI0bhbztYLFp0xO0Tau8hRW9T/kIyDy6042oxebJqGLEGnUBhTChgnayfI4nZf++3FQGn5v6WR7V+KQn/gpiZr/AOlXE72nwCOOpGwSqtaPoE5vTnGOPo6YS54quJUf2UxW0QsuUXfiIYO300pRktdyhzGDyZ/urYjih9cnvXUxabT8W10XyEPpW5D2ilJOyoTUQhDcHbY9fd6aleyo6/Vthj4ZFxDo4RUVkeRCHLTjsZHR1ty2v8IutpdStLpPjhNet7+Pg54SCq9lSWQBrGd6criURmLeQoURW2TSDWk+aVFQyc3J1sCH6ePj3jMYDHbK9cfjruGuLHY9LJElVa2MUUYfMpLfa4MDcZgmm656zGsGFnLY7N+pxLFiDiscCQ2IIx9vRy53636364qU05OB2fzT7JEba7+SRygVdcSYp+TIlVea/jOPXpPlOzLJi0HN02rL63f6BX3xyNC5AjwPiEZksPWUeDFH255Y/Yg8ms6tK2nXeV2Fm/or8iSkldVIWpFZmecXv3UZmrwCt2JIm7hFyjYu32uF02qCjhWQZNcLcbYFHYM5kO4qWFABIVPgHd0wzdv2C7VkpiklZXeh7DTdtXc3KO5WCddE8RG5McJpq2UjOR1/iUx1K3fzrfE34Vdk2UAje9OrZodlyvIGxyCCwfA4V93Tu79f793X1M9AQ5njXQLxA0AU5zmOH4P/AI03zJRiqhYox1JYmPkaH+VB5JceveQ5AycXIEeNltNwwIc4r13MOlkZWudghOUXCF3TnRclCGKU6HvS2TIxwfW+kGjS5l7WSGdXXW2UrW4zkEEL4k0VzsxmilzUcBxk0bcC5tFBJunaih3P9e5r/BK0pX8TMDAl+JSjiFS6OK3OQbHJhgff0x0ZPI2S4aadNWBZpcg5NY7IjFu0I0FyU8ZX9DJBpgaXS5w/SitiVlyikiyW2bcTQGKhhyUOe1T5PFdaV5obfkWMaZZWcJ/2E2mSYy43c5GWxpf8lpoRd+UnJw41mu7vEjyE9OqkiLuTRsIlRFQnlTfvTD0GzuYVpc7D4zEsuFUkg3QbJ2ot+74fS79ft62/FjiafLfkcXB3PFePvhMzB3VUEUmk2C14CryYxs/bSh5dIe1U6sAMyWdZbrHty8ryAvWyyOwYUC4F1PDZ4afCg76n3gRiuP8Ax5r0JA29buW9SEWVr0CDV06u5bZhEZo+b2NdDsUtreG4oMjIQRuqx/jlbaX+FXcYAPt/UucZxpf4S+Jm9flr8VFk/lv6fzJH4FIfkK38vslkPXsPOVvi0xgfW+aRxL/+hvi4Anu57WGRhn8JJBFC3gQ/7t8frqfRbvTa+8p/B/2+m3/U/vt3++/fu7/pd3pf7em+P8L/ANfzqv8AHP39a3eu+H0lfo/H+NU7vj76v19fpN3v/H3nj7zdsr/Nf//EAFYQAAECAwEIDAoGCQMDAgcAAAECAwAEERIFEBMhIjFBUSMyQlJTYXFygbHB0RQgQ1BigpGSobIkM1STosIGMEBgY3OD0uGj4vBkgJQ08RU1RHCEkLP/2gAIAQEACT8C/Wj/ALuR/wDsZVSLrSqDqwgr7BE+pzmNK7olZxfqpHbFyHjyuAd8XFX99/iLiL++/wARcZ0cjo7okJxPIEnth95rntH8tYuxLesqwfxUh1CxrSa/u/dJsrG4by1fhi5ilek8qn4UxNplhqZRT4mpi7i0jW8XHPZSsfparkTLKR8VVi6vhJ1KmQD7BZi5TauValdZi4sn90D1xcaS/wDHR3RcaS/8dHdFy7ntNpxlSmkJAi4LKlKNnD2CPcSIuQ/g1CuIWiOUDGIcmZc8IlIcA5U4jF35aZpvFqacHKNECbdQNYEwPaKxctCqZy2Sg+xVYmzLLO5fFn8WaHErScxSaj92J1tkcZxnkGcxIlw6HHsQ6EiFvNS6uEOBb90Z4n3HzvG8hPtiQYRPOIxu0tLaSdNo47UJctPY0NBVmidauMwy+P6ph+cb5Fg9Yi7B5HGu0GJorH/TzBR8FUiWKx/1DNn2KTSGnJNevbo9oxwoTzy01Fk5CeceyHC3Kg4lkUaTzE6YZwj9Mby8a+jVekkYQ+VTkue0RNuPBGMWTYeHfEuapNkvJTRQ56IYlZxpe1VZCvjDrsmriNtHsV3xMqdQOAXQ9KDni5+Es5yBgnRygxOgOnyS8lfxz+cz5hm0t6kZ1q5BEmtq1iBs23j0aInVN2sZFrCOnlOiJFGEHlV5S/ab1FTDtUso49Z4hFXG8IVIt+Vc180eM2laTnBFREr4K5vmMn8OaFonUDHTar9hxGJArCKDEnBOJ9WJxJXpbVkrHR4jODfpkvI2/TrhWElFnPnZc5w0Kg4KYQMtknGOMaxek2nx6QxjkOiJzBngnc3QoQPCEI8m6q0aeisQ9gJg+RdxH1df7oPoZaTnUo0EMKyjZwxTVauYmLrCUSvGQ46MKrlKs0LTiz4JpSlK5VHPFzppfLZT3xcLFxzP+yLit/ff4gFabQ2IKpZb3iTFwC022kJSlD1aAdAi582jksq7RCH9iAtFbdByV8dpufeFaNt41JPP3MSjjaQuoXaxNcq4umqdd35Gbi4+nxGkuNrFFJUKgw45g2zaspOyNcmtMXNZXMAY3LeSfViVdQhXBS9B7y4nVJH8eZKvgmsXSZcfAxNhBAPrGB4O6hVk4TFZPHDLkwxQUtnLs60L3QiYCzukHEtPKP3NPhE3wSTm550RMWgNq2MSE8giUeTazvoTY/1Tm6IuohsnPSrq/jSHJmYPGuyPwxcZk8+q/mrFyZNPIwmJFj7sRIS5/piLmyKWm01UpTKYuc3KS/oooEoG7XSEUSjOdKlaVHxJ5lniUrH0CJVyaVvlZCO+Gn/BqHJYTg2+Su65IufMLQk0KK2Ck+knTDrGCQNojJs8qdHjt2XRlOMJ0+kjj4oXZmdq26fKeir0uu/ZanEDY3fyq4olMJJhVnL2zBO6Qd7E0480MsYM7KkdG2EUYezB7MhXO3sGo/clQSkCpJi0So2S+kVJOpvvjGptsuIlyc6zmwh5dESyHW2aIbC01TbOMnogAcnjPJaabFSowlaJFo1SjX6S4uIlxSjVx3C2VK+Bi5k0jmlKu6EzYOrBjvi5VPSeV+VPfF0wwjUhSWR7c8fpS0knGUtNrdV0qIha5lY3TzS1/ClInFJA/gL7omkE7leDWlaeRVI/SaXds4xswZeHtpWJcTaRitjIX3RKTjfqpPbE443zmVdkXYa6QodYi7Ur78Xalffi6yVc1Cj1CC8h9Stl2OyhXpcsO/SRiadPlOI+l13wETjI2Jev0FcUEoAXYaK86F8GeLVFJac3wGQvnjthhxcsncHOkb5s6RD6XW1aR1Hj/cd5LTTYqpSoacTLE7TSv0nDoEUfnSMbu94kQrG+vCr5qM3xhNHFIwrnOXj8Z3Gdo2Nus8UDByrRzeSaHHrVDjTSfKPOqAKzxkxIougvNiYFPeXH6KyLNrNZQVL/AA0i5DqAeE2P5onJVnpKz1RdlZ5jVnrJibnF+skfljwk/wBWEzH3sPzif6g/ti6z6ecgK6qRdOXc56SjqtRc/DDW0sK+GeLlvDiVaaV0Vh66cmo6aocR8E1+EfpCt0cVhRi6swdWSmGHFy9c7RpaQd2mJNMyhYtJWpxSq9GaLnSzRG8bAPiN7OynZgN0gbrlTC/pkskV9NG+74arvVjbIOsGFYSVcVn8m6NStSoVRY+sbO2Qf3FdCGkD/gHHCC3KtmoTuG079fHCKrP1jp2yzefCJJl9LRUrNg2tt7TEu9Nq1/Vo+OP4QlqUQdKU2j7VRNOvPTay5VxVaIzJAv2Zmbzfw2+Xj4ouitKV5QbGN9wakp3CeWLmCUazICE4R48fLE0Wa6X1FbnQmA5OL9NVE+xMJlJNv1WxE6X1amUFXxzRch1XG4sI6qxJSjfLaV2iJtpHNZT+asXWP3Tf9sXXV92jui6CV8rKOwQzKOcqCOoxcbpbd7CIU/LH+I3/AGViblZpJzptBXtTEl4OvfMGx8M0XRDhTmB2JzoIiWW8jU+mivVWM8OeBTfki7isr4lZiOKEKMopWOmOn8Rvih1Lja0gpUMxHiDPA+jOLK2xopu2oVVp5AUIZS60sUUDDqzK2sS9XoOcUbHMI+ta0jjHF5sH7O4ENNCpPYIBblWziG5aRvlekYAQlIqtas6jpUowszrw0N7TpXDTjTObYBYT0uGLoBGtDOUfeMXPS8sbp7L68UUDTChLiyMQOdxXRC0NMstpQLRoAE4ougH1Dcsi38c0WpSVOfhF8pGaJdx53QED4xNGpxlpo4/WXDLEo0nbKOL3lGErnXBpTkt+8YfTKIOhkY/eMPLdWd0tVo/H9WaEaYuitxA3D2yD444klMnhGspPsOOHWJxo7ZOJXtSYc8Dd3hymj3Q2ssIOxL26BzFaOSHA5L1qWXMaejVC/A3zuXTk9CoNRfGy7do6nBmh94KStewBsLyt1iIMSDWfHhWFNq7IuHbbWLKglyoI5FQ8+2gGqUujKT6BpWojIfRida3p4uL9wXAhttJUpRzACEkSqFZAOaml1cDwubH1lnSvW4rshSkSlrTkMJ5N9H0570/qxyJ74QEpGYAUF47JSw0Nbis0S8zbXaGHTk58+WYum00AKqU64XVAf844den3q0LxyW/USMZgqlWc4a8qrl3sIZlJdG2UcXvE54YwquHc2vqp0xOOPHRU5I5Bo/YX1tOJzKQaGGvCm+ETicHYYdamW1Ci0KHwUkwvBLz4BW0PNOiGnGFpOUCnGImfCZDWnZWeQjOj4QwuVXv05bfeIm2n060Kr7b2RhlhVRoeR3xQpfaCqajpHRFypVZ1loV9sSuCWxlOICibSNOfVBoWyAreqB3KuWDxLRpQrSD+4Dv0VpdHFVxOLH5RDay9MHZn0DZXTqTvUCKPv58DuE87fQkBKRQACg8Q2mWXMGKZirdr5BDmDYYQEJG6WeLWTDSm5Wu0ByQN86qAJic0uqG15g0RSamxuQchB9M9kTJXvUDEhPIP2V9bLqcykmhgBCswmE7X1xohCXAU1beRthXSkw4XJVRpbpkKG9dTEqJGfAqtLWQrlGhQi6GFs5qKwTkPJmgnOHkVPtFDFylNrUKoW2u0AsZjjpCv4zPUoXhUEUMIKrnTGcfwHNPKgwS7KO6szzWsekIcC2nUhSSPPzn0qYTlkeTb7zCMedSjmQnWYTbeUNkeVtldw8VdJuaBCdaEaV90JtTs4n6Mzu8H2Vh0tyqVUK9ykbxsQES8u0LS1q61HXClMy2Yu5nF8moftKsNKk5TKj8mqCl5tYsuNrGMV3KhCnME2bZSk5bPGnWmCludAxHMl3k4+KG9gdXhgNBCsTiIuZLOJcQFBYRZJB400gzEu4yu0AlyqTxG1XPfTskmrH/LViMUE1I7EhzSCkZJ5CM8VbaU7ZFrybvcr9SPOm5FEJ3yzmEZbSFlWPMt3VyJj7L+YeKqy20mvLxDjMDCJBqljfU2rfN1w4oStrGc1qm4b1ARYl5dlNlKU9SRrglqVSdjZB+KtZ/a3ihYz6lDUoaoo3NIGyMnrGsQgpUk23GUYvXRH/zKR2VlfDIG2HOpCtlkji/lqzezN4gqh5tSFchxQaYW2in8Rn/EI2eXTsoG7bGnlTC6zcqkDHnWjQrv8+Kqw04W0aq7tyE0babs8usnjMfZT84iYS02nSezji1LSpmGwT5RwWvgLxoBrhf0KWVk08ovf90BSJFpWWrfneJ7YstMMpCUITp1JSINltP1TQOSgd/7a8pp1s1SoRRucbTsjev0k8UN0G2fbTo/iJ7YFrcrRvkHOIdtIX7UnUePxBRKyzMflUPhGMKED6O4orbGim7ahVpt5AUnp89LpMzlW0eindKhGzTY2Ou5a/3XmS4Sy42hI31oHH7IdLcolW3pkJ4m06TCTYR4NWpqVKKs5iYCN6ndr5ohtTEi0LS0g7nW6rsiqWk5Tzm9T3mLLErKt/8AOUmKoYRiZa3o7z+3ult1pVQR/wAzRRL6BR5rUe4w39DeVjSPJLP5TFVy6zR1vcq/zDttCvak6jx3xtHFtH1hUdUHGqXQDzk5JgDCjLaVqWIqmqlFoK3KxtkeeTQARXwRCvYw3/dCQlKQAANAEUcm8yl50td6oSpLSspLG6Xxr1CEJQhIolKRQARt5Yy9mutKQqH3W2l48v61Y9EbkRLBLCHQldjyr3pHTZilvbPOb5Wvkhf0JhWT/EVv+7zCc2JadC0aUmAHZaZbopJ+IPGIQp6Qf06VN75PpphzwiQmgFIUPq30dioc56DtkHURezsracHvU7YlsJKpJsqRt02jXpiaQ6nTTOOUaIyMM4CSNy8jH8Y8qjKGpQzjzwqj07sY4kbs9kJ2WdxjibG19sL+kHJddTuPRT6UN2pg5TbSsdj0lelfxpTNvq6GgQIXSamqob9EaVwjZnxsNdy3r9aHNldTs5G5Qdz0+Y1/Q5lQCq7he+74A8Iby2Felq5DDdW1lWBC86FjOniOkQ6Vy1frKYqbx0QQzNgZTJ60axGmUdPsFYlgsocbWlWZabQpiPRE048lO8+tA4xuoZwTqk5EwkYg4nMVp0QvJe2Rrnp2w6R54VVltzADmoxuKg0mi0E1T5FHfqhFZleU0hW4rulelf2rTS1nkSKwaJYlzaWcwKzaJ+EWvA2sZ9FlOZPKqANjTZbRvlblMLtuurKlHjPmRdZmUGL0mtB6Iqi24LZTuXRmV0whKsIgoebOMBW6ENqwjEy+WkoNFUbNcnjpDaqlCm8NZxjRsiY3TCFe6f8AN6XsTjbK1IcRiKiBmVrg0Ww4lY6INUPNpWOnzsctDdEc9WSmE25hZ8GlQdKzlKV0RVxGFKkWvKOb7kHiGinwGR6+f4RieurMKKj/AAG8n4mEUmJrZXOLep6IX9HkiU8ru6PR5l8mrKG+Qc4hVpicZqlXLjB6INlLyy3xB1OY9MaZt/8AEgw3gpmmJ5G29bXCQ7LOSy0peRmrUHGNF7VA2SXQ+pP9FWP4VhWVJryeYvH13z5zVnq+v5U9sVRLSzeVTcpraWrlUYQENtpCUpGgDxDvn1fKnthNZeUbSpY0WG9HrKg7KRg2uerN7INScdfMy8qX2RrmHOOgxk2yELI0OJxpVGIvvy1vnlIQrxcy5ycHvJUYNGnHVS/qrxt9nnbGhpeCHNbyeuDaemHVBz0bGZPbexXzkNKwKeRvF1wnZJ1dR/LRiEK2OUTVX8xf+LzKF0mE7ZNdzEoz7giUa9wRKM+4IlGfcESjPuCJRn3BEoz7giUZ+rVuBqvS7ajbexlIJ25iUZ9wRKM+4IZQir69qmmi8yhdFs7ZNdcSjPuCJRn3BEoz7giUZ9wRKM+4IlGfcESTVhwaEgHlBiq2F1LLu+HHxi+w2s+Eu4ykGJRn3BEoz7giUZ9wRKM+4IlGfcESjPuCJRn3BEoz7giWaBEuqhCBeOShdHONBxKihLjVpo+kMaYGyMOpXQ60msGqHmwsdPifbXPkjEXEUr6bWMH4xmfZQv2jzp5Bha+kDFHlWMAlR36suvRQRiK6rSPTRiULz1EyzgW6saXE4wn1YzPtJVyHSOiF/TJkFLfojSvuhJwsytsCv8TMYyWZOW/C2I27zqln1r32lPy/qOCX1Xt+985v8Ovqvb9nt/UJxK2qtKFaFCE0W0ehQ0EcRvfaXf1P2ZV9VXJWrCvVzfCE0Q/s6PXz/GFZTOytc05x0HxNE7NfhSoQMqVcQ6PlPXBxyry2+g5Q6/OhxzLrbX5j1QMcy647+XsgZDyw+KexxPTDgVMTrdWTqQd33QFeEqRhmB6CcZUedDv/AKJy0hOkhzMlPTA+hsqtOb2gzNDthOxs4R4DQNwgdEGi5txLfq7Y3/tKfl/UcEvqvb975zf4dfVe37PbePjo+lSaSec3pF77S7+p+zqvnJmGraec3/gwMbayyrkVjHVA2N1FrlKch1ELtNuoC0nWDf8A+pd95VO2PLsLR7wpG7bS5TjQbJ6/Oh4Vw9QgY2pZtJ5aY4AwkmrCDm5lCFrXKyaEW67xO1bHLCRYs2aaKQaL8LW1U5qJO29kYrEuWwdKluZNrlxwMb7wQORsf5g4pdgqPOcP+L/2lPy338E6HWxaoDn5Yusfukd0XWP3SO6Lqn7pHdF1j90jui6poRT6pHde373zm/w6+q9v2e2+9gnkFuiqA51AaYusfukd0XWP3SO6J3DtJVltlCRaGrEIXaaeSFJvpow7srPNVo6Ini01aKrNhJxnlEXWP3SO6LrH7pHdEzhlNupCckCmL0b72CeDjYtUBznji6x+6R3RdY/dI7oukVtOpsqTg0Yx0C+aBMwkK5qskwMpLWFHK3l9kY5mSf8ACGPWG16aQrLZqtmu80p6L3kpdxfsFY3KG2x61Seq9iS5Mvo6HBaT50zASzXvqr23iSapW8E6SdoiKYZeW8fTPdexBS5d/wDKrqg/XzIPQgRnW1hT/UNqDtX8GP6eR2X/ALSn5b/Dtdfj7975zf4dfVe37Pbf37XzjxF4vrmfzC+nLk14+YvEfE4dHVf4Zn5vHxiZlUFXrJxxumnEes0qBZbedt8SXN0nkVByXE4xpSrSDyQaKfKGh0nH8IaWZOaGUjQtINLSeMQ4FtOpCkmN0uUe9hsnq/WHzRuJpP8ApI/xByGGyrl4umBaSy5hOIuqzD1b427brZ9WhHXG6kA997TujMzLpT7qYzuOKX7TW/8AaU/Lf4drr8ffvfOb/Dr6r2/Z7b++Z+ceIaBt5NrmHEr4X9q+0pHvCBRSFFJHGL/Do6r/AArPzeOcbeEb9ioxBc65/rJ/zG2mHrfqt/8AvAU3KzVhRtbgqFUuch0wqu2fV8qe2E2XWpdJQ5pQ6cZ+MJPgqnMrUn+IjihQUl2WNFDMbJr2xu20q9o857h+cPWmDjdOGc5oxJEJo6sYV3nr7s1/O3N095J7oNaS8qx+MiNxJvn8PifaU/Lf4drr8ffvfOb/AA6+q9v2e2/vmfnHinG5KtE8tm+MRewn3mX23+HR1X+FZ+bxz9XOq9hSmNL0m51Dsg1S2pqX/Ms/GG0pnJdFG/SSNweyCtRbcQ0QvOltrGU9F6iZtoEsr/KeIxX6C46EhW2Tazp+EbqTZ+Uec95NK/1BGUwh8niwTGb2+J5N5pXxp2x9tY+Cqx9mUPbi8T7Sn5b7GFaJBs1Ixjki5CfvF98XIT94vvi5CfvF98XMS2623VKrajTHy39+985v8Ovqvb9ntvsYVldKprTNj0RchP3i++Ljp+8X3xcdP3i++LkJ+8X3w3YZaTZQmuYdN/y0og9IJF/h0dV/hmfm8fQ82faP8R9kaV7FqgY2w4767pp33k2XiypChoJO75b2ZIJMDE4+pRPGskx9mSPZ5tHjGim5Gas84uACBvWUn8SuzxODSfdUDH2tuOC7R4n2lPy+PwPaL+/e+c3+HX1Xt+z2/q8+AX13+HR1X+GZ+bx98x+aPsKfnVGerH5vENCpktp5XMntjy900IHI22rvjgO3xR5u8q642rkDlr8sZ31uOn206heeDeHdDSK6VnMLxypt1KPVGUeqBS1NS5HIox9nJ9mPxPtKfl8fge0X9+985v8ADr6r2/Z7f1fAOdd/h0dV/hmfm8fS40PYDGiRR86o3TLavdP+fEONai8voyUwKLwttfOUkqPXH2ZJ9vnNsqKZqZVQagSo/CKNzEogJs79A3Q7bx+qQXlcqsQ6oc+mNJyVHyqR+YRlFpKRT+I8f/aNo0iRpyNmz2RnVJP/AC+J9pT8t9lLqkuITZUaDKi5THvmLlMe+YuUx75i5zLaX02bQUai/v3vnN/h19V7fs9t9lLqmijJJxZRpFyZf3zFymPfMXKY98xcmX98w2EKfbtFIzX+Ac67/Do6r/Cs/N4+7nCPYlMY8qUb9pr2xwLyPcWL+iMcuh21/RZze9Glbx9gHfGiSZ+XznmXNn/VR/mLSGbdo2fIr/tMURMN0DzW9OscRjG2mc/BL99mKttqdClWfJO6+QwkbHWYXTNUZKRG6l6dKFV7Y2r7HwWIzpUUnov/AGlPy3+Ha6/H373zm/w6+q9v2e2/vmfnHi/Zxf4Bzrv8Ojqv8Kz83j+VW6v8VOyMdmeH+gn/AGxiC518fegkdd9dH5yrSObujCNlnDk/y05vbG5ZcV7xp2RuGUJ9g854rSpR32Gz2Q2lxtxNFJVjBEKV4KsmwTjFDnaXGPBtBPS4a9kIttOpKVDliplXDZUdbR2q+iMoNvFNeJwV/LBzS4b6W8jsgf8A1K1DkXlDrv8A2lPy3+Ha6/H373zm/wAOvqvb9ntv75r5x4v2cX+Ac67/AA6Oq/wrPzePiwUq3a5aVMaEvvdLhp2xmUZZ/wB02T8t40AFTCj4Ig2QdTKNsr1oQEoQkJSBoAjR4Mz76q9v7OP23ShxuvNxjrjyzDa/eFYAqstIRUaSoQPr5pXsSKXkVmZIFXOb3Qg1mbmtJdRxtIx/AYoOOWmD7q8cDFMy495GTf8AtKflv8O11+Pv3vnN/h19V7fs9t/fM/OPF+zi/wAC513+HR1X+GZ+bxhXDTCEnkrjg0Il1ITzl5I64G3cQ0PVFT1xRXgaC2twaVHHTog1UphIVzk5J+IhezzSdkpuWv8AdDY8IKULCtJQMRF7GlE4s9DAoOrzoMctMIV0KyO2DjZtNH1Ti+EeUmwfdSY3Tal+8om8MUJPgUxXFrYdxLT0QuqX0LSPSU2ag+yE45R7HzF4j2X/ALSn5b/Dtdfj7975zf4dfVe37Pbf3zPzjxfs4v8AAudd/h0dV/hWfm8ZOTKMk+uvJEHHMPWjzW/8mF2Z6ebLqtaEObrl1Qg+FrZwrCd6hOV7VQv/ANIu20nSrCbkdMZTDbto1zLXoQOJMZLDrgd/puYliFZDbKnK8QFYx2GvxOqr2edBUuS67POzj4wcykvJHLknqjW+rqjRJMfIL6KvyVXBxo3Qgklh1CvVGj2QoFE1LkJPOGIwmi21FKhqIvfaU/Lf4drr8ffvfOb/AA6+q9v2e2/vmfnHi/Zhf4Bzrv8ADo6r/Cs/N4wouccLnqDEmDVuUQGenOqE2pZlYxUyVqG1QPREDERSE0o8Ta0JZz2j0QijbSacvGeMwnLk14+YvEYXs4pIn/nNgY5p8+6jJ865LTzy2vVeykdkcG/1pj7M18t8VBEDYwq01zFYxCquyZwKuTc/CE0anRhBz8yu+99pT8t/h2uvx9+985v8Ovqvb9ntv75r5x4v2cX+Ac67/Do6r/Cs/N4u2fcCeQaT0QAGpOXyU80USIJW46sk8alQkDBtJtU0q0n23mUh91CUKXpITmF42WDLuYQ+jSFGwpaVWdahiHXAxtMJCudp+PnXETkEjfoykxtXmXTyE2cUbqUYP4R4m7lae6o98Ko3MKwJ5c7aumE1fldmb6M46Ren3mErNVBBpUxdqa9+LtTXvxdJ95omtlSqjF49032Wk1olKsWPHF2pr34u1Ne/E86+EGqQs1ob086wHKWrBpWkXamvfi7U178XTfeaVSqVKqMXi3VmG22xRKQrEBF2pr34u1Ne/E24+UCibZrS/POsJWaqCDSsXamvfi7U178XSfeaJ2qlVGLxU4kbCzy7owrKc2V3kG1ED6l625/Sx9fim0SUl+zr3KIFUsu4RzVRrH1+dk1cbThm+cjH8YOVJTps/wAt4V6xGiXCPcyeyDDAeQqZDa0nEbJBOL2RMbJTKaViWOiNKXx8sAgql2UPU10qlUEYUCw8PTTn9sIpLTGys6sedPR5lTaceWEp6YVZYlGKqVyY1K6YTsMmhc0oHMLA2NEZ0oS2DxrNo9XiUMy7VLKOPXyCCSs1TK2s633MWE9WE43VYJvmpxq874mlqwjfMVjHsh9OHYdcoiuVYOVW8Pq5hpXZ2w6VuBS7TaclxJQc6ITV6TWvZKUUa6FDXigVRMXPaSfd7IVZaecwStQVuF9MJ+kM7IyfS3vTAIUDQg+ZEY1gol+bpV0wvLcot+m93KemE0mroONYTiJyrPQBAxzL7jn5Oy+ugTtU6Vq3oglMq2cqmYJ0NIhGRLBAsJ368SU9AjMy0ATrOk+3zunZJQ0X/LV3GHyZqXWQ6zasrCs4U2YlluWDZK6WXk84HPE0h0JQheLOLKgcY0R5ObX8QDAwE5TJeSM/P1wypyVJrYripv2jCw4WU0dpnscY1phf0uVASv0k6Fd8I2J47OBuV77p8x1DDeW+vUnVymEhLbCAhtA0nMlIjLbadtmuZTugciY3Ti3D6op2wKFMq3XlIqbztBuU7patQirUo0fVaRqGtRhARLyjJVxn/JgVDCy5/VXm9nnhNpDqChQ4jCqS7y8ESdR+rXEqle9XmWnkMPLmWClQUE4nLB0EboQeCcHxBvNWhuVbpB1phOHk38nH9W8jUdSoUTKOKNEHOnfMr7IAdlppuhSePODxiKqYXVTLm+Tq5R5hbK3XVWUiCLdLbzm+V3Rjl212W9R3zpgeEzDKaWU5rWkuHXCjad+qFKJCSaZPFGYJAhWEmFDY2U5zxnUIcLcolVLW5SN40IawbaPaTrPHBqSQ49T8Ce2PrSLb3PV3eeUbLKCjlNLX+2F1mZQBtzjG5VeOJXhDA9Q2h1X2Q42vR2jjirkm8djc0GmhXpCFfQn1ZfoK3/fFKKFpp0Y7KtChCLLiPYob4cX7ekqUogADSTCAZ55OP+Gne98OY80ysf8A8++GV+FTWStxGNwp3idQ1xR57OGM6E87XAATYlBxAW4KX5jMXc7aOTfGFKrMPpSMJ9Yq0CbR1Zo1OfOYOS0itNZ0J6YykMu4TiLpzD1fPSQpKgQQdNYCjJuZvSZVo5UwsLQ4kKSoaQYxJU4w+eTaq6oN9oONODGO0RVcu5XAu6xqPHDuwE0ZcO4O9PFFETCPqndXEeKGS262c3aOL9tBJJoAIb+lkbG2fJD+6Fgzzic/BJOnl1QlTr766DjJ1whKphSdle0qPdeYU654K1m0Z8ZOiLMzN582QjmjtjczjfUY0YX5zGWhp2zi3b2b8MbhOWrfLOc/sx8ygeEtVWwrj3vTBKSFHAWtCt03CcbCy2s+ivNCqrQ3gl85GT4iavNjCtc9OjpzRZTdCU2RocK2c6Txg5jBKLBwbbrmdPoLrGQ+gbE8BjT/AIhmyobU7lQ1pP7W2pxxZolKRUkwlLk5nSnOlr/dCkuTyxm0Ncau6FrMzOZaEq21k+VVy6Ib+kzCdjB3Dfeb7aQtdLRpjNNd77U12wv6ZM4dLfoi2arhGyOijFdCTnX0/qB51BSQQX7GgjM4O2LPhgYsLHpbhwcVYycJloB0LRiUL8+wy6pNoJcWE1HFWHUKGtJrApLuOYbFvF4lpiwicsVCty6NSu+EuBts2AtW3a4jrTCUOtrFptxJxiu6QYBelCcl5I+CtR/aWCtW6O5SNajFH5tQyniPgnUIUHJvarczpa71QCpKBhUMObZ1ZzW669UJtS7S7a96VblscQ8VQSlIqSTmgWpdty0p7fKG94oteBStMIfjYHLCQlKRQAaB59SFIUkgg5iDFfBVqyK5qaWlR9VMuYam8eH1jauWFVbeQFC8nZZJVT/LOeJxCHGF0UjCFC8eYiJebeQxWysjC0r6YrEo4pLKbIeQammiqTqifaTOpTkK2rnIUnOIZU5KE7SuSRvmlQtDzahRbas4roUmMWky6s3qHshlbTiDjSsUI/ZrUpLZ6eVX0aIS1Ky7QqpRxdKjphDlhw2MIkbI5zdQgJdms6W86W+9UZaWnAk03Tx/tjcJylb5Zzq8SYCN6nOtXNENFmSTlKTWibI3bytUbKSaFymTQZ18SYGJG2VpUrSo+f0WkODpB1jjjKZcIWg7ldMyxxw8ENqqthSjQA6UwQYQFIWkpUDpBglMq4vBkngl7RfReuc0VndpyF+1MT+MZm3sR6FiJAzcqcwmMf3bo0xNvMmu1VthxHQoRZlX82E8kr+2JdLmLIdTiWOQwfDWdQ+tHRp6IQUqGIgih/YmPB2D5V3EPVGmEeEzI8s5o5o0Qvwia4Fs5ucdEXRZlJRCsylUbRyJzqMMPz0yRlP2LNfezCJBhga1EuHsgWjVSGSdZ267802yjWo09kS5Kjiwzg+RETLrKFYzb+uV7drEvSXK7Ky3jU+5y6RFFzbwBdX+UcQ/cEUUMbbmlCtcDB0VtwKgp3ydYi6jTzSxaQph9SK+2keGrHNTMf3RJ4N1lNm0WS2qh0GF1mZOja/STuVX2UOIVnSoVBhzwN3e7Zo90Shweh1GU2emHi7LjOy5jR0aoX4G+dy6ck8iolG3CRicGJY5FCJ0LHBvYj7wi57zQ39Ko94Yv1so6+rUhJVDrcmjVt1+wRK4d4eUeyj0aBE0C6B9S3lL9miPoUud6dkPKruhhbzq9XWYumE60Mpr+JUSRmFDS8q18M0S7TaWikWW0hIwrvJqELShqXbCbSjTlJib8JWNywLXxzRIYKuaynDO90TimQrhFYR32aIlgp0Z3nMpft0dEKK7ZsOuN4ys7xEJCp5wfdDejj1/uGLLicbTozoPdDSlyqlVKBmI4RqHg404MREJCkqFCDpBgKMm7+JlWccqYWFtuJCkkaQfEQFoWKKScxEZUmVaRawddwuudJhf/wAPnkDZmNs3XiGqMIuWTvdlZpybmJJTJ4RrKT7DjifZeruK5XumLmNpXvm9jP4Yuk81xOJCx8KQ9KvjnFKviIuQ4rmKSrqMXHnR/QVEhMD+kqJGY+7MXJnFcjCu6LjPjnCx80Il2Oe5/ZWLrHmtN9qokjMKGl5Vr4Zocl5RoZq0QmEOTq+IWEe0wytpk4tgFkes4YmxOz5x+DMqyE/zV5+gQnwWSrtrNK8Tae2JcIG6VulHWo3jRDLalq5EisSkwuYW6tdtDdQkq4ziidsD+M6XFdAETLkxMLRbcJFBjNEgCGUJcDScIoDGpemsGgGcwVKSs2FuozueijihIXPKGbOGgdA4+P8AcVGbaLG2QdYjZZV0/wBN0cWpUO136DtkHUYA8Jay2Tx73kMVRlkM2tyvS2ezxVNYJaSlQcIoQeWLpsvNE1SEOBdBpbcpoicEs6RlNqByT0RMMIcPlGkqQr4DHH6WMcSZgKR+ICLtB1A1PIfT8a0i57D3Ggls9sSU0yeKix1xdKxz21Dsi7Mp0uAdcXWkvv0d8XWk/v0d8XZk/vkxdZCuYlSuoQiaf5qKD8REXJQnjdcr8BSEPIaXpaRgk++rvi6aEE58Zec+MS5mljdPm1+HNFK7RTrY/C33wm0sm0mXPW53QKAZhfSFJOgiogUvY2Wni76jOJHth5LTbYqpSjiENOeDrNKDbu87UmLL08oY16EcSO/9x2EutL0Hr5YecXLJ3YzpG9cGkccWZed3m5XzO6EnCt0L6U5yBuxxiFgTzKcf8RO+778/MtPMpxsocKUuDo3UXR8FWs0tugqyt6eOLsPK5jYT11icnj66P7YmZ77xP9sT86PWQfyxdh0c5oHtEXWZVzmynqrDTU0kcAqqvYQIYnGaGhcZUKjnIWI/SFxxPIkkcoxRdxX3P+Y/SCwgZyWQB80fpBMzi97LtD5jiiTmio5rbgWfYlIi5qmk7542PgccXWZQvUlsqHtxRdGVVylSOwxOOkJG4nMX4iIn3pjDKsWBQqVxWtUBLs8Rn3LfEnj4/HVRx1OBb5V4oXs00ooYbG3UhGrphODlW1ZvJNcZ1qhNp5Q2R5W2V3Dzwf2EVBijTucsZknmajDDriEZNpQ2ZHLXbCJi3K27ZwXkVcm94oIbnWxlt770kX02ZulVt6Hf90LKVJNht5fyud/jygwmh1GS4OmLspxnJouw/wC7pENNOTJxB0Iqs+qMVYmVNIPDqqehAzQp2cX6Rso9iYk2WB6CAPEJWCqw6pGdauDTxa4AXPOpy1bwb1Pb4hi6ks3yuivsh52aV/DRi9qqRIty43ytkXy6om3X1aLRzcg0Rbl5bct+UWPyiGEtNIGJKf3MYygMl1OJaeQw6p+W3SkCuTqdRCPBHQq1Rs4kq9Di4oStL6Btm01DncYuW+7/ADFBHVai57af5bSnVRc82151OWGs3o4oS5gmzYtK27XEdaYcS42sVSpJqD4lbDaSTQE4hxCG8CnNhl7f1Roi6OxOmuQvCOq5TjpEmhvFjXnWeVR8ad8EccFMJYtEDizY4uswo8aVJ74uji9CaWnui7U0HbINEzZXSuvHDs9ZWkEVmgnEeIqiemU86e7jF0Whz3lr7IuzyhtrtJhL105pPk8LiB9IpoIkWpWTBxhpGDYTzjujFJqbHlFjEk+gP1x/cJPgkyd22MRPpJiT8Il0muERUoI9KmMRcJmTe4RScMj2qqRC2VNUycFSz8LycFMJ2jyRjHEdYhGFlFq2tdiXxoOgw/RwDKZViWnxJbBPnyzWSrp1xMreQNLJoqnpIOeJGpTiLjWJXSgxdBtSt4TZX7p8eipp2oZRx748QiriMIVIt+VXvjxC8QANcO+GPDcs7XpVmhlbbBxFLOSn11mHfCXOCTibHLrhpLaEjElIoB+6bHgrx8ozk4+NOaJtTyRwKrKvWQc8XOwhTnNME4OUGJ7wdZ3D+R8c0NtzDDg5RyiJhxdk2g3asuo5p0xKrVYNC4E2XE85MTjbydNDjHKNF5YSlIqSTQCEiZdzYY/Vjk30PLZbcx1V9YseinciLo09B7+5MeEPsp//ACEU6xFyQdZaVZ/Crvh16X/mNV+SsXblfWXY+akXUlD/AFkxPMrsDEhDgUpR1CCUyjass6AkZmkRPsIwabIaayiKaKJzRc6p0Lf/ALUwp1uXVwuxN+4M8OKnXNW1b9mmGkNoTmSkUA9n7ryTLw9NNackPuyitX1iPjj+MTuEH8B6welKokisDh2Cn8SaR+j60uZsMwsFY+WLuuJIxhLiVNOj1k4jAbnUDfZK/aIODlArNWyynl3xgCbmh5RYxJ5g0eJIyzvGtAr7YmGJQ+jNWfgomP0nfPElvCfECJ2Zd58uED5zEu66rUhJUfhCXJWW3rrlhPuCLpLc9BlNke0xc9pCxuyLS/eV+5Y/Yhii5MsonSEWVe1MImGOY7X56xdhxPPaCuoiLqsHlCkdVYum36sw4OyLrL/8xcXYX/5i4ut7ZpZi6sv7Vr6wIu17jHeYem3uVYSPgIuQyo63Nk+esNIQnUkUH/3LH7vH96h5yH6oftw/eAf9k4/72f/EACsQAAEDAgMIAgMBAQAAAAAAAAEAESExQRBRYSAwcYGRobHwQMFQ0fHhYP/aAAgBAQABPyHedNkGXT8J0/4R6pz+EvuiTtHxylSn2nOW7d7YO0bjnun+C66bjl8V9E8bnlhyTnLb5LkuW103+exL4PFFy3T0jB9PnzuBQ7Yl/jLqd9UKdmd0Apb43PcDHPCSumxM4i/xFfhGGaaa/Kl8b/jH1wW3FMJPxpBwkI0GzMJq4z8M32F6/AVFdkOpwndTsSpKkD4Y64ddkDrrs9V1THPY641O8GOLHHrtv2pnHrj1+ZT/AJZtzS654c92N/nOxIvgxz27/mzt02jKN4MjFNoX2L7loxcvjMc9kg/LoyY/ENqg+eMm+4Y54JCIX73THNMc9vNS3/DDQPgm2m2G1woyaNkJBgFSYZNgMq76h1IlFje5AIuen7vhD7fyq/yK2kar6L39PSmZK9hcjbtinDXZj1Ccbhv+VKghf19Kg5ua0j/788osbtq31KohdCo+QUqw37X0YI897kkoVDV56iDd14xCnaDJEAGGzA4sFX8EASdM51KDiUKC155gUrLYlFq9olFQF4KVS4rs078yE7qkwc+Yi/8ADAz96DtuEJwI/MNRAfDIneHLLwKVl9hEnAt9oZ6hdEgj1ugrPWIeuTk9lAxdcZy5ZD8bvgqOzIsQfcaqm5D8d2SuymQPGahXuWmI9QQkzKt7T4JgjRrlCtT+tqXzuvUqmcw7n06BMKMieyKLXm5oxhgNHRo+6FJzCH2ogZSl6KoFDDFoPuhJPuF8zfzpUjQm7aEeyFiK1fh4H3kkqEfj1B/HnA4iLoOTxUoJZ8lBwr3ufdmuO5NAlQ/XcmTLmR4/7pAXHFWBrSAyNkT4WDE4goIRJfb5dqMGzYIp8fqLRHVXmwA9kFMk/XM/IjYMbSwNg0ydCuOFNAvfoP3i4QhmCHyfIjnMMgr92HdDkLdWX32s6uSJ1U/E+u103fTZ6fBDMF2Y63Rs+sHcPu5XkKrzzeaewgrBGT8kYbXT+xHDzhHcUamVPRDDOA2Bbi1UGB8MKAB1GewRBcLcNWTRgkPorbJIZIdOwYcEfd1OKOIFaESOqEkNQwzKa8Utgs3YICcwVUeycdQlMs0FIcmIPNShRwtvKKe8GydmnHSjh5PV5Iy1pQP0XFPoGfUd6umSYBVE+74dMWlR8HNDjjE/HBtq9NzyTYMc8Wrs9kOk3HW/6EemEe1/GqO6VvY6Qs0JVK77mP7E7r4a6YAqw37Xp2HT9KhMetkA6ofyEQTBtwByVt6Bo2nOHLkmgSc9V1JTaI1onhEQezswfdPJNbGnX5l0RXngvADNq4ijhlzLNSMeBwiUAMYLTCdk0oyJCIRMmmvExqONDZ4IosuSJBwkFeDXxQInE3JhZdpyUtj2RynxdrVou7IcYgcEGq0+A4hctjlstqm0wyCmEHxl8OWLnuh4q1d3G6hFriIMABLkoyDssWhlHhz8PWZyRtQ2lqhuDdUFMAMBAAaYRsPWwL2GZNgmfuiJPS7CyZgTDnq8QsE1+hNSoMEIFbx6IEHZX6BHYtl1AuqrZmq6AA/VDd+hZb7UPhTAAAA0ZInaybFurg8rvBL+clnjDkwDkh7KI9g5CqWPdiX3UI8od2QnwhUrOPmiBKVa5ccqiAEDtIvq/WBcdWz+47FOQQviuXICA+ah0Lo98lV/52qiBOoDcFgyODDPcRtI3Vt6aDddMIB2nri8bfPHwnjAQgfs6KKKcIAP8yq3MIQ60aDW6qlkPSHiXZc7yivB4CMM52GGgzWgWH7oFXL2p1cr6bEkBqDWHRFmmH6WDsnG88H/AK0VzlNHoYKawjYBegBDNyNQNTsoCtx/1CKoP3onTqr5wOPL3wc+inp/SodiluT9pAR2WnqkuYkQc+XgcQGIQC+U1hPRB8p5teBTXhyQapw+A8SPy+nVwGxCw47ev4JxfBjNaQ40Aba5j+xNdBhrdHha2geKQXwp0yN9nKVG4c8M52G1xFaqPxrz9RJqTYFysE7IauYRU/4htlQReNOmQRIARfrJUoBnvMh9TRncUcI4geX47J3lqBXIoIeMHUJm5EFyaxUMiYUHBmfCjyCwIgHf7jQdepQKjW1ehTg4QIdeN6NdyU8xO/lw6aS3+wN3JyGQ9mCrg06So72o8Er3LElC5q/vV9BMLPq6RGAOaKIcXUOpKRizkrUlAWhfa/VVW0NIOiJ6IC4QHQB6hdM4RyxInOF4OniSRgA0ziuEU4ZLkUI2AgMQDEFcS2hqn0nFM282OoMFNybnB/R1RdaZWaTTuVin3gEPmXuHY7Wm75b2+Ouu/fv4ZoqSr5AuTYJ7y49Z10OeTcB6gyQKAbPan06LjRNEefzCkX5C8LPVALuO/p9CZaHmtoA6uCA0MRGJMk8E62oN5PuhoMQTxdI0CKwJdwI1ZDUp2WJqROd3ZEAXSh5k8yvX+CqcgiuQ1e8PRlW4wQTnux4pDgIIK5DjDla5FZvs79E7oFBmeDSYOacjJNQeUkdpuQsjw8ExQZDiExJJ3iJUT0+rIcIkhqEItgLwADv+UaFBIywMgEgDlkWOGqU6EOyBpJBRmriUX9HHDLoFj7YIdTm5jsdnJDhgbRstO5Hh8CNnh8Y9jhWkCSiPI0wDH0VkSkbZkhvBGLG4RhkuHNDRSFjFietyGG1gQBkAMGHK70HRUoueSkCTpZD5yn491w2JsmfV6ujTnUlk42WAoeDugKLHIDmvKLiiDMOGSPM5mU1Bh0njk+DUFYo+YRymIbA2o/SorSsJD8HQgRKR+p9qbzs5kNccFrGyIdUxNJJ98QXewgMONm3kphAPOUv1KGebFWZ8UJxd1ewgdPDk2u6AMypIPE0PCYq0+Yfaoz+KjdIncCh3blVxSRhbYeKYkshqID5kzepQRNgUHUfWXLKYiiJc2q7soWSAAFgBbYkjryuXRHZA018sqAqpKMBy+J6U3RMDhYNBu6qJSAHTBvoTDMCfU/WvxSBRox/miMnfBMfB7gnmJFGibx2Kp/hXdMD6Cq4bKCG8XQOjNwk4HwILHqEYyVstX7xBZVHJO0JAZqiyXePJ+VZClmgEOCDZRlx1CA0EcFAt5zWim5d2IHZB2sp+BnvnTCYhMfhPLAl/JPcIYYmKc8YridRlJkPDs093ZyH1IHez980XnJQKLTjlf0px1kGJNzakiMsvXX1Tklz8gpq2aMyV/ZcRrFiL/hWmANq5/BM52WjfLn6FHyYo/pLqg5RVBLgzEAc7VUEJMFZx0l3v4QsUWckSqM7QQ5Bk8VVXTZaAmgbQbLptgbTptX2GD7Tb9qYHwBMzmk/vRPcx3zQHxctopzKBZlbWICFVk9FjyC/LUoQas6KuqQ40YNXK8JF4tHT3eHy6P91b28RvNS8kLap8GgRMNxcIRKOOQfvGuynDYPqZsJnhyd65cqhoNQfLllp3z6BoqsSDoeoRTB1wvRUNMYcrRQnrG7Ftht5fGAcb722BYCnFnAV3OgAjRc9Xou6JKaKp4V1M/wB85Bcsgp62/QKkVsgoAh0wHJJgALlFrkByAQeBKXgqDVc8lCxxmJdWKNLIIdPslc/NHIORkaag3CNmrT93d2RDwItbP0exNmYBOLD+wGquDMOZHYMDbAoCLbseqqQkkDkhBRkoz6dTSY5IacqvA6ih/NIxw0M/piwVtG3vR0ZC/ARWGvMCyOsEGTcSYL+46lAAXJ1ldQqUUduSZXUep3VMVRxOxjT7AR/kR9rqU8eBcRmnvH5/0uyccyuEMBGn1a4ztJ5ulkWHgQVhM0wjLIbFDuByKXo7BgWV2lvtVp1w5cvlCGwCdcPyNCiu3fHlzPyXTcSMK33nT8EBzjBJJYAC6IY5sBrpPEvKhJBYIAAR4lr6xwEaLj6HZ1DJBajEAFAALI9gJZpw03HEodJ4O5AX1sgDLCvtK4lGxNj2M+VltEYq/hZh2n4FKXNyZHoyKKVnXw8ZIyLIcAIIMEt6wUPrrIqHyx0QMJt6LuuA2h+jA+yPur5pEGAlQ0mw58jSXFPSBofQ8o7FMZQS5bllNX8GbRtgSm3ImuM/KOf+g7lH6cPVo3kn4d9S/L/hUXvFDPV8EABCsUxlPocfQYUeCY1+itqnCZwFZPPwTsyCJ3+r4/g2mb4INA4UH4u+anqp6vGBSP0HUcHwLjM/1qsouycyfwQ2l2DicfCEe3dRQ1mDVblqI8OiiYhz9olUhXjubgHpG4LbloGDQEJxGwL/ADD5om0OYW/YOyC2tUMsOcIcDd55HNX9k2B4m5pogLCgj6GDQEXDWbbjFeaFvgI8OwDT6RkJJ7k/CPzMwRrS4lJTJLTyv6fqgt8DGGCg2NtE1paEhgAqsCFTv3sMRH7Ap9/WKMgxGoJmGSPVcXCpJux0NE/Yd6C7fgR920JqppruACxBHvFSg/OJfFpB1GIBz0l20GYxTiDubzKIz6rH5I6oUJN2oEdh3dGmkAob/B+FdtJqf+jCboEgWaz1KU8+tB0e0GEC0Anu1VkVG2hlvFaeR5WBqowCAcEgVAAbuS8PSl+q82HkmGe5MiAm1wq202Btlt3W2DxuW02WSROgQHKXP1B6xhyVJu9gDALPF43UVTLoBD7JPEoVYNHlfZyR+BBIqkm5/DXKJ3Pg9JTvJ/u+UQOyBtADQGI0fAziMRzgZhqRfU3XlufwjKfmGqeE+mK1MDROZRLIFTwKDJnTdxvVdPNEHdAEgOTnGBhSH93jq4qPrqQ6pcotAXjIfszA5vCDHcR978KH3+i9L+l7X9IjHp9F7X9L2v6QxAGn/WwPL7vFiK9r+l739IjnnLHZwMsC2GRnRB7fZe1/SBPb7L2v6XFvey97+kSsYkjZyAghOwiwRkd0MWXpHZbNTt6fBel/SHrfhe9/SB59Pgva/pS+n0Xtf0j4WgAjtgYwzANGdCtGVVrwPHsmc4dwMPRdO09UOoodgvQznVXSoWMOgSixXSZuW0OG3bFxlsddmxhOMseHxx+hBaug6qTo6rvdERB3mQx7UjwuKzuz19BYq6ph5yjMHcQqORmtMnDuQ/ZhYuDnF34KV+m/VCMC/HcnbcIZ4GexVtx2ff5YY2YUK5cQg9QFGuVxUzojD02ioo2IwjY5MMvX5wpwEMhrXB6q7hd5f1OeNkavjJVwC/S9Ts+wrQo24z2Ybbj8BDQOcH8Sv+w46t7KxPzuEexqmlZ1afvzKXBbd3eOC7KHbxguoIlFvDqL8ulRMaoDD4DHBdjs1+ltmDmspQvOx6jNjWjYJ9XluY2sQia/LqMPT6bk8SpAsHi5iDMZuj2nInkjEBQjrK8wg/h12bjAwihHADyxmhuprlVuCF+DRaN8HlA+n3KkgCaB8kFlDOYl/s5IeJozcD0zijzXpx2WZskDY0SwI8DoS7dVZlxOXlBOnlSxRF6KDtUHmBcIpyGEjZhw7cszKcQsmNvXJ93ljagHExfKSKYw4bEsTmOuEQn2ErjY5EUOAlEHBDLoWkBKeOEGc+w4XMcYcM38ny3FzQGJjgKprZgSMYcMwZjIcs4TjUm092ChjXc0n+CYIx59MjzVHjnkXd5gMi++0ki+vH+FTO601rrhePl3wNpUZ70tiRKDKuxn8lHFPssAACKF/smKshWMm9xyOFAweGUHuBBzeqhRjU0+SFHTFcwHsUabAnCAbAA2uDd4auT6vLGLbEltIXO35xBHnJ+1LHZttuKJBcFQeyOlRlWJwaT/AFFKUyNSNYUADGyOuJNf3E/sFOwIGDFBu3f0h7xrkfBzChMA4dBdpWMFQjcNrsGGajdxtX3/AO9jNDe/tatpiEOzhQNShOpCnodoGLNVA4/KqzJg5Kl3HLTX0iTuVcfhRC6uX6vLbiR+63VrqUAvXCtSfSB+S0lKERiNg2G3PkkRSc5uy/eRPELfYz0zBCreJFqC0CmQmoSDaVAI18aOkXTS0myXaa26AdeTXCzIIVqDfudu1HwiVli72wptNiRT4xoVN/1/7VQGnuhz4QuMMtQg8GKAYHIodsxmNGndFH1G8QZHw4nq5Pq8txEONifqB8WhYz8g3o744lh4ssjdkJUJ2hc69BVwTrI6IHutSrQfOcnvkBQDABEDPv4aOXg2IcMGKfMyXtw5nAE/NLRvCvZp/wB6ef15CxjvsQGix5oB0woxd/fcdqIOgcz6QlmTBwVx4XliYHl40UJDcVyfV5YwJiiMTnskgahX9h4/ffbLw4FizuK5YCFIL+vgDY9N43LDn++8I0wpzf6ydgk+QbB0OBiGjCjtyIOeBIWNGgDoig5AgELOseM+U6q9F1w/fxBoeaZKa3u5KDsPtIGp62yXvM05zTu4DtGzV4yxX9Hls+uA4bAV8H03s1j0+SMQZLAT+WDrgIR2J6RwRwi3NYP1Vvuu3KxjHruBQ7PXGAcDieG06lxtGg2DRUVOFj5oJpbnq32FVT4NtgKTzGTp09d34Ajb0Mux5ur4e46bOVSnaNnsG4q5fu8t39xl3rrDPoYeUcba9Uy99ojYUpxxl9wlFYWacYeBUXT0D+Gc94uTHTrOX45SQCelyFHRQdMZ/bQV3/eK8ijcFHJR0CRN8lhJxhwQ4vbboc04RIZ42Dzz3tsReQGH3Fcn1eWMSgsFAmbeOyGe+GLh0w4E2D4+5y718x9x626oRQwPGgkH/tWR9YhIAADk5J/Eng/9p5X8d2pZn6Pck/iWQh8ej8VsDuIJbnshdoHT1KELprx0YRxuiOOAW5WLRRCAuBZkUNrKmoQU8f8ASh1dUCbagHeSPF+zy3FQcWP73LvXfHBEneoUhAQ8wKPpIrTxtiHjw0C+stzUGNWqIuo5TcZTw0wA3a8by+5v84XCBg6P1MlIIcLEI30G9yGEMZz+deUEcm1x9skfYAb1rj8uiJKAONK8lYRIdQhYEB7VU3KKZ9yeJ9Plu4y/ucu9f8D2JBKIh5v0q0LBCHAgElwhEThCWAAlynxhjXj8UqckF4sTANgAonNHqpGA/Bue7Cdk0TJziDzERj6F+yCpoQemuoAKqQSNMPdCUMjQFhP0NQnW0U1Nlyj0ILwGANFnd0cZPSdV3ZvhNHR//R5YbVWY3EP91lxhhV9ug0AcS/pQB/qgV0uIj9qlSZzJwY4dFkDH6KRquYq/d4OgqX+YyJIw1adxd1Hb5457vntl/glztzhEfOLwQp34/OoIoO4cP2VDTEx7N8BkJxBiEeaVI05y5eSZBKMUYtxcqS1d607SgW3hr5fu8t3kX91l3hvhXqHz6kOoyW/pfoQzBfi/nmBggLXMeSJGSOicyGW6Pl54oVZiJxstV6ITsOinhZdkJMTMKV9TvDgnnHenO8eiPHAFc9wN7R4xvjItuGgawNA8JfWHx9ZcaMODftQk0zjJjbsLE/og/JEOjprCeeCvlNkWPgZRphnLliPg1HVy/V5bvez6zLvHfGzi2KN5KE3tQeCP3FlMubADDLJZ+iDNMAaMjIQCEJUec6pvBwZlfWJKmq7f9xiqu7mDK1orBzjd3+SHa2xMRtkbtnnZNSOh/Bb9wlE3OqBALDHRiBiSBBEEGyd7Dmz8TTkgcSgG1+CyGFoZD17thDomsjcLfGEMI+3yWMG7JxK3w9BlxhuCyOkTernhSm2rc7uEsEb0dXMc9SUTDDZiH5yNCaXAubJ7mAgaFksRu2uSOJeXIJI2bEhNQcljnzdsF/hXxG0JvlQaqGm5cVzjPZVOGDVTyGEEBTqptgNPAzSV9QcA/co4qf2ahbHgRqEzADOccQE2QU4oO2cdJN4End8cQJ94wRIcYEvIQzlD9cYRMOsn4c4fnswVa/yAxxgknxHQGoGIX+WCIQ5xhAAsRL8Mgdm4uOZ5H4VRgAxnMbiZTkIEyhVB5GQoNg+2rs5f3KEAPNT9AQA3Z/FwUdmWQ4HCK+B7jLOXfTsnwfDQaUqEOxdAkIA7r/cNRCZ/we77ReZJAhmH0XA2hIvsHFFnA5AF3vZvwrD99rcdBUprs0VdrzUpV/Ncg+rHFipASlv9BIVwAqi6Dyd8/uog57+RKfMNQqXSMeIDiW6LLaNB8SN8RvSAQUAgtxYna5oQMFdkXFhGUnAwrwwup4uMYBcFYtVBfgrmZoOSXLWP7Q4yNSkJsoBzwPoB7oFzpMJdkKIhUAYgioP4ShvobfxgprtHPspXOClJ8LTzM5KBZjoFECsoHMoJv4PUtZmUM8LA4m3o6bj6rHny/F5RsAaKTizzg8HCcWE1J/8ATqoG+mdZMEZ3X6H+UgKTCydbU80XU2uRuS4exBoBQBb4V6sFHmfjqmDCGv2x66IYHLtGffCFNF4Dq04b9fwbLGICzZ2VA1maNEDQucGbGh8XjkKkI4IaPvHBsNwCbAeaJTs4kSctFoFhdGZufunoGZNC60aDvGg7ELKMTXcRs0uspxnNPqr13JcbgIA5dCNiEY3ZPM/dnmoPkQVFxyE8597dQLsJ1/LfdlhVtZBGZrFFEDgmcAWQj3VC2AevF2TFEdZySGSRPXJdR3vwIorwbk56C5R/vKeaeC2iJyTubdiBTRCHvI0LVuNqomuAWe5uoVUIwQMgAynvMle41Ry/ka2ZN9eqG/CpcVPckfiMtxKQ6wH1mKR4ct2+0bLnhdc9vn801IohJjXm+0Oakpn7kCdUNwFwyOsRrJXpjEGtiVQbEsFijd01ZgZCnHSN2QBCokFMmJNx5CehmDe0Lcvngkhc5gAAIZ1gL1uuZBkbJ0GTUrR4ndURxyusmmhda79KIYAYoEOKB62uPRkgwKMzeBSywInMcvomcFguPANShCweiJzcXBPTcvA2hCc5fihazucADEFGbCSGenikYIfkBuCETEPHp/eQH0BDjFq6QljYliLFSxYmKXTG6u1Z61/PY2UGzJGJPuHcJi4AlQixLlY/NBPcAckmwQhyXQDvXOrspI6gnOfEmU4SpKqXclAbseGsAJoNhgR34aQfQiYcHB5epU6kI6x7aJQNALfyEmDgkuSMUGZjOc89vzYIS5IatFtqc0iqv2UlQrdVwI7oLfJmXR4gOrY83FmqzgQx4Z5Aif3IZFn9ECiPrFMiBgyFkczuEZJOD9uD5Y8Y3oFgAh5ggdmc9XRQKC1APeyQRmtpJml21A3qmywLk3rwwKikIQsA67YNUBCnFLXyraqVJg190W6bGX5gPBBOH8Dbb1VMOjtHnUAfinQSd/tJjxiLMopSQ8L0TsToCB6IokEAoPbUsEBmYAuH+hIbyqfVWQ6LQIsoB/hVm6jBkH/I/Jh3qz0wCCzgtK0/6IIdzg9J6BEaUKPWOtoXNNgDA30tV0QAAAbB9MCyQMwALkmyZ8GnZ0D96C1wBLM5HjjOiGPAMYAgAfDsr4Bp3DYcRs9tmm6AbkCbpzwBBGScflm9OfqqHcTsvauhT3w/k9jqKFXUzZDVTH0wUDpRr7HIEMeKDpSvBqyRa5VFvyPoYUaoe0kbw8+Oyc2Wepp46pgz/Rmjv4UMzwclu78k3DIdO1B+By2QCTA5MIpS90QaFTxTklsCi5q4oxFuRU9hHWqisKK95n2CMuw84gsdBUucjTGQbie2wVCRBZki1UoFvTBkliAyRwi9Eh2EWeVBXnIJfUHcvpt9MDwUgqtlXdOiEVR4b54Vd+v6V5I1gsnfWIYD4UXYo1S9UxznUIbHTcFwpNTZAFiDxT/EUQSP9woMAroGQQpScolOSyv6E8EemwwZIazxzFDHKDLGn66IcOUwXPE1cYV1VRJuO2lFGouWmCsaF7mAciD8I5GqMmHUXg9SJdPzUTQIkF0vNZNIBNN+vRg3mcOGC3hAI4xQyPClHNFrSf5GIEPs3aBUnQIl/W3J6nNURACcGTUU3LXgxZXP6UQCh+/kxF4wQLfJdd6SrI/ESjsMOHaZi6IIMVRp0kPZpjQ5B7q9A3ogkTeeA3TSsIshs4HBn9DB4K1MBtHYWNqCnCjObxwM8qYKubshpwLFHRkDkPWiE0rVl0+rLTaSS1T9LIB/bYT0QwGS1W4Ob1w8qzi1ESLOv+cHVf2C/B4AornJHk8mUyYlYfYQsVnaTapoNSnY4B2V/gs54v227U8MF0NM/AJg9sAxVHMyvZ/TT3osOOt0AMzoVMhQmIyD26kPPVw8C+hCwVWgiPuVPz/cFu9xDhtHpvw0G5vslo+fKD4L/aVwnOAE4gPjqn7OPGORFwjE9jnEAgup9mAZzqype16DcHYIbuJciCCDZAtJGGNEgdZDumT+MwHcsg7EUT0/i74k9iA3+93id1NeCyGasHsnvZ+9pdG/7uU6nrl8dOa7p+iPRMnaM1R1AUfxYH0izEHT9a78xQyORXkCZWPjnsUJ1Zsu99LM6b/X2odNHxcsITVBoZnWfsjfOdB+u4TzWowKb/SCh/rTA9DlF27kjcyU8J0Uu4ggGAbMjQDGBYIft541zY7hNMXooQ3MsboW4UWGTmV5QSIDkgAD6Vdp+TmI+o3UYjfphno2mpsCK7T03BrtSL4Bl03PP5c01x56vkXTebLLe+TUN01HlH7ugshSflqRyYRYWKbKMFI2GqjVIggodZE5LQOdSn53+bocGI1WsMY+vnOn5pBc6D3WRoU3QrgRdiby/wCsNXKRPWsKZXfyTgXrPkU2dwUrAeKkj154Kco71TJ1BazPeC0yE7tfJAhp4Gzoh/vuqCweVodvHQ3arX5moBo2KlL8Yl5MuXKDtjgADAAQwxrV+GJxBqgbIBQAQEbkYAOnOkaw4i6gBF3FYgEJvs7qeD1XM9H+d3u28p3I8Nyht6J1XPe02hecOa57oTIJFQ5DUBYhOKhSddqzEnGfUf8ASeWKgtBa5mir6wIat1yYvkgvc2AIcGadrsLse0hDFqhgFJPgtFeFBPyq+gR/rzkgeT7vSSprAEEOecnQrumcR1HseSNbj8qzBzX69lWAphlzKOCBvs8RXnyZ4+E5zT7nsG+iy/vVdxUvGKEl2RUSUbYNFYU3aKgc81FrMFHf6ttnBjTfDUBynrk5dVZkazoqsCVMZq4UKYT+jBPqnT0WU7D0wk4c8JfAzjcSicvn3+MB3AIIMghTe+a71f5Jxw39I0Bx6hT40pKiF27kCO1pbCGTSgiEDMXGXmqJBlkERNfIkTGF9qmBeozwLhWi4twOYcwozGX/AMJ4lSE8BbX/AJ0Jv7V7N9xKzdSHni1cYVQ5F58uIEZlCgDexXQAJhTM0Q3IDmg5g6jzR038oHHY1DMDahkoHQqWN3YdyuROqCANDKShgpoBhxOZ13D7l5G8f8Sc9hzgxU+HtRkYRc9BDeOYu47J2YQ9DOXAkH0cOdzBDAyghUGwBoO8Y7IQqOvTY8nZU+zBMfqWQBIBAM3BCF8SiCQyoqMEk8kWOykOXqqhtfFnod5oANyxjuQcQMZKoZprUws7JoaUJ3skYWUPnEYuhLSUQJuCfRcz1hwiECLbqfep3iQ+SI8PqiX+JjcoOFVkQhSXHI+ZTS2A/o541+MDHNCX2KvKkbYvlsOcTw3vDdct8QCGIV+Gs+0TxgoMBpp5w1xyjSnUEvtyETNKcCFoaN9lhA1KhEcz0+SAAPKVi41EYs4XAsi7286l2vIw4bhlAhZjI0e95p+T5R6JQL7PEJufS98gqGSmDnVr1NVQIJVHJJgArT2ecD6odFM9RkHTPwui10JSNVVH4sB42QApgIwzwUONMKbR6qQnOW4MNuvpPJwnLcFo+J02+m2ALOq4daXZqzyiJed3sDNN3K05BFrgmPZQCsivi+6oxdFjagvkQmhDtIP/AGnNCSwHDdZEycrPJcVWEbNxjAXJKuNwGfT/AAo7bMWkCA8qri3w/Uo48EuoeiKg3FfLuJKHOYiBBEfLJQNx+h/tSM/s1hA3QMoJr487lN7ShtAS0lcaq8fuU9PJR5iTiYpsoy+M8M8xQLbsPGyAYs8CU8HfJO08DaKW23GSo/w74sc9xr8OERwAlxLck/jvQFC8gl5DcgDwQ5cs68GJQwODObAubQuuh6bXDnWCHe6Wj7KOrRH7UkYxQWrnqeqHAnC5E+yOehwKUI/Tb2ItKH8awhJk/egJ2Q2Wv1w5MnV2r+STI/EJ5Zv5Fk9l6YwAJTAbdxGLl8HPxhFcDBWv4PXestpoCHEIkKEOnrVIXsRTgeOwJl8rCknCU/I9p3gUSEknqnMIDe9COXKwpEx0Y7peWi9gRREEUzT7kGQFQXpBNujWi5Y9dzMRv23Mbocdm9N313HX8D1x6rquq6oDY6obZ2q2wqaY9VlCpbcNKamET8alvkK2+TfCTuHXZY57zqgK/MPP4QvvxCEumO6EbkwpPxXOW8L7lpwNRvSY+G+In4yjxtgOFcQgcemD7FTTAOGy5Y33SjfihrvzycOm8PDDpg1cLGFZdFR9htFy3Bj88zTuLfBGMTvc8KvKY57TnvXjGT/wfLZDbpqp6RvGnYAVWTRgrg07gDFpOLfEvhf4DfMhX+ccvgxtX+I6/gyaIVri8Yc9nmhL7k+mL0RKam51T7J53r6bajfijdB8lkuu86/Ck7nNOYxOcsX02D7V92DbTfCyn4xL4/W4fbZzsPKvXbZRuT1xc8XL72+JV9zY/Fvvstm+9uhXZ/3bv8T/xAApEAACAgICAwACAgIDAQEAAAAAAREhEDFBUWFxgSCRobHB8DDR8eFA/9oACAEBAAE/ED4jR1CxCHPR8QvQ+KHvRxjIbVEnWhmesYQ2sSkP0d0J9HFFTrHPw+G3opTWKnR8JTPaP0fDeYQvRvPwWs6Hzj2fMLWsykfoWiFiEKaKuhOT9F9HLJR4RwqwtI5IfSxLuiH0sc5+LEoo/R2dY44P0PRfg4oXo/RNSfo/R+iUL0X1huBOcTPA9F9Y2ckvouqJfRQOiidntE94/guGX1iX0S1ifDJcF0X0TWi+hNn7LbVCbJvRaJbL6LJfRL6JfRNF9Etl9Es+Fm+hvQ28X2J+Cydjb6EH1hfRLslDbkgSkTUkv2DnI3ouy8X0X1hTovrEoXJKG2XBNsTcMehCW8Bt2ORTJbJdF9Dngn/aLglvEuiX0Nwakl0ckDT0f9l9Yl9YZ7g2WNWPTIfSF6Rcl9E3EIV8DUC0TKZ0W5IcMvwTCY/RKOheiZTJfaPaOFRNslLMvtGo0J3a2X4L6LvWG4OA/YWpJcaUHzgkU8l3R8JcaUE2ZvRaSMmh8xXg+HWj9HgM7/H7HzQcdYlxolHdFxrH6PePaR8PSNaQ/wDE+E+DfQtkHwoguGfmPiPh8JJeI8IWjD0Yvr8HLgvrLLqjgu6x0RWiyzaREaLLGndjk5LhllwxzwS+iF0Xi0i5Fo4LJUF4ui2WWhmFyPaLcF9llzosvrHGLsc0cllzouCxJjnvCy1Fl0WWQ+y0kXJfZY1JZY5ouXYk0C3IfY07FIpIrZD7IbLZdikh9ll94YmVCkh94hFyX2X2Xm6sd5c51i8ryvsvskdYXG8u+z2b5wNwXJJMXKsvssTkvvENYuS+xT2amzSFPJfodl9HsNM/WCxTyXKs6sc94h9jwWiLkssei7sakvv8EPmHo71+HGzc2crEIWiNWNTi/GOULRojZoSgiCRr+uh6OA1JxhaWLkWliKeEMurHxluBsuEOeB73i7vFlkyyUXDL6OUXeGS+jReLRZZaOSXTBNrTDfktFyX1iUfvJ4k0Yuz9F2d2KSy6scuBOUPR2ShvZZcsuqw+B7RysB0sq6FzYmXOQ+FsRusJMvHLGWXRyiaRFrFlwxaWL7Nh7ZumF3i+zgvrH7EnR+xp1hHl4vshgvs0i53j9Am+mWX7L7xvshot4h951NFjUjvQ1wYDbGO0iGi1hLwPaL7EoLuscC8FS0NZZdkOdjjbNZP0EKBESXQk7w5YUpfgSmMY95o94hwfs/eSO8RrDY7xJJs8WdkUw1Il2OY/BdTgI/f4dNi2i+zk70QsvRDQ15w5LNIeJdkPvC0aWP1hyQ7x+8lsu7xrHInOLLkenj9HQ9HRy/wRFyKXOOiFjkufxiJIfeEoxcl9ZsuUOeC2sNMfoesLHz8Ff4c/hCHPWO8X4/C+yIaIqMbboaZyRixp9kBqSH2X2R5Y/A9bI8n0aWjH1qcTHbOjW3i+8OeyPL/B9HPZfeLjZBeI2cuydWR5YrRL9BDhWX2X2MERySbFlxsjp5h9nI1FjUoSZbFcMXNj4suRZh9insucc7G0aI3Y08Q+y+zSxff5ckPsjZZE8kKip2U8uXpnGy4QsQ+x+83dnDsvsu7I8sakeiL3hdVlzZDZ8P3k4HohHLDyEIvN3izuse2Gyo0D2zCx+g2NXizaRDoU8n6HtEbIfSx4b/A+C0QiGyCPLIpDUJjTxCI1ZCIRCIfSNwX0RUD4yoiSNiUEIYfZETiGiEJRhreIQtIieRJlyqHWIpjTojZEcEI2iGxl2X2XOsMGhp3i+zuyH2Obx9wssuXZFoioG4Fa3m+zgJBD7FoUAuNl9iUEdkOrLaIfeUcWzkSLqRGiyPLxD7L7FzZxYspJND0yOELm8QP/ABIozZBxWYXRCQtbxff4QsJaEox9/CEeSIk7z9y9EQmQvy1N4Sgh1hY1n2IqBISgvsak9hqxzeNQX2X2fCHY1JCIbLA9YjWENcGxKMc6GpGpIWNEWQITZTKH7ONi7sa2QiEchCw/sPY5YlCOVtvpEXbcL6xxthf3YDR7d/q5tYMF27+i3+1/SIdZ9K2Pkx2R2TxLzf8Acm8n74b/AKBpx9VYJM02dvprR5BKyEQiNEaGpIuSBB7DU4ikRbNrEIjyQhuC+8QkRiEJQQsJQiD2IIt4+kN5hZemReyNEWhqfz6xD6QlouSH2RqhL84WNY7I/CER5eYRBFo+jUkeWPTLhD0NTjgVtoSW29Idbz2ufpH+OTaOlC/yWaRhNy9Ib4FKvKQvKf8AG0SFjiOvSMZPlr3+MqqdktfohE+j+7BEkq9LL1r4Y2cM+VsQIyCmn9J5uhPws7U96zrLk0ejweUly2ukLTenPV8J+E6NztnKdlkdfvtT3vpHWVep9hVe0NerW22mh2UQs8/g1JRrD1+D08Qs/SENefzhfhCzH4whaWOjbOdD2hzwSmeTg5LocjQ4R5O9kI/YtD9nZrbxbkbeKcGkiEimOJJNsNbL7OUb2haWWtCVmhsQu5vpSWeEHXyOnL21+4Ga7xc3paX5ZK9hVfo/Q5j+EQdgS0962JUVup9aarfTwh0jqsTP6BnZBveETjZZHVWLl1QvQKKf8ZQq7kTHPxCfTSgrdaJoP6WNmGbNxSb+/wCAQUZF3cXFouKCleOkl5MKceFNDJnt36+n430J8X9pd+Rcs8XWevPHvjRMQp/vUp+gG5R9ql6kUZtc8+RGOjFmuLkl/diV3j4csSfZVUNxOXxZ8wJ6vBb0RsTbaIR1Y+cJ2PFQh7fo4KeJXZy8aOrKHGyWBQkXOHNYWkV3iUTqz6NaJRA2aOd4brYlWy52eJJUrC0Lwx6NMcckcSLk+j1/wShz3l6G4JSpt315fm0Q8oDove1Roqm/nZ9v6WcyCaTX2kt+qoQHFTVq+O1/ULKJBLvVvbdLTZsFcYRKxDmINXtIOUaXzoKfbZAjIWSld3/AEdGalasOT/D/AAbbtX2lzIE09MXBsSGeJvVboVodh4JQ9LeUFyxqn3sheA1wNkoE7edEO8sP3FN/n6/maD9CEkOCm7x1LUWQ7SYXV/01iaemfTjY5neJiC52Okcuy+8r2Pkuhdj2h6Ho3I/Z2fWPaOHZfZ2dCnnKmGVLsuMXG8wsqwtEIesdMbRrFIej4oJWKzUPgUWfrOURoTkhYUdGyUivB+ivBUleD9F+CNXJfRU7Nwttly10cCt+W+Bya5O3wMv5A/OgtzBJV9l/Xuf62aCltdOJviDrdLTb+ojHW6lKRbW91hYrDX8IHgflBBWKYjQZBPtCW20Uyj4ivAoTbRCnHXebPX6egaci1O8re+NT6F/NTqW8PXc2P0P2Ub2CE2ku00RVXu/Dvd62kJyKft7vs8FLVkw+fSlCeguEk+nKOyRXgtV0bLTUYRmm6TaPaRMheJ50bV+NrafAnyEi8cc5XjQrxjWj9H6CerP0R3GeT9HwSgUcFMesStleCimOsSkzrWCjklYUdHbrH6I8sohdL9YY9rDWOFRcaGnLo+H7D5WL6GS+i7CDwkcOj5iN0MhYX4gfrCSgitHgPg56Ph8G0th9y1pJ3peUvgNzdbjRfCn8bSwq6TUEnu47FUxejMlWvD6p/QkWLR49DI5drcssUEv9tFNHhy/6DYppaTfZD7GN7+3b0uRWmZLgCfr70FMdQVTI5NS3gGiSkTMGROfE2/wgqrYneJFL7oR5d+Le3en5BJSl04DtKv2pLz8Jf+In0oWv5qCLQ1K0Q1pkgiYkNMc+Cpe5p17JvgXygtEr0THoEmU4G+jKFfJIt/NxENn7ZOJMu9t9WFL3Up6LV66NL0S6+NXlML6QGkdymuGXZ9i50L0b2sc6HoSgemdHFi4o6hY+DxPhCId4eiHBCguqOAl0PBGE/QXVDuaIgkjZH+2X3g+TVXl6Y6ZweniFRywK2VojyyrFHYo7IRsfshWR3ZXlkrErslFVZKOXZKjZHdiren19s1SSW2zgnrya5c9XIz7Xay0r9J+VpCNStpCqKxMkGki4WJbbk3ycCjscTvGl4Wr0kW9IkNh69BP5/AvbUc+H1KaQLvPf7o87myeeNOESmuZ+mberdcn5/WcpLZhx7Rf0Gtp/0zAVLELruEFPQcz5yiXx0KTUttR6b4dpvoSEMoo3ixqnj/vsUVN3x/cOkTYkhWmn+P44TRjuV+IuadJWv7tR2nzAyNR34sLSEGEtYhSXkP2OjlsSRNtnPGTLR79KL7TXRk4KXi9HRbrYuwIqdjhN116iWr2aXkuYhNY2CFlwxaIT5IRATRQ6kjeCNZcckrEoS3eKMFEIoUcC0NIhFPEo3JCgqrOUdWRSKqz7h+z6OWthe8Cak+4Tk6seiccbP2H3FKMcKzc2T/tHOxuiF2GzbRRXCXLNJLbIOpHZ3aFJ41F6Rvze+pbiqpeeafEmGItWtqP3xcvkiINhKNzZxQragtrnla+tAUUSjNPZZYc3bV01tfhdCls5Gz6ug8qyTMySx92X4JBkmJVPoVzpN80BpX7VFNX/ALh6QQ35n/ViZ/DYoZd4HSUtwixe/SsQkjk79fLGB/2cg601B/luTLVbf6HEhVS6NfWe+1DIeXmkF5JtJJHEl5iycFz7jt8jTfhDXW4rOml2SnR9IQlqIVl6yrbm7LJjqa0/PXRVhFsi643nQIOYRGhWuDCGWVfO4eX9Y09n3ETyeQjuz6ex7Yo4NxY35IQ1DbFPA47xTKQI2dXgR3ZG7KOymfcVOx+zfNG9M+iK8YemQs2Q4Ntmz5iiHRCZC6FFC0VKIQyN0QkrIuR6IRfQ1OPmGkTstlPvs7SBT6LtrQfo8vgi2dBCW3hdLpDU6hcDrsASjWkWSRGtyUyIf/fgTHw0Wv8AbpRLx+rqEFHp1XbDRJy0iVJfk+Dc28y0q4Z4XUI662Xu6I2M15iyWc6vZa9wbfct3mNmPijQ4uR20Rey6gnxTx5nX76S4XgjG06/ClF1Kn+3Qbz9B/svk/FqHdedmX6DrhNsVyC9vzJkvFS/9FPqONhWm/SW+mZc/X7ffussGPIN21/cXJ10ZSbnWkY2FpiVNsP++SHwnV2WEQJyeg2sRAmmnTTXTWyKuklNU71ZWq6Jm604SjRw0M8ikyOGmrRwlpkzZXXMtfR5CO3+X/bjn6OXQ0oZCzhGhrkhFDUmkQjbHrBbY8JRhxycvEIWhqccD3BCNhOH6FPQ56LPMD0Rs0SOxPQnOPRtKh8Zi9YWswj4yBKB6xF6xtV0fw2D1I2xh+bWWEOKjO2VXiqf9ZIS9xVkJ3oR5Us96E3wHa8ETJRumP6pRfASTpOe9rl1/hetUdpuH49fAopcFtrb0lCC/nyb+hqBrtZU3xS7zV2Ew+a6U9uSRB+fdMR/AFGRt5pabUvkmrcIWy82/WijMyrXl8/lxfV7mqt7eIT/ACSjEeWLOcawFppq00O4nFvE1KSfCBtoC6/O3kn0UxfpFEtJW3wqEiKGrn6hz8214Hnpy/K3+a78gyZ53yV7AvWocRbsouvX8q4neKbZjTlU0z9goQ0tPj42/hLfjZJvJAzsgO2kLrNzwMmvNZLxb6Jx2kymi5T0/eh+z1c3vtsl8GfMKzwEITgK2LbGpOxQQW2NSRckLo5EIhFw8FZ8HKIrQks7V8l9mjopkSR3Y+cP2fRRNj9jaPpKKneOrHHZKFCg+iI2UsaWK3iE4KYmWcBHbd8JIY47m/x1tONISdxrGhhOk8VloOnaabINIv1nFj5kX4l37YIg3XhUkKSS6RWpHInNuFHT1fxIaQY2wKRU2mQiKSqpS6T3jVcldysPXi0xfD2FL21fBla8a+vyvwWzYqM41NeaPc4Zle7hJdqKrwn/AODsZ2NP1evTh8ogcsvaxX/NGhCBx8An6Qwpptl6sN01CDD5sl8XaT9ptDH5WNNdql/bsgUwaJ2n20hJzApuXhGbbwxw9wyeztcs/i582VIQUrFHkJbENVdb94CD6zLTCw52VwJu9duSZK2t/qlCxKaKXJpNJdbbgSikJI5HFkolDKw47KxK7JRUMlFKRxyIR3ZCG12Ssq8YqCk8ErDcF2NwbFpDRg3vDcGsSiULWixMdH6wehSwG4LLcEtCeizDZOxKttqlMicVCLstd/mDhzwvPp+G1sDduMaN/wBg1Q8JyNCSJJOEhRYnI2km2P7sZ9i/eoPAdd0ULlLspYFZ1M5OUpvx8o2QG1a9v5oF/cLifPjf+oLBrc2car4U2l+34u/y1NYvk9kL8EQiSXJ33E2ttptKZFdZ7Z72PdQjtuItE0iSXVk1pJdmbrVKmLq+8HLy3EL6U/xP+8idZqpurWTfs7LgbmczxAs6Ymq1Dmr+GVD1FkOjUFtO01TXJb7Fvds8Tj9lLSF7q7fXRNYodXf6a01tMuUJwjpNemTujgbwtHopCcHkOrJSGhtE9YlMehx2btM42SkddY2OjSzHgt9Y44HPGWpyiA3R+geIWj9FwX0iEIh9IjdFyMs2RehzxhzwfEMcdSSpbla0dESIgLCoy66W2IMGylc7Z4FxuDvCk7R6/Sj/AJDhPOvIvPXxwGcpIw33su7+h1WyaiSX1k+IqB7pR/m79xsny22227l7bxff/FE8koioOXZfePeX7zJuuyv/ANVkPYETm9Nm+b2IbULzc2Xe8r60FCP0ENuDn+gjkXlkf3T6JBPnz21ehaZAJ6iNOicaRBKoPSEKlqt9n18zVzUmlqN7dRJzh1Lq3ok0iaxejljXkhEmgUgkQ+llfZJvDfg/RfeIRDQxM9hzZZDXQtDlPWEOy8SjhjrZCHgVGPBCGim/wqqNkI/eFHA9PELDisFUNwMql7XtbbgI3em2M1z49+ghH3/QqaiDrglN6IRwt1HHVe2EgRUSoO+bvb5gJ5/TTj11uUhDCYlN1rb/APvYx99u3XXEbuyPzhf8EolEVisShZck1KV7bSOGxd7zwNrifvjTGctpnbaddyfhBLzcSTSvGlvKa9/W14/g8+kCSHtrE5FfEge225fGT+HTJ+vCDfvEgP5iGJTdHn6eKrOqfgHIKUwZHdj0YcoUOTUUVdmoo4o+M9j4fsP+xxZ8IYbRUY9ZplELoq6KOkV+8DY4XBRk+bKfsnwyUUSiUSirJVkqSj3Qp16SG27Ey/F28XZBT5gjhJ9SwtsNh4kf0oK9PctlpaXxESKQqynENai2UEG+Bv7POAMdJIu8dmyPOXRQlxJJoo/0BIfVLKalQo3/APZjMLcGWVwvwhYhL8oWfSZWsUQiKgghEdEI3BDyKkzllrSYmmm0xcyxRRNdjmWzbAnqi2jrv7CWUvb1OXhykzSQWwRarSn+PJVWQDiCKeVrD75XYd9RNQminyoYpf36Z/y18GObRWIS+t8o4ZKKKQ4sqGUVVkqyd2VOiYSJSJQiUUzsopNmkU8PpKZQ40STshYh9I60X3hzeHmzjF9EvtYXBaRa6HPBf4z0dH0fN2iKIl8UO7YuAkELRdNe1+VCJMOXTFn/AF7ta/SrMTpYTT93pdwFO4a7if8AjA2LKSaUqWpbdvSGKmxddelD40bq2VFHW6121Fc/4u/0tsGf3Lb/AO/cTxD6X4/rC0K8QP0d6/KjWEu1mFlaQtBhp+16Rpm02mP78WTW1vy3GrRev/KX5dDCFeF2LS5Ri6yQFr/dWNgmxvEqCGNpZ+5B+8dGR/rKz4mOp9Zq+/lGRdsKVyEoHxZvnHojyyFh70dDfZff4aR7I0RUG5sud42+j6bSNdHsQ/BY54wtrEaktl1WGpy4XBFaOkMX2fBKDlEohGxzeOXZfZvs2eE2b0ltsalc64k/C18ZSe+aAQC0kkkkM191Gn3x1/CELBrW8/n8LdiproGYTEki0h4CGp8ORLQP9Aa9tVHVXoa304Sm9n1o1aNx4Jc9NPUJ6VHFIbtXX53bK6y9C0vwc8Fzv8Hpkb/Cl+bwbShjxP2eHsIl7MNkkqv7CeiIisS1FrG/+ge59FpmFby3sVVxPUttpa8PQQka/G7P48ex199im9S/Bj1HUNTVqO8RBYiYionozPYLkWfa/rbZ4MJIhdEaIR8GlRF6IpDiTiyEQiELSEh7RGj4QmQj4QihqRax5ZB8IRUrFI5MKZyqKgak4GIQIXWIQqZWyF0UjjRsHwpi5M/Jwpf1dCmetKRRehpLTvPnVm2fl7N8MVtkSX+vRQJaXQ4QLy3mIAlqeUvXj5XHnJlYZp3N9Fc1b17Q8efrFohC9msPufzgSvDI2Rc59lyhqcdkLPs+l9i0sM3snozx20V83ZcKvgaDI16Kbb+0OfIg6XFeqOR7406E9njXu1j+8KqmneafjE2qQl5a6r00M+W1T9wrPi/RSBbuKuFKbUsFZR3JolfpiZUPFEyh6KRSP2EI70QmUQiF0dYsFIsCWkrRWDSKU0OOiArwWNSRrL0PT/CV+D9F2QhaFpGx6weh6eFPQ4KU0azUDvtf6r+AmVzYoyR9VE4VkZVVe4pW/DyYLEh010zu8Ijh56bmX4MlmVZpejNr2EcH9lSiVrt0h3FpeZwtJLSWkkl+M/jr/gZv8FHZTNkolE5pDaxKNF/p/wD72oOnwXSg+sn6xKPCyWtzbke3HnJ/7/yaakbYqgJf3u1d+zXoInwe1JEq5prrkoeSVphnLpEgbuSmy5Q7/M1x1byptCUY1jUEI5I8sesNT+HeFojeN5Sg5F3YtIWlj1j2OiB0T4ZGhu0NxBUE6wlGP2D2RgLEI3JohMjyzyyKhq+CWx+iO/WXeKbt8Ij8jZh9m+k7EIlwkQhqRTa/SVo/UytvFRFQvS1+EIIBfSJs/wBt9OGCb9Kaz0a/v/ItL8YJWN6f5aITEj7n6M8Gi6saUtpMNR4NOtZS0Su4iJ5HWm9rJqb2vOiu39tPa/qrqtNHgDKvnlku8ej7COSIPTTUNehaRwnlER9kROsffL0viYqPLIDjMJEYgIHAbVPLCkiGiEzeiB7ECEsJSNSQL6HrDhyhrRbNaRcusfDsZcKhy0KWbg2z4X0PTJdDadCCnnG0dvfywwDFpN8i/VMXXHCjICSb5HA1A/WoNPibdbheklSWmS9yts9WddB9+5ZYS2O227beL6xfRfQvv5/Px+fg5NYnZ7zZf/Bf53q/njykOp2a/rQRWKWEwS79MCaaUDQlLD0/TFy2x6brnnsg1XvsFpHeKQtLG0jl5q7JWF9HZR2eQesrWHrN9m0z4/wqhuMLSOVjvZPhjUnR8wuUQH7DkHpnDI0MPrn2jhjeFr6QdIDCHGbIFaiWSlki9tuEhehoSVBb1qzXhJJkfHPaZ8TCaKaGka/8/B2klbpPsUnQRSGxia8E6OzeadODJ62rEp2tYKKONRG1GGj4Qi5jjt37n6PoyD2bWYpSPmCNZTbLRE+IiA0L9JETG9PZGpCcYElN7TRCCwYL76tRd40H7M/NR1BhNUr6kYbbWlyyMMKJLWI0TmSjROkg2U4Vq00Ponf3RfwY5pdjto6GnCXXGn0IhI2tQuq6aUwZuRDbSmfU2UdjklD0xvpbX8azPIu2/s2aBlagZPZb+7OH+HJvaOApMbRqKHpk+GTtD1IRuKNgmOCnFfhWsaishNIcck6TlXeJrZCJKRHlkrvEohHKJRSOLeEpD9lVZJKQ3BG2SLTH7ESETxlxDTewx9F6z3/PBuEp/kMaOK6GfwE9zDfXx0tT32lsL2pGN/4m9iqDTN3KT9JFk9tIknp5xf8AZsfUBpuunhaWKY1RVWVGxtCalO8IkoLcodpPZlFVZB4e6RnRHdlIlEJko3JdFyilpl6/kVMnMqiuQd7YTWe6dlOXZUlQymNdysUSWnrD7FeQJDSKf0FCv/UptfBCiZJU/N8eI1YaobhmumxKl6n0xPnj4lb+CcH87v3Ov74juyikSlyUUyET2473j6zRZRUEobRSKIFQyliVO2dn06N8k3vNxslES8Q+8cbL7OrK2dm3sSaxKPTw+Rz2OZ2NbncyL/JtR+vve1HfKWuqeXtI5fgo3fukrb+VDuGrSbFl8zVWMKji9c03INNqEjaSV70reIlEJboNYLhfGLnYj0t3v9NK2aE/o4ZSTSYDfJKJp2Mm1chKHOFsd2RHOV7Ga9kDoldkxtlCci+Eq9jU60+S7ny6KGVBUlE6slH1YqCTw5Gxy9nLdezBNUX/ALsvhidvIuHp7y6a9IteSMkbkSh0xPDY6Wv47tCl3MrprTU+ykos4sHxyrsoXtE3BKJWJXZKPpKzKJR9RXglZeJRU7PqPqLadDwa3X4Qi4KEO80hKM8EL8pQ+Kdv9vShgvi65vpZB9JM3pNv2vJhjTa9e6Kb+EEYbAkWanooUkP22D0mt2k5VycdXBcJ2tu0oip1v/QnGB30XBJKrFe5Hoj2LYIv4ypctuD3jF2rbaNRgZ1RvC9LGOInDPDW0Wh2DZly4tlyXHOjpiJCEdpUa+Smjhicia7Bl48yIbkbiu3oWVIwumRzpcu751TfDDlCxK+YjLyCXLeUnXPTCNkoZMeodn9+LtO+1JU8tME9/gHb/CfuND3CxOw9L334ikKf8rP6Hs3hO4shQSrv9gypPCPr/L7h6/OPLxOsUJR+ElHUHAHKWKqx2OOyUVZ7KRTQ/YksUfszJsfsK9jisM/XLeXn6C0ZCLITROz5npxF3TfqLeUpFCGfd+cGl8kNfZfD5OtxMP3/AEjJWOsKrv13iVgfkKQtTj8jvAynlf7hHTwjJdryIuLda+mq/hxKKkXZaoq29J+Gu8P2OkLo0f7Dr+EIgTQYTTTTTj6mNZXZlF+htjO/Yj/gjGfDcW6n27Nh9tNB05CYv2eOiX9FKq2prLo1n/YXLKba9NO0OmaYqoGlppj6Ls5wQgUypViVvFIWkQiCV4QIVYUd2VLxCK7x9IRFbKZSID2ip2Ss8B8Eps42Nobgdold4+cj4sTk5RLa0dZqh6w4y0/X/cK2RlGQh7sJCU/NBty337S6oSSSo7NzfhsQTBlDnyqD6tL0kJP4GNm5fLTN/X+JajgVJK5w/wBEdP8AGZKHr8HUUISjDqH2ckaHJ5nXP7CaOkyNInKZTE2Kb2puRLtnI067rb57ymmhib6xXso+Mt/r0P0JaOCKgucM9IXY6/HRQ4QI4T+eFaKblKcLl/WZbhZIpwPSJeAkVI0wTuHBFpPC/KSdi1oIBULnpPd2qLTCNUu/E0VTc1/gg0PR0cnQuclohdYaYwiNCFj2DrZ+8nBSw0qFrRApjnvAm4w9DdTnrWNrCOTjZKsvslC0PeHpitFPQxN7hX7na73HD5294nZRKTSKHUvNRfBNTiG5tL/2dBDcXpptr8oM7h19Zces+zjmPL/4hi+sO0/J2JCHv8L05HH+8T9jbPo1KaEy3yfH9pg9PAbfkm4Kf7dMNSQj94gd/ERAV0KuH4Pdj2jJT9tWXgV6FLkozN/fgIB7u0ooRNQyTFr0kktQTq21RL2+d/Gx2b7tNZ+2+eTguF/Zi5HDHLxrAudjD7FpCmzSEn3jsuiEPQ9MvvHVluM/EbRCJ8MpNEIdIqT4VVEIqNEGhxoi5EQhUsSjus9mj9Mec2l35ULrt9jpV8r9KUJKKSFSPhzNV/VNsbdEnwzodSHLfH4yOtLC7ln5WPpQ17+xWtGxK2KIqcD2atS/Bgz5+K6Oy+hc3s+6XukBDNHxgpWIZtGEH0YcPIwHHfCv6cXYVaJXY8E4B8Hn/drmsVOGcX9RkJbm/eg5k3/bB8mMtgonTxXdKrdwwhI4R0nmbfCOAzLGyPtpNoR/1Y7K+DhcZY/COGX1BPisVLrE6cH6O6x8RxiUiiPCK8DvgWKSTmA+SfA+GiU8fDWkPTzWiqHHJ1WJDihaPhqT+IGydHq/g2NWp/rEj4OFwc/Byj/O1EGPRFtPPUsD/BHOj4UiFGhFWsNPh4GKOiO0gThDIH+HwhCVQ1j+8CUFQsLGra/B9nKxH3s+H+96HSJ0dEWsQhmjdUauRI5iT+W6Ua8CS4QhEonxp1+YsHK2aGtvH0Ts1q0T4xrdGkRtE5cqsCinwU+x2biiET4Z8N95Xx432fHi45KfP4BTOrwQjhHKHoeiByBxzltFIhQU5xELZZvQ+dLub/D4fNe5Tmb9FcyQbDsBXScolhXLgVFEFW5QE4sv9p/UgQjsvldYHp4igMJl4EJkoldkodPL1Cytk28+1M9olYqGVK/BOf8AgjJ/7nob/KX1X3Hjcq268vE2wp/YmEVDG0JkPzVSfoYxbctK3yaRygfxSzVlDjnFUU3iUTiUsUyT4U8fcfSqKL7No9BOSUOZ2P2PD0Pa/BcMTveFxhRwaQtvE6PQlHoMZlm0rSulNhJO5oqXYa0YQ+ysuL/99VhXRR7z+fR97JiuVZFGIemralLMNkL2r/x12VAsAPbClS/Dr76icdNRTUF9Zmds7/Bdno5JIEFl+X0/DTrauIF7Ye3NTgsSvwhNGG8ipI6/rEbvEvtZehd3qfRroJd+TKWsTTcHv/MInIlA6KRhwkW230OqH0e1ckvpXxlXIjiQ8UkX7bWNwb0xuBveZSOrJCYgneE5KodMmliViUPWJxJSIQ9D2s6ytIi9YadZvolELo+G8KOsJQNIlCe6lemn/wBhXD6pnHHmdD4PO3MvAl73OLc+7nr/ABwmXWITYUtPG5vEjb2d7CDZDvyTgSvU4P8AlBwZLxqGmnTWbk2t2Qhic+TyirJQtIlEJY7whayqyTeg4X5G2pgalnsYX/AQT/3fT8Z8PDoe+/fwB/6nokDRK8ey8+slcMUdkYiqpwsX64nkJjy2+7v4tB7HfxhBfEnfJ+RiENTh5hSvw5ZjeYWeAlByRE4+D0cr8IQ9PDngiYOi+8yjSLnQtDnjHwWjWkaksv4RudXSFKfDeppk0o4W2dntxotM8zBV26z1oldI4bbTsZvB9H6Pv/OG9qhTaDR9NoI+n2tZXBjR6bidYR3j98mmSiGKrPdaQ3H4Lk1+K+EThi1mFKFHGDaKkgv9OhKRqIJRQzkjxdpWoTUa/rY/ik8Wl1/gJ5fq1JX3qC0/DIc0hANmOklts4fNG9NP5gL2K+RC7hJJJDOSxO6uuUKJCjGzjWKOzS/DQ4XBTIWIRCJSJ2PRUkhKMRj6TSJ2Shx2Sh7WOj6GkcB6JveVvePqOBMak+nYuRWbRlwx8tc1TUtCFTigTZmk9MhFdPrsvPkyUlJv+Dre87gcs3Fysqvlg8MeA7Np/NqY23fpxPxfw/Qjh3/wU2PNz+bJsjXIOeMdYuhBK7Odl8HcDgfEyzZ2PP8AoV/JaHTJcKNvisTbaxcQx/IT/LB4YkxqI1SyWxa5+7yd/WCo3ab8MU140eg5b2v1+OnhMJlj80kmRJaR1ZqbJR9PuEqCV2XFuT7nuz6SjaRNsbVHKsXOc3smpPpd2foL7PqxfY75G73+FpGtssvsizneE4C6svvD0PWHKtn+oB9ZKSH+O3/qA6P9zGoep5BRL+oX2JsuGFMp7lEfI8y/otdJ4EiIVS5eAbETID3qh/j/AIL+oJqT2L8bvMS/wVub3h5T1k4X4MlfjsrRfRX/AGqYp/g69xBKRP7lLlbduQFifX4aJ8XRKeedmfXOnXoIfJYNR2lPDX0QQZCmZG0ukaeg8alaXY/u3T0PXTImzTp8Qhps38snwINn0WsSjgm4Po35O9Eou8hD6RwNk/7RKNbZN7OBVGG7GbmyX2iH0i+jcGnoe1h8UPaPhuKOqwNvWOR8L6EDlHdHwlHLob8YfT5Dz2/EEVsc/RKhJve+k+3xP2swemJf0nSRI/Xe5XeKFZ1TukMq6kh7H3BKLoNFDaPeU00cFsd9r/hrGcaHp/gqzemLgqIuEsQmQhG/922VGslIKssTXo+EF/p0IRKRWWpe1VCf4In2LtJq2J/uf5FxWR8Q3DJwdQH0+MqzqGmumqgmbXkgfWL91E0VLcc11bkMJt1bZbmT+KS5ZsWp0/ZZFfJ9Bfxz8JRF6w1uhaRCy7o0hHVY1pFJnxCSZ7Gpo5dFVR8RwPQKP2XB+gfMueCqKhHIl+EIvotkXOL6HPGAtHxnGFlEW0PjmlhlJfx0JlHogRrXUIR8qjSZPmY5RNk+GuBB2G5qf9Lu+wvg1ncvf6pr5GvGS1BYfrhkClYIjjX5fodIUTRqCuxFlf2l3PoiI5xrzCpPYwJTa/DMyD1C5E0Mn/pU/CUIzoamjksXSWxN/SnChq+VJIjh/lzdHLAzgvokljfczZ+w3i0gYT4Sbi0y7kZ0QdH007GBdqL0DyJC8oeLTf8AbDF9C0iEfoLLL6H1i6ImMPWecL0cj0PRyw5OQQLs+HOPo9oei5/FuDaIX4QsynicSgTDL+av3yb4Yb0lukPbrYYxKYu4wczl81PAJo5S6yv5lj4FjfbKSlbf8Y7SwvgZhiB8j/05/wCvGjw9tdLF2vza+II+oV22P/Tn/rxvm6apJGINm0arT+qH/rx//XDb4BW1PTtJnhVhZhjGm0s/9Of+nGm0zO6bGWPZJq0B/wDXn/rx2THzVKXaxCx7Q2FFRW4fRJoqePL3O8VOI++ppuG/HNJpS8codSxeeqZu8nTzpQ+6ctM6vkxUKBaFpY5w9rCckJYaRuTkTkWiN3id/hCIqDR8xvTIRCIRrbP0R+DVkQsNScs7L7IWfRFbN8kI1tndnkYQ2H8orfXiOzJ4cD0T/ek4gPX4fZDnKTyIUmPF+XO/YsLir+C6Sr8GcvNvp36GUjK61kxpcUV0G3GHEolifP8AKFM4vMIh9L81pfixfg7/AOSTpjziVdJkN60mWdJsQhNTSg3yIbGksYtafu5lpAm137BugKwOumnna/MmHDrX6whM33gyMNzy+KP+jUFRZSeKZKIUFFMe0UOOyipYtsehxZKJ2SiimPQ/LKTRUMjJuC8vWaWFolHIkLQtC2z4T4ZPh4WJ2cPkjYhmtq0xW3y9PyPhb+RyqJcSF23NRNSSa038MOpB+3fisrtE3QJ1oWlzWs96Cd2lbbD6lUGv4lt2Rpb8Fn2NQm2kzhQ9wx4FeDe0ltNNQ1tMdo6vPF43jUUaIfeNxlaHrL+/8/Y9wxX+Nfkcp0g7pc+xScfAWH0op6Oe0lzyPbWHzovohwiXlU5rf8CsfZb1pNtj339BViLxZP21lDTINp/7zngp6w5fA/WHvRfR8/JaLeLSL6/L9l4UTh6JROh6JvRJ1vPA3EVjk8hy89mDpIengRZJsw7THSYh/V9CA+HtBA5t6ZNSSYyKaGP91TTEf32KQlidGgW4qN0FZe0tj0X9uxPVgd2bug9/I0fv6rbex5KM+tzht9/2HBvrFXwa+n4fn/AlBOjvLcjjkTWKNEopFZhEJnscUUpomEiqonR6oTN/GoaH9T2B/PiscbdPGI8XXHpCkDXkzHscXxBUxchd9+nLt8S2yA2Nmw1wHh/rrp/838scp6VV5OU/FCUKMVirKIPSKusVKHAElikT1Z5CE8QD0iRJYccjaFonqzu8SiJ5Oh8hpbxDQxLpguBTyJ7s1NnZojdj9jcmPpI9Gts4d43+SyS97TE050z/APx3SRK1t3b0H0aJcjSpkV9i2Zn/AEzs/wAFuBZNqgbxQo7h+p8irfouXOvIpmKKlj623kgiPi+8EetiU+mhPDRErtVrTjC/5K1+ErEp46/GV+S+WL3sNnpEvQkm2PGZmISCZ3rWr0Gqya0lXX+SHQGJaYvWrbWQuny530h+5Ss22tiyUm7SJF8Q4JesN2/scZ8Qq+0ew7/Ycko4OfKS5tss2XW6Tf7Ijvu/DObpElfQnY/ZNbG4JtkoT3eJQnqzZWPTsls7xOxnFibZ2jkTs31lusTez7zdYbgl9EuiUTTPgnYrQ2OexzxluCaQp5Hpi0jSJ2SX0ag7JRr+wC9myfTEXWxIuo/TOyiIQ9k+mU+9cv8AshpybRF2OsLLtXLRaO6iNMkSLXzf2nwr64XlEdOvW0tYzlaBmWbTPIVgxmMJQNTmFiMQiNnB8WNYUNY1pGyEsfoh9IakZg8E8JGTbbbSSQhdqDhLft7Kmyv7HUBPg9svD2nE2n2SRsHF/pAtihw5SgGEuELo2fCtrin9RlLYq6BjWouJJ2vkFUbROPrKUg16sbtp/iJFxBUcH0TpDcE6G4JiCUUCXWKGpJQ1pwpQtIb2THAnY/RKEo/CXZ+zeniPLP0dDpF3nkhD9jUl2XhqcaWHoXBDo0LWO8UJNoKC6aabTTN9JIqP85p6Zglh900x/ltqjSvaFXpexaadymuGLSNwMsYVw9m0ftAxaxqW4jWmgqBk6/qta9QVN075b3zDGIM2vptu/mQvyakakghFdDjo7ItFI4cD0xrVHwplwUh0FhDdCQpbbbhJWxFlC0v7OWH3B9IhXl/5hX5bzctNxuttC1Jdj7tjWFGtCKH2Nyk9sQxHNn/XvwbUSCcuJsV5QO1nRv8A19i/2oWg4bf8HQi2fEQj08RC2RPI2PRa6L7IR2hluSJgSiSJSOS+zuyB9RfZDRfjCN4a8G5/F0iFidYembgSnFl9EIuCX2iU8aey3iI4kh9IgavRMndKrZnCqfxiRBtzy3wd2aDZBe5/E/vMc0veVQvUi5FpC15qOXQ09kw0P14nbw1j2RGZo7f4t0S0/QmpTObPrKszY7LXWs/41p4enhZf4TjRKKJRKO6zKY2h7foUcFXRIzoVqmqcbbGuTilJ/Tv46ESJOjdKMyy7fBE2yantX0FulIUGvfje+hG6wTnBEhawptOCbwzbf+ARuMVTn/aHst0PpT670mkogojZorWN7RI5Z6g+IghSsxs4HxH6/Ckjk3jy813/AEfBpQdlZcGpov8AGEQfPxhG0sueDSx8G0IpX8CQH+D8pXyvgPmYbcSqB6BuhILVPenu8Poc0qe81mbOBDw0+h5u0xefj4ZtdLl38gn+6bgpuLlo19fbEgpb3zNwh3kywSTL/SR6k6jZnTzkJ8P/AIuWdsnRNaNI5VH7JuBs2Jyf5GLI2enq3r9XL0he6hCGr21/3BcMHFNaa4eHRegi3YNq21LY2JKwzRRBfGpwUlESSSShC9HAVsSF3EtS2iSRbbISeUddBOk3zHNPObHfqaY4akxEYci7AKkklCS1idUUh6KzCJRrSxCjD5JTOHRGqHEFGjrSJNCNUfDuj4fCbgWiPTw8Te6NPQyB8Pho50fvOOOhOTRKOQnRKNScjWFNvHYqgWi8I5AfVm7U2TaaJ5NeTgW/9vo3Fs7m6uidj7a0K0TqXDL62yjhoSkMn6qkwq/tCt6WFSDlPak2JXYU0NU564JLNSU0PcYrRRbr4Kvkr/1NMPayV2eg9J5+UJDqenp01v7wDLNcav8AwfAt1Y6yBNb4ZfX5WcusbJfRNaPh8NrL4X0OZ0LrrCRJW29JJbbFesQR+ivd2WRqJY+Vy3tmxvHSD0Hfdoo9dto3q4Ud6DnL05339s6ciRV/lMQdHUEQbO6qiTfDuiR+16QndNt7m42HA5J9Yoamp9ge2Qh4rFGz1v8AhUI6w4nFI9Z5ClNYo+FJnf4wdj+sZlUMblDhnnHzHYOQcMi5HrG9o6KOVWYRTIR+w/WBaQ3sUUUj5h6wmrGE0OFwT0jkRkfKFK75OTbC3mW2TkuAq3XLQp6MTbu0o6o50sxeIkUf0KXF/KR2Oze27cb5ePsJHjgWxMQ1tNu+wd21HjX7vtSTn0OrmGj2oBtszYbfbl9xpTybUBK15tngn5D35dMhdfXbMN2MN9/dPYM1/TnOGnTTT2mhaX4by8XmF0WJPvEPSHvZ599P9NRFVS5J99nuvyGeV4lr+jSGBTbU8O7B+GJfcNj8um6Rr0/CZ62yO8rdtp/is0oJRLxVKc0t70kNlk5PW6FyeDLe9a6Xa1CphtfElPbmvvwI0lJpSe03f9zE6oTkPQcmFLG5o09EIb8D9C0a0jl0NQfD4QhqYz8PY1NHdFSaFCeh4I8vD1oan8Gka2zaNRZwJlHfMISNLNInwykPnD1o9BaEqO6w1IvuipnErvbWtBD3mbRypAiU5lv4QPtB1fG8a+CcvpqZFKsTXTkffW+aJH2Rs7F0ES7QxIbq8JaZGRMlPoP5qngTq7EH6KFN8JBwwE1m4e32/mov/Fg10a/lWFNrz7IGlHw2w726U+Sz+iFvbQ7XUsf3/h1hJ4U3m1LZLl1aTyyzTTmmrw1fYt0kBpyS1y0meZCXuiC95YknTcJH5B1+s9+oYFyy2iN3Xd5OEbDpl2L0ltZ+2O+ljdu0KiKumBg+sxWssCSb2wvezqStr3LLIdMWrtDhL3Cnx76U/bp0Qtywm+6CeECf0Jhlm7dPS9kQN/tvmMeyycHPsp/geyF+LkioIVUe2NEKBbeK6xCFrNYw+kOHydWSbH2sPTxSHonVnJ9xpCfk42fcVQ47G92a5JWJXeJRN7OrFHZvTw4cCQyMwu88cB+y99dD9KDvv4E2Tt88r3rMSaF6TVpDRbJp6J6DbbSrz6w3DE0xjvpp4ehiJec11oxpsnaF33L4oWk9sfoL22G6e5XLmOg3B9S2jWdoj8w5KK6THucRPowh35SR7Ud+hk/+XLI+TZftMcAOPkzCbpxr6ggbCN8v4tgYpzpkFw2vp5P0pzS7b/gxyWvlN9aCQVPkqsX5N/XBZ9E18pg8QpXjyoVizrdHFSfCNJlvk9P5JOOsWW5br+ggrClrus1L2U3ssOXVr3zvIN0pNUpEi/4lpHlsWp6pnPo0qQ40/wCf0abSzoG1sjOd+XV/QZYyg/RaNtjEcjttCKpvcSMtaYqwNtvScsgfRR3v3+hz8KVbF38PkFC0NSbTs1yVeC7x9Ng0sam8JtTejyGi+x8D0zofFn0Z6PE28X2bHAJV2Ij2JRyK8ErE6O7w47KWCfk5V4eiV+D1sj8HxYid4nY7Q9P8KwiIbEtJtQv/AJAOrrF2TkLjkhrFGfqYbfzQNl/PFUcFaeYYznX6ubs6l2LImHrE/wCyR3jBctqTTTEu2y2ab1beAiNNL+an+gHmzjzQZCb1Ci1voJR/izX7u9r0pvgS8sWJ8YnatO2n+0EtRr+dL64jgfb4a/U4pDsCyQrlD+wva2Ov7+JGfcAsv50276Qr4Q+5s3+9019ffwLlhotPD384Q29w0+Uj9zC+Ho7+tP2J8J2Je2Kv8rZW5ykhwQoSSShLSLsXsh6Cog3KSLQVU/ShELSSQ1COGbdJLbbJAaww/wCOVFYaIKe2+XpIb+Sioq27Xc3s1fhUpRur/sfg+aJXZKhnkOz0KNj1iUSjkPQnRwSkfXj6NI2WSilNn7JuCoY65Y9H7Odn0+4dAmehdY3Nj9sWiFh6Y3BqToTo/eT7yL2fR+8NyDh8k/7WC9j5sfvEob84vs6ITorrgSjaMJj25VpJ47Sr9IYHCX09/bsP1pUbtP8A9zhUJanWhXfxJPZskJL2i0AJ8aE15XVMDn+I22Pd1yv7UEi+EqXPpEzKn/R2jUtvegb1TZEu5K3eVnfVRHJR103mubugmUOLE9QX/CG/9v8AjRpaaXX5joWT4ppT9ki+s/e+pBf19BVwapR9tT/D/wDf5xPBecHn5EZ2q+NsL3sZpiW6nk2s6c6MScS8bv8AxBSgZfQmTaJoQop4UEncmzEOWnyH45ybSM9yu1Hdbbl9EF1QVvpeHhJQhv4PIS5B6J1ePITbE+TE/wC0NuXZNEi2xqRianA0yG3Qts+kq7JEz6hOW8rRNwbQ3BrbJR4J3ZKG/wAZXYsbRMzQyzEI3mB95JpYlY7NYlfhKxNvCzhjphTTTUNMSpMPLv50+IviYWtI9Qk/yj533b5OohOrGXcte4k333O0WZPRGVO7b9BV/wAcq/xdquvoEohGk1D2TEFUaNjSaEKzXE6ELouEgrygXnjXxoIZro/xMbeah4GBOmSPpvcjSQLW77gv4JKXK4BamqfszWoG4GlqImaxS2XtlddmIR4084//AKiXacj5iFGpDSspNttEku2yd7m034sCdM9T4ZrZfKh2iPtBJdzRa9wXCn0g+fVlvYpkeqLx53yMe2bbZNsuESia1ia0J3s50NwTbJ0SiUckoTRYG4knVCc4btCeyUax3iB6E1JrklGkJybmxNYccnR3jocyX0b0x6GPWZuPw1jay3BwJdk0jXIy+y2d4LSLlG3sadoaGVVEN/js9w7CiQPi8PNiLMwufbm225NpCePxpHrV3rRKWa/h/FNTVv8ArM5Ufp1pCIc/CbMXtVtt0Rvr5Qs85FCTVyiWCLcbH2G9BkZN76PfnbXvNkt2Bv1+dr3I/choqmK8aEopLHYi5d4SnZqMmwqqOUpsS3hP82Jg3tH9IR1xKe0adfDC72NvyW9S2jxzCCVw/BjIonc4lvRWOqFpL8ee9g9rxShHRB7BlQuoh7DK8XkJRpQT+KnkfNF9EbHtHLEYaPQWFyT4eEzBmkzrIeAm2hnOZBKaPhdig0SiZmsl9D0zWPhL6I/DofMMTcG808PRy6wlLkhHQtsfo3NEWstvofovo7HpCGRgTWcd6ryIwQx00i2kZTtuBRspRMvukkUA5I9NJ5oitpIm+uvCNG+9x3Vm02+670/oTg22F2H+nmHEoY4KFipeYG+9H8rZbNr02NP0jIrfJdvUfogpITbe9z9qk0ISmmJaoemPRZqAkwSvRvhcoj7a33aNvuCEnQyeSGBttuIQjeotFOovTypBxQ7F8eabykl0E1VtK/5x/jQnY1gek6SLpGuBmjrDosJPRhNn7ziN9l9Eo4HYlGDQQbGi1x8z+h6OXeBfRPSxLjRqaxdUcUcscwKYJQPH0lFIlYg0Nkaw7WG4glShaxNTihaJuCoHpnzErFucKYY5qCbj8b6nPYlENNQ1amOp1ttE1ux5XCDhdGe4Oy9KZUUGl38Gh3w+39MvabfDPKA43etEm2k0ybeaD+0kgQPCdtD4/EMRYETg5ug8RCeCBALhCVLaJJJbZFYW3LyN7BSb9FLd0nS2NeMuTm049amkr/X5LL1pJS/WSRNtJEvrDjsZOnxgncUP+oKo21jjTubbEKr85RXh/cL30FV9Jrf6gnUd/wD1T9Lb5pJ08Ui8InUK8N+yWApv1bRpMiQ9Jf7JRwJlsiUiXeOcX1ihbeFrDpE5koEtY9MKOxb8neU5J/BK0NkEZ0idHVHQ3Ap5zrbHi8X6woQtF945LHyXLhjZ0NbxUkLFI40QkJQQsNwcaw0mrRECWs85apfyOIfJx/dAydZEi13fOsVT+b2vaovl3OwFM6OQYn7fh3e122fM/wBWvwtt9cTYStPvdb6x9Yoe8lbX7R/0EdbSGouZMqAj9sYcfjF/M9vvgZg7mPb4xkPq5UIWO3hP5+EhsXtnqW8kt37HkfCz0uLfAjWhT38Zi0EhzOydl2bwqWAtY0MJjo4lY4JmSx+izZP9HzKbw96FotGsSjo2YbBLuA+K/CUsX/skbrHQp6w9oa0Naw9YemWKLEjYtIWvw5x7FohCWiHNBpwiRakvEUjkWkb4xvg1FERpmF0QiEWCG7hoI15H1lbTe0HOY9IHxC1a+yasXXD/AKSI/wC4mWx3wS+4vIOmxfbXfw5RQtoc+oH0+UHftlbcnwzWxlEzsqfLpK54SUsoI0XdfhDlCVYEf7ZcYaXKELoSghdEVojVEIpkbo/QEoGpNcY55F6OdDXg00RUC0XBx0W5IERJfQ9oS8F4h9kVBAqjfY14OdMccj0JbIQl4wPQtL8BUiEc7YtIWsNSQPTJ2TQ45/D9j08+cfMQ+8NSPTzfZrSxd/m96P2cY5xrG0bZoX0hdCGyPLG1OxcDcBNcMaGNVnSVjc4s5EpGpO6NxZudbPJ+z9mzsYWBujwQlpDyHY8Umc4/Z+8I/QKSYnwx/kbk33h7Q1P4fOSpFopEIaUMgrZ2LjkrHR8KaKOXR8EoFpHwpkIhHwhD5FolI+HVEjsY2aIWeyEdbFEPHLItG5OCH2axsesX0bWFo4FuTQckXrEaIX4NyqII0NTlPaN7RtHRvaHrNWRoczrAXJohG0PTL7Eoy9HIqh+h6Pg1I+bKop44+GmPg12cDpHZ+g9iEfMP2aZfeIWFtkYRPOIuZEPWHpnRCNoujsiUsR5ZCPpKJ7xohtbLWdC4PuzhQPRcaIg4ZohKRCWBJvEaHbxyKg094Sg5Esf0ec9kJwb6EpGGFGIUo2sR0zuhL8VTwrZHnE3Bdl94T0bjFY3htYbRzo/R+DI3RKGpKujw1lSG4OzaJbLujaJuDuh6HvWR2NwVjg6ZKG2d2bOiUfMXOsxsgRuj0OBPGmL1i4ZOL6PhZ2aSLnE7okeGbQ9o/wCzo2CE0sNvRI9MJwYHA2fMN6wgejihKC0PBwCc4lHpk1JwIQ56I0d0QiRuKHPQ9YYWIR3hHsPTEPb9HeLFpZ/R8WGWi5L8FkIv8doesLSLOvw/WJPQ4fBCkV8YufwexaOdETvNA+LHl0fDmMXOizlUbRcsh9IrrA+KzeyD5gPXN/R8P0S6DUowdfjIk3kkhp9470R1hpGiliEUmNUOORKDUkVBvaEoEl0RcjvkS8EIhEIh0NXgNI/6I2QheixaRRdoiJNIak71haNEehpYhEISXQ1P4IvWC8LSFo5Q9C0JyaY9PHpD/wAfxCeUIhtMWsfRxZ0X0S+1iqw9En7Dk0maBbZENC0W4IRKE8aYtG3ocnKxBF6/C1A0sPehejlYioHFDU46rG5o6Lw/R84NI70PTIXR8WPg9HOFo5RoWlij5j5+P6PmNaWUax8NSfsK60fCpL5R8R8Pg9aI2eAWgQoI1hKkRoikcqhxyVIlWiFR4aPglRCORrD4bOB+sY/RiL0ND1iNUL0aHm2BaRAhCWyNUJUfDvDho7IR8RR3RtELCVEbrHAhHDEIS8Hw+Gkx+i0QiERLZUkIhHLNnQ9EI70OIR8Kaw5s4O8UjqyoKWITKoS8FFbHyU0clY7J6s5GhOWdaIV0PELClNYkQus0bTNDjrEI6obZ1WaU0dELoXlYb2iFhcFOaOkQsd4i2JKCL0bTo6o9E9ljTJQ9FM4DUjmcdD0PQ3GOTouqJR7fi9Z1BKNHOirzNI6E5Ho+kouipP2Sj5zmmyWx6JWOKE5Hom0ThbeJV/gA2j9hKRM9C+8N3if9rAlZm4JRzhNwcBOPIcCeSRT2SSIlG5JtQIY7OAvZ5aJvD0Sh7RKIRKY9E6wnJSRY54LSwbZ8w3RyhPwSmJzOGmPTw9Ccltuzh2XiWySbgn+xY+sfob1jjGx6OXjaVF4vofsn+ydYWjcmwgCZUuZyehn7EaP+sWXAuAmxuCYbxcvD3sb2Tm1iVhvZeFuBuMIWOydD/wAcDlnL8Fpgbp4km1sl9EohQyJW8cjjEaFo4CUFbIRCOT9g54IX4Qw45OTc2PRqWOOSnh8WShaR1Z3ePTx5DgQotQOLKQ3EFMWipw/Z1ZTwnOH+FM9iZIxKNjaRqT7j7jqyH4vYo6/E8tZGn3+Lyw5xUrP09jyHDEz0zoYoescsejoYtLPRyGPaNX7OQtY6HoWOEPTH/Ljj4coWvz5wtL8O/wAOWODl/itZWjhYX+Z2PgWH/ZYZ2dYe0cMWl+D4ORqxwjs4Y+MFpZY9M4D/AMiHrD08LDOGPTwsdHDwtIWkf//EADARAAICAgEBCAEDAwUBAAAAAAQFAgMBBgAHEBESExQ1NkAVFyFQFiIwICMkMoAx/9oACAECAQEIAP8AxXUPffnEaK9ed293gxqOw5xjPM6jsPdy3Wn1X/e4Qob9r/45cjaNM4yJlGkXY73AGdUWr8NCyNxRXxxUNZIdhjuDNQbJXDF0VyNp5frmcd5wq8AqmrbRnPdGDMikSeIP8K9aZYzlaw1xsuxmy3+JVpGDezwCDLlizHcIaJurXHgml0g6R0JtXqjZmhcrpX0Xi2yoI4IeaDPFgYWwkvsVrm+zIQE1scCcVbEQDDIZl2rYaYibrS4Bikl33zS6ttFVkgW+usFGfHZ/C4xnOcYwr1scbAxb9/twqaU0qsnbHpP7ctYH3Z77oWFWzjCtQobpld5tROu7JO6VpAegvSceO+GtK13fm8VudRG4OZmllkxmYns1t9TnOJ5VM4/tJP8A1AqLiQDsGuSmJF4CGYSARWULS1uNDsaqrlK59XMtDZXZTOVVv8FVXO6yFVVdAOqUwIL1rJbl7NobDVdgclXFWGDekKvFyvWmNCIjBAIZpq8+hsqQg3TIaDbc0zDNCDGeo52O/mNb3y3PislrO9V90q/I6jg9+YZ3TZAceBxjYQ2X7DCm7IutnJjsY7YO7Gb+K2V6o2kuh6LgO8V6oruC22qNJRQpAV9gxP8AARjKUsQiuWWoqa803rlK6yROw2bcVRXIdNqcSyInuz1mqpjSZQsJ2ZJrdWVmu06/tOzyjc2WaOiXYjnNdVVWMRq/0SrhZ+02WnomWM5tJ1DYEM5EoAdrXGQyn2hxoYecRITnp2S2WYmaWxqn6hIZY4Q4vnAwler3NNEpdfRaNdaPf9/S0FFFM9jbPNtldMihPnOc5znK8G5iXQGOavHJrpHnRJjscsKNeQ6isRwjZH/E61tY8qzEogdzp05DlWlHii4Z6+yO14OSltnYzF7FnYcv09lkNl6SbkHLqkqzH3teVYZm9983EmqnZ8wVIWLfxzF7s5z4ca6nF1xNe5bhBH7udGcwF4iwasUP/JePSVTOglwkP0838qowtX7JrROFNtVlFs6boTlCcZwcHWhMEuyCbKuohOhuv+53ZznGMNM/gkgyavXhhlSdkU/1pyU4bXh0I1qhafGqsi0ze3kRaAQh1wtQgv8AmuqrvrlTacKZorqB4eyKVuwxoNAuouHtnReOuLe6kPgRBnJNR2rsb6bB7raLft6sDWUywQRCNXmEbW9ZtS2xMiS9a8Q6zYTomV2KlwuvB60jqRraho/QarR2oN4RKuFoxJupMB6KtogaE3oXNUmvvq7F+yjHXi1veoKnAbGpjT9vW1VVOs3Glum1rYyV0ua2DSHquGJmjAWNmhuxm5trjnOJedVzzquedVyM4T/65tqxnu5i2uWcYjnMY478+dVzzquedVyMozx/bzNteM92fOq551XPOq5i2rOe7nUFTPyh3olFMGQhz6ih+yoAIWZx+0sZw9nhwrtBl9qquVttdUNgsjcgMShJlBToyIgwq0othBdVul2FyZRroiBbBUpDDjt110djaYx59/PPv559/OmM5zw2xN/ddh20xjT7rZbIrxLfpShrZeY+ffzz7+effzWNoKRmR80e+kqioinYb7sPGmMeffzz7+edfxVfd+TXY4UNWYHcLbpNmQ2LjWina2almWFLlpmA3usYk1EyCxNE+1q43qnq6GVTWMtpKzceVVp3krFzXISsrNizNWGu8iCY5uHyNrwMWw0ocSr9NXfP01d80zWjtewd6x/7215p/wAkVc6gfGi+xHqLF8LMsS3pw8qrnPFkJ1TnXZ04e5lixKQ16ftzmRplTjS2aUKZxPEeoMXwsyxAenbkYwQieMd2MY5sUfw+6rWMNwGwyqJLrqhm22qqO335g/xGG5QjJpQZD7On48stgZzWB6qPWvyyibTCbirwKony0w2Wgw9Y9dspc3D5G15r3vinmO1/7215p/yRVzqB8aL7OmnspPZ1BVxAdepqTnSWswjYVzxZCE49QfjZHZ019kv7epg//DXGxnbdnZ1kqqtbmDtgI8W1Ye1+sKX7DHNibWiZfZ1vuit2a3j7P4xQoRx5qEsZ1Uq+XTCvuFZ3dm4fJGvFZcAWIRln6nKuDdR1ZRI40OP/AHtrzT/kirnUD40X2aluISAC0Qn9TlXNv2kHYqhIjc1gn1aFZdnqF8bI7Omvsl/b1EqxZr1k80RjShX7DlLtdoAJoJARZIRdJQvUGiuClRPH2dCDwfhwJLZyslvWE+ZhLGIyzqFc69QdSn0x9tYY7Nw+Rte1R7qt5H/rHj/3trzT/kirnUD40X/q0b40v51B+NkdnTX2S/t3/wCNF8uqznprDGea8Fk9wAPnbDvyCMcn7WiGyBub3Q2BbTdCL5ZMFVauU6wSN3L2SvW+dMrPBluNnm4fI2vE1FRTVeNfjRta5Rpmu0W131cf+9teaf8AJFXOoHxovs0bXFDdXcQf/Q2tc3vXlScIO1fzRvjS/nUH42R2dNfZL+3qRd4EVdeJzzlBNLnibH4hGxdzad9eqa9V9rTZ4/MenlrZ94LWAEtsLzbsRllQt8GVqbZK9WlhZujQCXNw+SNea974p5jtf+9teaf8kVc6gfGi+zpp7KR2dT/bl/ZovxoDnUH42R2dNfZL+3qLbkkxKqrozYVuRQlISgk1vhVXuU5DnUJ69p/2RteB+0mK9G0AJyMD5O+Yp4ytzewOvzqjGATHAxO1Qyk2ZS4hVZG2uFkdw+Rtea974p5jtf8AvbXmn/JFXOoHxovs6aeykdnU/wBuA7NG+NL+dQfjZHZ019kv7as52DfZ2RcuPwBGQgH569RAgpWQNLYV6E6G2k4Iel4j9pfmJbLWHOCO/wBRfzGc4zjOGledh0wG/OiN8MktVE32hM2jY0+hV09ahMQi7e1n09amsTS60Ghs1bcM+7Z1N7pRevH/AEzcc1FESgX2iFc3DXythEFoF/TNxzXVdqdSKBftCi90ptAH/TNxzUUZKFdMQrmyNIKFBRfNLowqRsnhV9s77rb7JSlLOMy04WSbX2DQ2+2V91t8/tdPSaiZ2q73osw3DGmatEoYIIllFZL1kDWpkBk41TZoWQjKM4xnj6OzF2bNsAyMRy0hJAz9LxAorI8bRlsDa7KCvM/tqGFitiIdW/bDeqhU4LAXw1A/KxTsHk0/jG00eGSiQA+i7DK2GUTD6G5bHhOHkUYYExUtyKLs4VidGiV2p0GCKssmfqZ7MzDVCbIxixZ2yp+4rzF8muSWatGV8XamfdnH7Z1rZSUJOObIoifXRteuaptNDweNN/8Am2HYRUIebbdcUXty7dp2DYdxmXeRSoKuRVqNfLZumlzjVByLMY/pxBnOfuhl3AlUFjylTgxdty/YwPx7cuqMITsz4a9QYmRFYKqrB4ss/nNe1jdBmmIhMP8AJse2go6pVxoDuPvi/wBm3PYLaxq0VHMeKecY4rT1h6vVe9bMrmx1xd33kLjKsiUL9mRxPQhsl6wyxYwGMi52ctUxHLhQdrppfrRi9Xw+q9VWBtTrWb4rthWO1javFgX+A5kCuqleaz3c9tbldrQ+vWqpYLNyOzXZJ2bYr7rCLrL7VqRi1n3CJFqxeVisXbtlm5IiIP8AwGqbValtyKQ6aHgShaTg8TbFk1NUoyhKUZL2zFXbi0FNtYmx1TVu7EgMjLMJqtm25D3QaBdR01/hwWNtKAnGM11sgLcYzXI8GGO+d+yoho5zYZ1ERD9+B7dy2Z1nNKWnXLDDIfnz9iR6pRkBKVs79lZiNjlaLkBUCYSLraBeEfTSY+2m70lThsKKJ+DSfwSZ9ICEwTSFNoE6X2uvA6WouNiW8Q61Q0EtYZaH6mwGEgYueJAc4hVYy0BjHvLlqupnUWFLLler12ZrkEgQm2YgP/RmrBVxtYxt0UaOIrrg3LmNkhWD0ddRNWg/fOe/P/zPfgMaw0scWtsnmyYYxY1e0+nwpSfwi1sapvxcGoZKzifPD2LSCx5YOVJ0OzryKzKX2uCG5majlGUZZjLiFa3YFx/Et3ScSmoRkXtjciHlUTsstlmdlUITshCd2EdyqhSru0ryKaSLca4qhjxXhJ9asvjTRNlrep099LrYGDy7NhX8On3JupxirN8Ur/ObKbEewpLoGUZJUbHjwMWaFkqz3kiFFiXRtDqxWYvmVuctfUn/AN6YjVno3fnNgRlWfDYhSxu81m0LEfbOX6ir8OhU/wB7gvar/JyGolmUs5lL+KCcM12cZDxteCcYi2V7UgF/28YZ6T32FLjVYrG6RBONdW4/eY1awDGMwq3JaBnHhP6iFkR8Apz9uxxmJX/mH//EAEQRAAIBAgIFBgoIBgICAwAAAAECAwAEESEFEjFBURATImFxkTJAQlJTVGKBsbIGFENQcpKh0SAjMDOCwSTCc4CDouH/2gAIAQIBCT8A/wDSuF5DwVSfhWjLjPihHxrRzfnX960c3udP3rRc57F1vlq2lj/EhHx+77Vim+Ruig95rTIeQbYbUa57C1aHKRswWHnjryScWCmp7yyUeiiT/YNfTadWOxJy0f65VM95HtDwzGSr6XR1qNru5Dt1KtQPNCrdKS5cs79Y4VeCxuD9nOgeFj+LI19Gbcqx6NxbHUDdhFaWa1kOyK6GA7Awq2Lxekj6ad4+6oTqDwpGyRe01ZTaZvF3qh5hD/urZoYQMFiRljQDhhjUaJBH0iOcUlyNi5GtGOsUY1Yo1ZSEQbAADUTRyLtVhgRyXUkRHmthWijpBRseMasideNaRWQtmYTnInaRyILuyfJoZM8BxU7jTieBz0omYB4jwONfSW0tVHhRF+dHYVq7jS7QYs0S6gJ46h3UglgJ6M0ea/cwJJ2YVIYxM6iG2X+7ITsx4CtGwkRKA2sOgOrVFXpiXzYgEH6Vezv+KQmpJWZiAACSSaZ59ITJqpCZejGDvIJ21o6d5JGJLAa2JPZUaWycXbPuFWukNJSr5McLRx4jrNfRee2tJBhjbowlXrx3mpXuUJxMcoKTDtDVoq4y4Jj8K0dcj/4mqxuuDLzTarjgatJIFfEzW7jAod5AO6pTHIhxBFBTLGMb2ybNHG91FERXIGMlmx+SkKspIIIwIP3GhZ2IAAzJJpUuNKOuKQ7Uhx3t10Xn+qxtMd+Y8FQKthCZpGcmVtXaeG2pFcxOUJGwkZGoGkc9wHEmoEnviOldS9GGH8OO01pq4vrlmxZbc4KT+KtCSsvnSM8xrCBWPBB+5rTKp2SsP0ArTQYjjM3+xUgmA4FD8QK0KSmwsAyfrmK07daOlPkzKrx99TG+sJkKme3wbUB2ONUAir+e5tZulDKZCysDyHwTgy7mU7VNOyW91g6FThzcm0rRS30qq4JLsSbqbrqMxyIcCp+4VJJIAAq3+saYuUxjjAxFuh8puBrSDXl2x1mghOOfB2q1h0fEfRri5HWxrSGqUjaOB53OrzjDbnWlpLtscXMCYIPxOcRVotxNsLDMa3Wd5q5Nrbk4iPZ3KP8AdW31iQeXL0v0qJUAywAA/hQEHiMas1jc+XH0TV88sYzMZOfdsNaNSA62BJTBceJB2VfoFkzRJD0STsAarSRB52GKnsIqGKZJVZ4FlGKiQDZ76+jnMyRvgTBKVII4DKmZbu2GoDJ4Zw3ORSFJI2IZSNh+4MEiiGtEG+elMEUjEyTfay+/cKOJNLi8jAdg3k1P9X0Po0FWk3zS+UVG+rb6no5Dg7bNYcXO80gmuMM5XGJ/x4f04QJMOjIuTCo/rui5DgQRiuB+U1dm60f9pbTDXMXUQc8K0J0Z0WVZYG1CrrtUqKV1SYAurDAhthqQrFeLzTEHYx8FqUDSmjyUnUD+7GuxwPHzq2sC87O+4IN3voalvEkCwxjIKgaoTzSAlpGyUYVmcaPNyyx5Dygp2KOs0pttGwHBEXIAcB11CI40H9WNXjcEFWGVYyWbHCSM5gDg3VWTCTnkhJzik8pR1GkKuhIZSNhFHBlIINYYXVuhkAORK4BlND/h3o1x7D+Unju00QLm7AmuSNoU+ClIVt7xIxHFjg8mrnkKRbazS0lEcK5KNgBail9dRdOab7GBRt7TTMmj7c5kbMOPaajCRxqAB/XQMjgggigz2E7YMu7A7V7Rup0juZ49aI7FmA2r+IVG0boSGUjMGo+cmsbp11QcyjDGlKGYFoNfIpMtKVeNirA7iPHMBb2aGeUnZguYFJrCRybW3O1yPB/xFSYnYqjwVHBRWIYWwhTDzpThS43t9qPckbelsjoAyMA0rcWPiK4iRThxB3EU5R9cvayeZKMwVPBqC2+kLFTjc7AVXLp0zRlJIZYpY2ybPapFW2tIjpzd1ENWVSDlrYbRS/yrpcz7Y8cYRw3EmvMx2mGPYg7TQ1YkGrFGNiINgA5MohObll87m8lHeKGtg5EeOzWP7CpFB4Y1IvfUi99SL30wNSL31IpPbRAFSL31IvfUi99MDySL31IvfUi99SL31IvfQImtmAcjbq7j7qUYXWipY5wN0q1MZLaVCpR89XrWjgQRQxkSwhvYePBh42MWdgo7SaYq2ixBzgHlpgKXcWZtygUh54yFCOBG3GmxMipiBvVcB+podJYwWw3scyalcASLv9kVM/5jUz/mNTP+Y07HDm9pJ41K+AuZN541KxBkbf7JpiDrxbD7YqZ/zGpn/NUz/mNSNJbSECRCccPaFOHSRQykZ4g1K4wuX39dTP8AmNTP+apn/NUz53MQ8I+cKGKSxlGHbRyxYqDxGR7xQOCOdQnep2Hk8GTR0MT9kgwrZHKyjs3eNbFk1z/gNas4b+WSFweDnBalD3BmWW4lA8kHER02vfaZKajDZEkmAJHbWcVkEX3RjH48npV+UUQHmcICdmJq4tvzH9quLb8x/apIm57Uw1CTsr1mT416Q/Ka8+L5xySRKiuU6ZIONS27lQTgGOJpSrKSCDtBFPsBeHH9Vqe3CzTM4BJxwJ7KlhaNSoIQknM4cksKor6nTJBxFT25WKZHOBOxSDw5OilwU1j1noNS/wDJ0fLzcw86FukjUMSzKO81kbWKFB/iNah0bu1il/TDxoZ29hM47aXGKyXFAfKlbwRTFnlcsTWZjimRj/4dldY/OxP+uT0q/KK9aj+P8HrMnxr0p+U158Xzjk9ab4DkUBLpNf8AyGRokc3KpPZsNZhlB769JH8w5PWW+A5fCjnK+5hSB4tJ2MXPIdhUjAk9ldO2aXno5BmCidKoxHf2zuGjH20SnAMOsChgwgkibHb/ACyB41tFlqfnrJmT6zP+Ntg5BibQzlfeuNbWlVe4f/vJ6VflFKWWGZXIG0gGrG67l/erK5DSyIgJC4AsQOPJ6zJ8a9IflNefF845LaaRmmLgphhmAN5FWN13L+9W00bwscS+GYPYeQ4nmEUnrGRr0kXzDk9Zb4DlGcc0ZHvOFEY22i3iXjrnBRQMmMUnMOc2Rm3dlSFZUcEEVGqNzp1gowGs41j41sdYC34QxJrYkpjHYnRpSA2OBrZKJinWAgBrb9Z/6jk9Kvyjl9ah+YVwr1mT416U/Ka8+L5x/Fwf416SP5hyest8By73i+YViCFVvdrg8gxXnA7/AIU6Ro4htIyhfwpio8aUNqWTSYcdSiXtblsZF8qKQ7Q1AR3kltz0cp8mR89U9tEYpo6US6pxHOSdI/CmzV0OHeOT0q/KKXWjknRWHEE1Yf8A3arHB42DKdcnMZjk9Zk+NekPymvPi+cclrzjrOVB1iMsBViPztVtzTvNqk4k4jAnfye381ekj+YcnrLfAcp/u3CDuzoYkaEWcfiHJlLcA21v7/CYV5cs8n6+NYatxbyxHHrGNRiaC5lEMsLeCcTq40xUQOqIRu1K/v28yQXg6m6Af9ayWYyao9+uv6cnpV+UV61H8f4PWZPjXpD8prz4vnHJ603wHJ6z/wBTye38a9JH8w5PWW+A5Ti0kmJHWxCio9eGKy+ryYbAur+9KQ/PFG9kA4EmkKW9lEqxjziQCXrIxWCuR7T7fh40cAk6Y9hOBpRq8+0w7CpcUSdeeRu80f8AjXY5qQduw14DhCxHs5N+lHEOoINelX5RXrUfx/g9Zk+NekPymvPi+ccnrLfAcnrP/U8nt/NXpI/mHJ6y3wHL0orPHDgOby+NSBrl7gT3cq7zjrc2OoVJjeaVRXLDbFGQMcOBNAtMkyWdwdu/osaPRh1Yl7EGHje2a2kgkPtxqRXpGraMxRxuoYudHFtTJqbGa1wjcHgPBNXMASVwQGxx2AVc25SGZXIBOOA/guYAs0zOASdhNXMDRwsSQpOOzCnVJHZCC2zIg1d23eakR2aYv0OwcksaNFLrHX7CKu7bvNOrPHjiV2ZnGnRHdkILbMiDV3bd5qRHdpi/Q4HkOD6pWMcWbIVlJMjuMdpRaYl5HLE9Zok4ACjgJE51EO4KMm7TR6TuWPaTifG8NaN+fh6jhqtSFcJ3IxG4nEVdfVZ/rJiWQ5oTtAagGEU08cmocVeNz/sU2NhfAMpGzUfZ+U0QQwBBHA+JMTb27kysNmI8I+6srczx2cAHmRjEn38n8uwts2J+0bci0ObfSMmskfmW6eCPHCcY3BIG8bxVmt3Y3SCWCZMpEDbgd+FX4uYluo5lBGDpjgpDVH9ZsXywObR9aGphcRIDLYz7xxiamK3FviE1tpUbu0eIsDd3AIQDao2FqieTS2k1xfDbFEeJ3E06s5aWV9U4jWpzbWEZxLna/spUZg0dCcQgyARdrN10MIIQIoQNgRPHT/yrUGW1PEeUlAgz2j4KfPTZW0VjJbORzkZ+ZeupMZBg7hNpw3jrG+mCXkYAdPO9of12DTMCI497GjhEvTjVsgcNh/CKQW8TnBpRlJIBlt4VI1xNDajUtgfCJwzfqqJIwmkCiogwCqFyFDC/0muQ3xw/ufHnKyRuGBpMImlC3cY+zZsmJ6jQwjducj4FXzFIzHbgBjUhSdV5+3VthZfCQ9tEwX0J1p7ZdoO9koiC8GWByDkcP6pE10R0Yxu/FTMwkcC3tvKlY7FA3LTBWKgzhNi8IxyYk5AUDFFFdG55ttrDDBVI668o4Ku5VGxfH15y0nGpNGdhU7x1ipPrAtkwVhmzQnYD1rQOMUgJHEbxVnbXFtPGJIHKYNqkZjWFTz6IvWfW1vCi1jRhjvBmJ4Gxil4EjcatpJIlyEnlAcQd4q6V8s1xwYdoP9G5SJR5xzq2kJfLndXpdoG4VaS6S0k/SEYGMaHi7GihkjXVtYgwIDtwA2AU5Z3YsxPE1bsUG2RskXtNGO+vI+lLO39iBRtPWac/VYDgPbbe33CxazkOY26hPlCrCx0hZzZxTmIHEHcSN9WMdpc2qmS2VDk2HhKKGBBwINXUkR2kA5HtFWkDTMv8snJXYfA1pJ7C8jYj6vOSjA+yw3VZG5iXyyP+65VFLbNvJXWH6VpSDsZtU9xq8hYHfriruIAcXFaUtx1BwT7gKMtwfYXAd7YVo4xKctfDWP5jkK0s01w2fMRNzjge0diirWN7kDpYZhT7TbzWkJBrkALGdQfpWnILeK3i1pFxLu0rZk4VbPpCW5xMfPdFcB5WrTrb2qjFxGNSJE66OEC/3pvKmb9vuOL6zYy5PE3k+0vA1Obi2Rw4I8OL2XFJgGyuohtjk3t2Hk0uIfq+bosZZ1AzBq+uZrmBQhnji1WcDjrVprSgjHkyorr3YGli197CFoye6rqeULtSFwzD3NWmruFwcCslu2I/QVpW8nzA/l2rfqSDWkpE34SSKvwqW1SYHJ54mlX9a+k1obWPDnBB/LCL1haJCnKa6+0lPUdwo4nkzeWRVHvNSC10Zo6JIedfIHUHSCg7TUZgs1yZvLlPFvuWYrj4SnNWHBhTJY3co1Zrdz/InB+BqBpIZDiYlzZCeHEVGlth4XPOApXgwq4t5Jwoee2icNgTtKUpBG0HkLI6EEyBtUL2mrePSt/AcGk1NRcRuJ31ItpDsEcC6lOzMdpJJpwikgFuAr6QQW0eGM5dCDK3WcRlWnLFYpRijM+AYcRX0nsxhtCAvVzfaRk82GPUX3k1YRfXCMo1bXcfibdUmrGDisS5Iv3RJ9Yg2FHOYHUa0tNaXDfZXTl0J4BjUTnUOKywHXU91athpHZz2GEch9sbjUBMe6VOkhHHEVNJHICMChzq0giXV/ly+BOx/Ctabi1icobnoPVg8i+dHg4P5atJkPBkIpWisrXAtiCOcbcgqweOBejEGGpGiDrNaSFzKNtvbZ+4tVulhb8I/Db8TUSSfuu9ljHmg4r3GtEWl3uL6upJ3iob2CI5NCWEsXuDU8NrdEYK7wMQp4ha+l1tM7b3BHcMa+k9kOzP/dfTKdQNqxRvV5f3xA2SIgU/oDWjreNdoLjXONX0hTzAdVe5f/WL/8QAKhEAAwABAwMEAgIDAQEAAAAAAQIDBAAREhATMyEiMTIUQCNQICQwgEH/2gAIAQMBAQgA/wDFZIHz3pD578tDIloWkdBlPx/XNVE+3do/jfvu/bUY9R8jdPstY/Gmon1T8UP7qGBn8opPi52X7pab+g/qXoqfZnd9t1bGn6imSvH2SpFBxAII3GmRW+zRWXvnCrVHu08gxDKLcPbd3SvwKWgRznVafH9M9mbdYxxzTajrCQ1wQfGyr66eiUcLoWiBsDlSHwbUf4M1OzBchV2SgtI/HcTT9pxxaVfd2nZVcbMUCtwcUeR42BBG4/oidvU7vckCvGcwim8pqAAeShtO6oN2aop9gasNptjp81/0013sUfHfxT874b6GNBj7O0ybblYt9IlGHpp0FFKtI8gZU2aBJCsGAI/oWcVJ3DO3pL8dSeVLcQVkj2oo0I1qedjaEPSb5NX0ST8/4AkeoTIqm2y5Ea7CrQdf5ITym+KJRH+mSh9KKJ0IHENTHoQ4IYAj9/JqxIjOUNgDTTsEUsVcglgeEf5K1yKUP/OVnkQVUzyRyACk8KotWFJ6irJMK+QnJN9I3bKj9+r8F9BMTeI1SqTA5arRrVE5s6Yq6d2dizf9AxUgidVyF7b82jZe4CCAQdTUMryaLkgo/wC6m9KGhqTSiLK81mgY1d3TcgLiy5F3LsWb/sCVYEIy5U+LRo8t1cEMNwXWd25V9pWyA7jcft3bimwO/pGSIqDZberxTS+9zVrVNXLfozczYMH2ZVuhYw4MhZK2kQ0ioYzxackKfuVfe3FZoJrt0q5a/BcpxNFkmx1xbXFtcW0QR88TrienE64trY9eJ1xbXFtcW1xOsN9mMmO6MsiZIXFOkwJuG/bJ29dSG1lo70E1LEuqrzOMC9aWar9x3fWMB2U1sNbDWw1mjx6iB2p6uB2n1ieZdbDWw1sNXgKJ6MCpIaIHanrYa2GthqgHB9KeDBhlDkk7LJ+5NX6BeU7aRuSK37Vjxmx06bQXSKcjd3nycbPv28Yt0x/CmmYKpY/mz1+bLWTZbBeMfFPV/E2sTzL0pkJJuLDMkdfPqMyXxUTy5KiAzyZ0YIuqZCSIVny5FWHSJFcdkOOeBVSTsCdQ8W5x/RCp/ZyPqi6sSeMlVQoCh/b+Qmsr2yknTH8Kar4n/wAI+Ker+JtYnmXpm+UdMR+c+JovNGXRGxI1h+YdM3yjrhH3Outh2XB7waDNpOUOKvE7Vsv7VvvEal76PQ6yPS6qM0+5B0x/CmnXmjKPwn02G4BY6j4p6v4m1ieZel8dquGH4T6x4NEnfV142caxPMvTN8o64fpYaPrV46pAOyMrKGBVsQnuOP2spinBtRG0k6ZHrkS1m/demP4U60+j9I+Ker+JtYnmX/LL87aw/MOmb5R1xPMulP8AunpVuE2bUU4WI/ayl5hBqTEfxPycO91PvR66zRv226Y/hTVGKzYj8q2jk2I2Oo+Ker+JtYnmXplWpNwE/KtrFtSjMH1l+dtYnmXpm+UdcMfyk6A2r3OlPfRZifrap/ayPHvqyh0L6x12ioJHDuR1cF8ab9Mfwpqvif8Awj4p6v4m1ieZemb5R0wvu3TL87axPMvTN8o64ftWj6IC46sWoFTuax/VTQw9TZv2qLyR10X3xt9INkUauhdOS4/8saTJGxI1j+FNV8T/AOEfFPV/E2sTzL0zfKOmF926ZfnbWH5h0zfKOvhxRvOYqAXkj0KrQMJPVNRG013/AGm9qXnofA6IezkuNZUzOm4llIk0U0y5sjKOqZc1RQaZSOjKIUEqBiM2esioqwYax7LJiW/NlqzitGcQoJU5t+dLWRVasGGozNKKuskl6JJQNgB0yG7lUmoGwA/byxt7xJg00IetFrxUbWe2xXvw2/TinZi1Gkn8qctVpt7ElP8Al/cdOaFDKbbborMchSzy3POYrwoHbKjt/Kn6GNHuPyYsrvyaDClKuKV2PBAoihdooUTY/uP/AB0Wgt6dunS0RUahQoTC14GR3H/aMWswAtQTUQjLH4gGirXu1CTQTvsPLX95lDAqdiQ2O8W5zU632+bopKUIJQdutsVk9yf9I4712Oi3AdqOPLdu6ej03sRKaCahR+9WfMbiNeFWRnUOhGpwWiFSUqq8Ct+0dmeE7jnF5PP0f/gqO52WeMiAPfvB/aoKPxjIAKAA9ET7Ud3Xc48RNdz/AEF4Cg5CSI42Xg0H7h0yI42akGiQ8hRuINTCFvo+HQfUwqvyUcaCP/8ABCrbbLh0O24xoy9aGwVf4llS7c6LCUx6SoedHVTWjshKygORnNi3dr/RUny9yhw287Tbge0+q2KMFE1uhJDSdvkJlp9Re6kK4e+2+mtVft+RdvRCMo7c+U0+ySLnnXox4qTpKBF9Ekd+5X+kdFcbM6Oq7NHJU+2j1g42MrMuy06Veaj3zlRjyQQQep2A+DuB6DuCho4ydyV13qH4Z7bbnha5G84pP6/09MdKHfQNI/IrGg4nZ4+qJVKfDKrDZj7WC4/donpRbyOgyn4rQjZEVpRHE9ytPGsRvyf+raaP9uxt9HhRhrhk/V1dl9F7z6PN/kwd9JiKv2WU0+v/AJh//8QAMREAAQIFAgQFBAICAwAAAAAAAQACEBEhMVEDQRJAYXEgMlBSgSIwQpEEsYDBQ4Kh/9oACAEDAQk/AP8ACsp4WoP0nj9J4RHp7lpyGSn95WQa7uV/GHxVDhPUJoe5GRwEOIdLhax7FafEMtTpHB9KKcNNveqdVGpTxO5mjQwAKfwlMl1geFw3Coc5Wi53VAlpVDj0epFynmqbPumiFGA3kngBGfZFrB3WuHEZNEOFPCe39pzUQcFCYVj5XKrdnei0085UhxIzkBZbhFEhuBcrTDW9Vqf6VVprTVFqrSDx0Q4XDYpoBFxEVbRV08YR9Cdw6YP7TOFuSnF5TLkEyC0wO6dwocRRkOiJPicSE2RynzTKhOCJBFDJa0wRuFVpRmD6Bc3X62ERPUftgI8T1QY+2aYX0vCbwvyN1q2pIrZXaqsdUdDz4m40CuZzKN9oWC+p5RmfumRVHDddiY/iV5m895W0C8zblVcXCqmxpsNyhN5Vz98yIUg8IUBr0RmjLiatqHtzt3EBfJQW5mvK2YCttyOy6cXZVa7ZYIIKPdpV285cCQ7q5qe8LyksIIIIQCEAggYhBBBBWcKLbUBHZCogaFxaec/5Jwt4+q9oQgIiTgtkPxHgH4lXBBXSPvmtxzd2gFCkpAKjNNXdDCsECgVOi9ohgwBU4dipzAAQMJoGoh+KNHiY7w3mV+LiOa3eFdx/QhuRHCx4PaIYMMQu0xwYY8FCx1FQ2KJLXD9FWmDzW7lmQh+UlaRMMLcEJzU5tIe0QwYECicE4EGGVgwxHcFbvBWROBMpc1tNb1hsQsQxHBh7RDB8eDDEcHwewc17gFcBVbxSIW7xJdYYVwCnp1DD2iGDA7J6M6RwYYjhb6koWFSug5rYgqhaJgrcTViJtWwEMLHg9ohgwxDEcGGPAZEvmsTRmXFbv5rcLACwrtqFcQwseD2iGDDEMRwYYjdy8spNCH0MVAQXBb83sQRHykyVigaBAzI8AMwAEDMoGUigViE0CpyU7STXIG28LTBWxEdt+cFLFYCbxDhnJbgSXmZydzZeaXEYVcV+Ir3POv4XNMiE3hPCQpNcEJE0cP8Aa8pvyPlaqabP/TCrijN+Vc1PO2dRy2cIUOxhVv36Dcq6MzhUBPmRJ+leVn98+agfSUaihhaciqsNiplv3aNUhIVOFbaJqRKfoFHCxVOL+1ui4EGRQGo0D5Uy3BFQnSKb9lpKd8JwYyynK7jBym0Gw3K8x9BH1BOc1wuJpxcHGRg0FOMhdMDmncJ0iUQUwppTSmFSCcCmSbkpx4U0LSJJPYSR4AMITcfkqrthj0OjsoScV/1MNOc01oBrIlabJ9DBoHUrTaexWm0d3LTCBI6FaLuLqvhsdl9T3mcgjN39eihDiaLHcIgEbr6uyBANiYyRLGFDiPWAWkXHZaT5i60HfKDWDJKceHKFc+kCRWmHDLQj8FfUzG4R+CgCE4znUbLT+QnAJwVXFOmd0yXUolx9MatRzUWk5sVMt6FaBAWi5fxwe5TWsTyU0f4xf//Z');
INSERT INTO tblmerk(ID,strMerk,LocatieID,Plaatje) VALUES (2,'Mitsubishi',2,'/9j/4AAQSkZJRgABAQAAAQABAAD/2wCEAAkGBw8PEBAPDw8QFhAVDQ0PDxgWDhAOFRAWFREWFxUSFRMYHSggGBslGxUVITEhJSkrLi4uFyAzODMtNygtLisBCgoKDg0OGBAQGzAiHSEtLS0wNS0rLSstLS0tLSstKy0tLS0tLSstLSstLS03LSstKy0rKystLS0tKy0tOC0tN//AABEIAMgAyAMBIgACEQEDEQH/xAAcAAEAAQUBAQAAAAAAAAAAAAAABwEDBAUGAgj/xABCEAABAwICBQgJAgMHBQAAAAABAAIDBBEFEgYHEyExFBVBUYGRk9EiIzJCUlNUYXEkM6HB8BY1NmJydLQ0c7Kzwv/EABsBAQACAwEBAAAAAAAAAAAAAAAEBQECBgcD/8QALhEBAAECBAQEBQUBAAAAAAAAAAECAwQREjEFEyFBFFFx4RYiMoGRUmGhsdHB/9oADAMBAAIRAxEAPwCcUREBERAREQEREBERAREQEREBERAREQEREBERAREQEREBERAREQEREBERAREQEReHvDQSbWAufsEFb9CqokOmruc+UZjyb9i3Rs837luu/pfwUrxuDgCDcEXB61pRcirPLslYrB3MPp1x9UZ+y6iIt0UREQEREBERAREQEREBERAREQEREBERAREQUXC6zce2MIpYz6yUenY72x9Pfw/F12GIVjIInzSGzGMLnfgKBsZxJ9XPJO/i51wPgaPYZ2BR8Rc0U5RvK44LgvEXtdUfLT/fZhKVdWWO7aE0sh9ZEPQ373R9Hdw/FlFSzcGxF9LPHPHxa65F/bb0sP5Ch2a9FTqeJ4KMTYmmPqjrHq+g0WLh1YyeJksZux7GvafsVlK0efzExOUqoiIwIiICIiAiIgIiICIiAiIgIiICIiCiItRpFizKOnfO7eQLMHxOPsj+ui6xMxEZs0UzVVFMRnMuI1pY7dzaKM7hZ8/59xn8+5R6rlTO+V7pJDd7nl7j1k8VbVXdua6pl6JgMJThrFNEb9/UREXzTUharsdyudRSHcbyQb+n32fzHapOXznTTvie2SM2e14c09RHBTto5izaynZO2wJFnj4XD2grDDXNVOU7w4zjuC5VznUx0q39fdt0RFJUAiIgIiICIiAiIgIiICIiAiIgIiIKLU6RYS2sp5IHdIuw/C4eye9bZFiYzjJmiqaaoqicph86VVO+J745BZ7Hlrh1EK0pE1o4FYtrYxuNo5/z7j/5HsUdqru0aasnoeAxdOJsU1xv39RERfNOXaWB8r2xsF3ueGtHWSp20cwplHTxwN91t3H4nH2j3rh9V2A3Lq2QbheOAff33/yHapNVhhremnOd5cXx3G825FqmelO/r7KoiKSoRERAREQEREBERAREQEREBERAREQEREGJXUjJ43xSC7Hscxw+xUD41hr6SeSB/FrvRPxtPB/aF9Arh9ZmA7aAVTB6yEHP1uj6e7j3qPiLeqnON4XPBcbyL2iqflq6fftKKFm4Lhr6qeOBnF7rOPwNHF/YFhKVtWWBbGE1Ug9ZKPQ/yx9Hed/4sodmjXU6jieMjDWJqj6p6R6+zscPo2QRsijFmMY1rR9gslEVo8/mZmc5VRERgREQEREBERAREQEREBERAREQebpdRvrM0ic1zaSF7mkWklLXOaR8LbjvPYuE50qfqJ/Hl81GuYmmmrLLNdYTgl3EWouaopzfQd0uvnznSp+on8eXzVOdKn6ifx5fNaeLp8kr4cufrj8S+hLrw8Agg7wRY9RXz/zpU/UT+PL5pzpU/UT+PL5rPiqfI+HbkddcfiXVHQo858nseTfv5rbtnf8Abv139H8b1K0bQ0BosABYdAAXC/2aqObLbablf/UfvS3vb9rj1bvyo45zqfqJ/Hl81nmU2u27WMLc4l05kfJ023/f7voTMl18+c6VP1E/jy+apzpU/UT+PL5rXxdPk2+HLn64/EvoS6rdfPfOlT9RP48vmnOlT9RP48vmni6fI+HLn64/EvoMFLqN9WekTnF1JM9znG8kJc5zifiZc947VJClUVxVGcKPFYavDXZt1dv5ekRFsjiIiAiIgIiICIiCi1mP4qykgknf7rfRHxuO5re0rZXURaycc5RPydh9VCbO37nSdPdw7187teinNO4dhJxN+KO28+jkqqofK98rzd73lzj1kq0iKqmc+r0KmmKYimnaBERGwus1dYFymo2zx6qEtcep7/cHZx7ly1PC6RzY2C7nODWjrJ3AKdtGsJbRU7IG7yBeQ/E48T/XQApGHt6qtU7Qo+N43k2uXTPzVf13bayhzWLgXJqnbMHqpi5w6mv94dvHvUyLUaS4Q2tp5IXcSM0Z+Bw4H+uglTbtvXTk5jh2MnDX4q7T0n0QMi91ELo3OY8Wc1xa4dRHELwqrLJ6FRMVRnGwiIjK7SVD4pGSxmz2PDmnqIU8YBirKunjnZ7zfSHwuG5zewqAl2WrbHeTz8nefVSmzbncyTo7+HcpGGuaatM7SouOYLnWubTHzU/zHdL6Kl1VWLihERAREQEREBEXh7rC/VvP2Qc/prjnIqZz2kbV/q4f9R97sG/uUJE3Nzfjc9ZK3umuPctqXOa4bGO8cO/iOl/af4WWgzDrHeq3EXNVWUbQ7ng2EjD2c6vqq6z/AMhVFTMOsd6Zh1jvUdb6oVRUzDrHesvCaB9VPHBH7T3268o6Xn7ALMUzM5Q1ru0W6ZqqnpDtdV2BZ3urZB6LSWQ3HF3vO7OHaVKICwsOoWU8UcMYs1jQ0ef56Vmq1t0RRTEPO8biqsTequTt29FVQhVRfRFRdrSwLK9tbGPRcQye3Q73H9vDsCj9fQmJULKiKSGQXY9pafP89KgXFqB9LNJBL7TH26sw6Hj7Eb1AxNvKdUd3Y8Cx2u3ya5607ensxUVMw6x3pmHWO9RMl/qhVVBsbi/G46wV5zDrHemYdY70YmYTdoXjYraZr3EbVnq5h/mHvdo3966IKDtCsd5FVNc5w2L8sc2/gDwf2H+F1N7HAi/XwVrZua6f3cFxTB+HvzFP0z1j/PsuIiL6q0REQEREBeXNBFjwtYr0iDC5rg+TF4TPJOa4PkxeEzyVvHsXioaeWqmzbONoc/K3M62YDcO1YejGk9LiUBqKZzsjZHxuztyOaQAd4v1EFMm3Mq82w5rg+TF4TPJOa4PkxeEzyWi0V06osTllhpdqXRtzOLo8jSM+UEG+9WabWJQSxV07dtkoyBUXisd7y30N+/e0pkcyrzdFzXT/ACYvCZ5K5DRRMN2RRtNrXDA02/IXAHXTg/H9V+eT7v8AyW4xzWHh9HT01RK6Q8ohZNBG2O8jmuAOYi9gN44nvTJia6p3l2KLldDtOaLFc7aYvbIwBz2SMyvDb2zixIIvu3HcsnBtLqWsq6mii2m2py4TZmZW7n5dzr796MOhRc9NpdSsxFmFnacpfHnbZl47ZHP3vv1NPQtHi+tnC6SeWml5RtIpHxPtBduZvGxvvQd6sSWiiebvijJta5Y1xt+SFpNFdNqDFM4pZHF7Bmcx7Sxwbe2cDpF+kK5o/pfS189TTwbXPTvyTZmZW3zubuN9+9pRmJmNm15rp/kReEzyTmuD5MXhM8lw+Ia4cKhmMPr5GtfldJHEHRg8N1yC4fcD8XXQ43pnRUlHHXvc59NI6Nsbo27Quzglu646imTOurzbfmuD5MXhM8k5rg+TF4TPJXaOpbLHHKy+V8bJG3FjZwuL965/BdOKOsirJodrkpQTPmjync15OUX37mFMjXV5t3zXB8mLwmeSymtsLAbrblqNF9I6fE4OU02fZ7R8fptyOu2191/utyjE1TO8qoiIwIiICIiAiIg5DW1/ctf/ANln/tYoLwLHqnDKWqhAdavoWPpyPdcXmMvH3y7Rv5aFOutZhOD1waCTsWWABJPrWdAXLaKaGMraHAaiUZXUz5HSNLSDIzaPcGW+0gYfxdGGk1FUbqfEcQgktnjgZG/7OE1iFsdSMTXzY217WuaapgIIBBG0n4gq/q2he3Hscc5jg0yy2JaQHfqTwPSmpCF7Z8ZzMc29VGRdjm39ZPwvxQYWHUkR0uqYtlHs+Tvs3I3KP00Pu2ss7WPg9VTYjR4xTUwqIaeJkckQH7YZns4MA4WfcEA2LeCtYdC/+19S8sdl5O8A5TlP6aHp4LZaa49iGFYlFVPE8uFPhDJGRsa4QvtYnhuPAi5sd4QV0FmwvEa+XFaR8rKsw5KinORgaHAAyWA9O5aPSB48bLW6tf8AEOO/65v+SsfQjPiOPSYrTUr4aMQPY4ubs9u8sy9G4kmxNr2yC+8rHrK2XR7Gq2sqKeSSkqy9zZGD2czw+1zuuDcEEjdYhBsMT/xjSf7Qf8eda3R6ZkeNaQzPp9tsoqqVseRri4iYei24O8rK0RfPjGO88Np3xUkMTo2F/GQ7ItAB4E+mSbbgAN61FJpE7CccxaofSVErZJZom7Nh3etDr3Itbcg2Gq+SOsxysrAxlMRC8Npt7XnPkBdlsBuy3P3cN3Sr+qqHaYhpBHe2aSVl+lt6icXXnRM1WK4+3FhSS09NHCY3F7S3aeqcwAkgZnEv6OAAXrVpSTmt0hbHnjke6ZsLywgNeZp8jxcb7EgoNNhFS3BoanBsZo3Np6h7w2pjYJM12BoeN3pAWBFt7epbXWThtPS6OUsNLM6Wn5ZC6F7ntcXNkEzuIAFt5WHPp1MKCowrFqKomryJomZomlry++R5sOLSdxaDewsrWkeCVVNotTQTMfteXtlyZXOdG1+2cAQOB33I6LoN3hWtWWKCCIYNWuyQQxhwzWflYBcer4Gy1Oql+bDtIXWIvDK63SLwzmymPRwfo6W/HklMD9vVBRHqzp5G0OkQcx4LmTZbsILvVT8OtB0+oX+6B/u6n/5UjqOtRUbm4SA5rmnldSbFpYejoKkVGRERAREQEREBERAREQUsqoiAqEKqIKALy9gcLEAg8bi4K9og8NaALDgNw6gvVlVEBUsqogpZVREBERAREQEREBERAREQEREBERAREQEREBERAREQEREBERAREQEREBERAREQf//Z');
INSERT INTO tblmerk(ID,strMerk,LocatieID,Plaatje) VALUES (3,'Lotus',3,'iVBORw0KGgoAAAANSUhEUgAAAMgAAADICAMAAACahl6sAAAArlBMVEX///8ESQr5vQsITA77/PsQUhaCpIUcWiH3+ffg6ODQ3dEMTxIzazjv9PArZjAISwqhu6MjYClijmbo7ugYVx07cUAQTwpTglfA0cLI18lDd0dLfE/Y4tlymXVqk26RsJS4zLqplwvisgutw6/AogvuuAuGp4l6n31gdQvPqQuatZydkgsbVAoyXwqOigtvfAtNbArHpgtBZgpccwp7gQuGhws6Ygq0nQtseguhkws/zEKYAAAZ20lEQVR4nO1de2OiOrDXo6ggImItii+UVlv63La77fn+X+wyjySAENDa7rn3dv7ZbSsxv8wzM5PQaPzQD/3QD/3QD/3QD/1/I9OcTZEs0/zbczmFxlN37wWjfjNDhhN4e3c2+Nuzq0dmtA8umloa+fto/LfnqSXT9Ub5WRsjJCP/e2f1XwUz3Tup6U8SIQots63+PjBnYbz37BSkyc76e/MtpulSsmLkr0PtWifC50vhc/b/ISzmTvBi5Lk1jdMi9gQYe/3fkLHQb9GEgt3i8K89k6ngyVnHpif73uzLp1lBPZeZEawzUx3M3I4XON2MsbLnq11kZazvYsdY7Kjd+HvUW9NMR/sULwZhxz+wXRl75a+nKTTWkmTMcf8WFAEjUIs5CJe2DoOk1mQ/7cmBXPsvQmm7CKPlSatjxoFy5ZcPr2+Pm6vt9h+m7e3V5vHp+WEoP2L4rmTM1Cco0bfjmOIi9pdCMwZuIDE8v23k/A/pdvP0cskf7fuR4MvCQ5sRfK81Nj3kxkrYzanXFyAeb8sxKLr6/cKsMVZi6gufBv3GWGyN3tlnDe/FrBf3H+/XdVAQXW9u7um5iVAyC7na/S75MvHr7Cn9NOiQ0bm8uaoPQtD7K/FltGYJi9De+d/iIWNgh7FuMwwKnV42R/Aiw5e7Bxygy1B6e1CVi69nyhgF2Scd7+0QxvCmll6U0dUzsqUb09pYE/jpqzVlCqw3XPrBRTm4fNt+BgbQ7QdCcUIctr0Gy2F/qflaA98DYgdp5vDtRJnK0pagMKctO7VcX0A9MLqtDkoAyfLwY3sOGEC3r+hYSPd6K/hh+UWOfgzCe0HGaoqx4ksN3dhur66ufikPX05Xf5pKpCLQvvmXKMoCNMJG3reRHfebipn9+v38IAOS4cPNXRWau0tkCn0dLJXzBamXKSyRhzZygQ7wQ68c27f75gE9PFY8hPIVoBsZzMGUFWxxPkfI6o76773e/d2+quCwNUpF9ZdPeigbgN9F+W0vQeWnZ8aRyFILzUh7D/N51U7nmmxQc7KPLHbS45m7oj3Y5aOeKc+AfYcPrc+OBHAY6G2R4Zd32rm8o1A5h1txa4kO9EFvI37DKngD+b1nRKLGM2FV7/UTecLoqXiTRCHNUM+UK1iIyfj8SNRoFmymnrVitf2DzkZsM9ompX4ldyjG0YsmjuGgnofG+ZBM5VhouT60q3kLq+mQL2iHK7sltNwIOhx0RBAuP2x1o1yD9eri50NYxbOEKwuJA8xVlVSAJ/CRHb31QQrCpqAWPWuFfL5JPQd56J7Bn4yT6bQiMeJQ7wQ3Q2WkCzMpNiaw2hDrXOoN+ONQIgEef9rH92D1XIHj8r0SBxnpgV8EA7Rnj+zaVSPZSCRghYPPxl2eWGLQjxpf3UfmzTSJLYpy4lY9JMhB8IzLz+GAxfDgP1Y1jiv5xW6rHEfymRA+E9VDgjFK2xdicSpNk2+zQRbMxO4O9XL161Lg2OlgNIX0IZJflUhGYLgHifvqf8J0gaJfmDxQhZ6D3SWjsKzAkdBaIKmwXY8giqDnYDo/ofAJR1ugbm2ISypCpGNwsNqBObrfaod9E6Idif+cQrH4RogT9X7wGjYecW0czeYePgsa+KCPhsEz7sS4J+ZWTIOtHqzGsx7HH4G5Uw8HSxd8+o8eSTJyKwSpSDZBxml+MeAnQT7vq9dtKdb4GCTLyjUCmUU9XfSTmOEUHDAnl5fiUq+TN8lHfcG7NPWDvTszzcbYnEUdn8s+F5SuRkFBw/qqHfzXkAVDTOhIAsHCBQAF0e8/QCMn8FWzjP8wVmEvO6aF9akQ7ZWQGLAjT9rhH4WaJCJycXwy1WPBgsnplwxtJEx5kS6mO3GvaFjLA5EiTUKvgzHQb+0XJHvGFjgREK7VsTimLMU9p0pBNjBrWKhxqmJYsq8S1J6QkIHbHjtVLAc1sduM/8iyKSgGPguCpQ0k3occZQ9S/QJLwY1e2PFt6Hyw/aWbcs0WCWFXLIDe2743ySbCqk6OA+Imj075C7UeBDYguO/pTZRyhDxK6Gfbagw/Ft55xQIISBbJTmuoXa3EmvSBe2HzSGfS67KmBxWCBYFJH7jdVnG7w7moaVFdtOWHKHRjhjgB3s2MCsMIwhXwfJxjAvrE0rUWzBgd04sCE4cMS6/UxZMZYJY05zCvsCrsumNWgISsj2MImIdeEjS+aIZXgYkKeHlXOpgUYWAauSQlSNIBacOul2QBAH9iTLuF5rCMIf0xTW+oWScMTNDCu0p0yKr0Ksrtk44SRRkS6MKuX01ixeIYlgBDYPSBodf0ZzGLUDlC2rA3yna6hSSDNF3Ylej7xYBYMqqrJcn6tkwae6hhNwRYaBFmyhGyJsZO7BbSvnAPXCfs2g4JMbCkbqDiUOgPDHkrHxkSiqipi5QjJNs4MCalixYV9Am26oRdyfcZzBK7Hg5QQ4sYclnOawhM0HaOU46Qv2Gpi1PTn5dIQkACtbzysAtYAgppNcnFVZNPNrt3oWPIv002tL20eSKe9xJW9gFjJwgCNAZ+gLRCi7boHyKpE3Y9scEKaobzZoskJNZpyEYEJhi9yumQYQQbBvOfwe/QGqygk9EQwWuRh+lWh13AElipxFS36gTBOzYLiQG9KRsTAxN04F56Nr5kKSh9Eq/ZsfxGazd2GZZVAKRO2PVKstvustGvIIc21BD+lvmQW5n52Wcmw9bEoBh1Z8RizDgyCSEpUREQFXaVZrvAl8zoS51qHABgQUtd5tRVYBJn50LhrUVhgYnZdBedRGJ0R6tpY9wclQOpEXb9IXO6kF+loyWp+qBfGmVtH5qpdHBaRWiEiDyXH+JyeAwE1pw50isGUh12JRFXH4a262RQR+Sf3FLbi4EJurCZkZ0IG98dqeQK/5sG0kzlswpJhl0l1ZPrS1rBJJ4ZVeEAyQJ5DkpVPQnfaD0WRn4eNMQKOToyia0ZIF1Yz3Z5HFYVdt2QuJjN6p3iXn20WOcgMMHJjQ+iDc4ErnADAAwJhR/Ze0jYONjWxWH46fKw650tb8AZPg3ZNFiixfeFOJ6EBPQOHTQD0brddqiPi9HQwV6lOFi5J9naVYYpwIkFQS6Me3832bq0C/YbnYpFAlp4BX49RSrsKpTsRLbmDfJEep/okhqBcBcVEWCjRknxIvlQqZqxiecUkn/MgxT6eFXwaArJVCxTUdj1zsHPqCoE9khAwmKbhYFJaZShsuWwITXp65rCjwAZczT/kb4OhGEXCGBB/h/sVqjmWU6MdFm4NbgSFaSSFK8I5XA9YcpODogoNLuFjwvShl3PZNrcCgMMKgJLaRcthwpMShyB0D+ECRIyPwDCOy/9BhKLVGZx2PVIXwMT1SlJxCrSLIizsCQFbE3vbDPEnn2M/gVc5v4QCG29CsNGRY4oUh2GXbfJn+GvXX2Ca0/yASqSHwEDE5rFwXkpQdyRiP8H4zIrAEKi3S0eQJAm7GIl8fWeJKCV7ByqiApMzPJJqOiXHZd9CITkb142BFN52PVMjm5HS1VGFxJufm8IgQkuQdFOVRDb37n8Ydo6AEI66pWMIAkNR1HY9SaF5qIcx7hJKjQ6iHxlYNLTJd5CGiZWP8WtFBAHTjSManGkPOza0BBiqsU0JYUFXc+uw0eTAxNtoCQs+4CMAVq4aSSABG4b9sWUTa/QESAK0pr5sEtou6FLQbj0PbO8rmNJCvfjOq9syBVitC25Q9x34PQkNqiUb3bzVBJ2XVLka+t8+55WNcHzkH4UMj+YeNXXbOGLKfsg55k+AjagRvpZ1XpIKgm7HgiBpzNb/MdOdhFkI0V+Z5sliP4tlX5gonMHYbyftOSnRJmnEklh2PVKlnCvC1ICCTZltFRgoouRWlik8pshDmQqV9PhgYkoFVbvQFlJ2PUmxSYoBTIiUxOkH1S9MvmdbYouKPWWxGgjldpCspGVnKDzd5iaRMPXiqfVSFTY9W9a0AFBqIu2DBnrSeuLgQmah1SK184anYnadoYO85vyRMuCDSm11iUKMKvBExV2yV3FhpJBlgyJCqhJUUZXbXOhlEOZn5QjNNrjIP1tnqkoELkz1GfLzNGMT4KOZoVbs0NSYZdw8VcJoxoUNpbhgL/1CM+Wn4ISCAYmGbl2uR+7mLgOo7Nw/iCf28v+OVYsl2GXcIxbQgA5pbLWFFN9ZKsMLxr+TIoXqydRucYwkrCsH9AOG+V7EmfljjP8R0cMn35SQHpKfIqIxQ7w8DOXoisy59BB9LPilaFl9iRZluiwXrEFVIcSB2oVfJZUUQVkBEZ5unFKhkABuRGdRTkxwVaCRntXao759FJjsM5ZWoe7mAsfbXVwgz+eTqfjQcqeYK+Aqss25T66LEbJA7nl0oqqwPK6iUMdVqlDEMf74B6I5dzpNvsj299HAl9hxDYCjONOQXQNE4ZI+OpEIB9cWRnkQjwV47TL79soPwrdjgufgqxGu1OYLML4yBabpKOBQMYC9TZnX9hTtPejQBszOeuibkp5lD9HUNfulandmlhChaejgfzLJSgzK88O1+urmmJhcvM4e7SoF67KeAjLIyWub3ud1A0XKBhQ33k8CcgrL352Nyfab2f1Ar/mxXwZR3DyIlovg+IsI/7WkuWGljgb3o7ld3CO6qUekMT89lNALinZkGMI7zEGZU7iaJpEIP4YbgTQPJgWSOls5rTOw2sFpF9uftkhtpvoEMVWLKshInQ+qrWhnGwwx1DQpwBwYeb6TITStJLf9/pot9iz6xyiyVNvYlZrw5W6zNILBcmmGn0XY7toVWMHm8UhByuJZCVLwgbarTta4Abtx0u7Z5tS+q4w8Q4+NbMrFQqS2Rmljge3o7pbDaJWwEUCWsHitUUCu0X7pCulyWU4RDnWxjD+Q2ZZFbGCZGojfkYa2nF5DCbJ8GNLmJAOVcnyNQlzivZuIB6BqXRw07shRs50YbxDLJyjnbuhwUV0EpqrQPQXpe2YzTispUfXAC00ia+Ep463tsBVinx+v9doA/ZWautignvH9KzkiCeBPJLqR7oadUBrvsJIMwcklbJIM6nPckofwxhLRK5rt7PyA7qVahTMvb2XKqGoMSK2HAYfzF+I+GyV/pgC8kR/iXVbXU4+7DAYyAFpyWYDMy08LBEiLYFtHfSBgtqY05wIfVLbAk8+feF7nq/shdtIbfaVaHHOVJt84Bx2hOkgBqLsk8duKq3PBunoWGKbS1iZLgv6GIwlSr9qiB6mDQ8I0r8qWl03hKQ8kHvzdaU+l9YxMVRDycJULYTMU2arvZKsFDSgpQf7N+jYRos+0GlNdoPGGIwdVQNSw4ZoXg5w9DKF44i4+Puff4bkCLUJuplKmd6C+YXlTa8WNpeM05IVEkNS1tjkpbc5W8FAmrhPDyT2gXpiVbDt7eI3pcwGOKouWFNwIyAamn2VcjKYRtmwl8oYIdhsW6nfkLSl40dM/yQ8nbD1UkCaBp45ZtenUg8X7QZnhgLqeG7NMdiycsUIsGBb4aehH0VzVGkk5e8JoY8b+d3hKOT7Hlort4/pjCxWtu3qFykgTBQQp5gQkgHGnWdvMbXoYGkn7XRBRaj2/yT1WFdE5DrQGuPMe0I1zoW5cEDb3CU+o3fBY6Wlz5crUgqEvFFq17mUoZtslRFXXonlgcWfo9F6kVU9XRsd/3mK6fjiMD5ZCVJXSC8TR9K1US7sqa3EIRCqNPVUSD9S5hsfb4erXHgA9gkk6x11fUpLrms+C1nbWxBtiY3V+CDowOtL0DWjmKYc5AVfnKN+cwikT59J7QYtyVQjijrzg+8bcQ/6PUZaLdb1UAMExgMRnoChux5ycHWYgurveh21gqm/s2lPpXUPgfAMUhZiWmiAJWH0Av2+jxjKQgkHQlntsUSH5r5HJbkRZfHyrbmfnTb7x3RjRAEQqmuk/JGZ4c8BxcxAODfxQo/HVV01K9IL2oz9EoNoCm545EIqJkeVg5RwFAChYE895VOHbRnhoBAU/PsPSgmoiFd1SCmiYimMu0F1p3paORIMfkUHgbAj6WkXAOEqppBI8OHlJaQW4oBDwy+UijdASIyqAzGgJLDIPpo6lTItTzljapaasDwR0adzDEVAeFsTgf+xIdAo70Gguz/wKORWJUQSiWlVnNydkMK61HgGSWyOMd2yPivaWM3Wa5m2zcQCRUCkBxhTF5RVukUe0RZHFEhEU+NeF8MTcW8aGOB3Lius+AKvsryJk63mjLN1jyIguYbEuLQXjW5BmoFXuuMij2gzrWphBrsGBtingih2bvBmtlfaruClwrdcMeGiEEj6SqDybT5vgSLA+SjKNcDNRVMEOhpyCKzLSSTspbG5gl50ZIIooP3r2M2XoTggyqcljQ4Nae3KN8Z0KUkb1mBInVvQHR/RaNWt2HuSLbBb+PQ1dKFchPTH0jspcM6H1yxLI1lQkB4FgaMxunzLBV3x8y7rThg6ONVNpiRbsBQr2TVwg8Nybj3UphZyZMQyqWlG1e0naeIbNPHOO9kh9EBhJbjSGtdVcb82AOKSKFxRkuwv6M/tdY18j5hNelxtt0GOunwQBS8kexYFTTggymtc53zommPFiWra+gX36PRF7Waw13e8Kmr5XqcDp612naVXPwtp8M1DM+D+UJ2Meea2fUN6Ii3BmU0+byLP7uFdPnzNDHxkWRfKCdRfkqsbLPF+ONUMCDs9PqHTr3WPBZ/Gao/STcx4E1nTEw1A48I65xnI2PNX0C28N6kWJxHD2nUPg4MugZKuM2eT6Hq4fkesRS8+Ru1r0kjUFOic7326ifqWdxUQa9e8ImVCbgfOVab7yt/xij9DQlHXep+J5vKWWbRwubssb7iiOa8OTwRFjHmdP+H6eJmDMs6Xn0+nUUcUCSxyVs/ZtkxgCATCYE3rngRv84lKYEm2e+36DW/J669UZcIqqicfSxcr6XBC2mI95Dt+n7k449c+T9mgM67gNsD05wbcPtGFf/NQVZ+t3af4MlrJscQdyA8HLdjgQ1xmSP2rOIAlPv/7Jz/k9o1utFay0IAgyz+2WoXUD1KvV7A4eXIIA506MsI/7mQ+bN7gCyD5dNhpf/3Il2IGcdqeW7H+vvg8GUFHXbmu1O2l6LwHnFsB6ZsexRBiRcALcLktGPidLhuGSnqm+3YcVdx+LzBkrrJoDOI5GcDhTeFFVbBVxQ2efYyGAIHhwtp0v+yQkLqr1O7MssweWG7HnxTi6dr+Pp5mO48XO5FCKb3q9Jm7e8SdGkdQwGkxyF6UnTm9+hBYDH9d4KPG1jRy4w5S7EZT67AKO45WAvD9U+llBnCQCEwvNMXoOuKLCDYQEPNDWUdzGcO7xJKA2YVHXeVlidtNAcWN5jo1zIHAE0u2pkfRiu+5gZSI9r6lX29/1E2yjr+LFpVWZWDFy0AFaw9v+rvoXlK3/1RvqA6+rMs3G4Fw6e/2+ed686FuKE4WwPGX62ia72JIBGkxhbd5pA31/WvldcbQ0A5BFgjH6ITr2yIWTFAX/T0yDOZNvjJB0mgUCLJHB47m4eauxl3U4AoxfwSb9/B4HGh6sdMBDplXXBUn6Hbz9lxw8fIBXf65ebyqd705nOxCPoBgnXYL3fiCM6KQr6y4YC1N17eb3x/Pf4oADe9fXp/u3uutCg32wLoKab9TBAsIhAu3MJDM0d+xVUhwQfm/d0ybq6vtCVfMP7OCYLkpPA0HlRMiMYrmZpGvow+xlhC/nn4L6MDmllK8CUh/UeOXEIRYmEUHJ2B/4l5WS1xYOa6+OvMLSF6cCZ0DJ95tyATBjbyO5ruRAA48roBXv4SfwUF1kZVgzvciARxdeWdJnTPmOsLufioafTMShQMW8+R7TCVh2caVSL5N438300e1J2d4XQScp6GzMHhJ+TdZ4Q+JA9TUOctLe6CAR0iwRHaCZzyarsEPjuQJtXO9KgIvjqeiJMjZn+1X47hV1SW8fP9sr7yYSp7Qle/6C6A/Te8QRQfUHXLmlysoJAMwhV+r8rD/4Ars+V93gXpOfQ27TPHl7ETvZqD6x/7sOBgJnZ0KoSR6r7+y/GTCt9tQdR3v+z//K2HQYlHdm96R9ro9Pwx8iwr2G/JhNOfsOPjVIzQwHRO7119nfAL9Bnbw9WLYnzD5kpe+DWCJyAzzMbGXs5ovqr/wgTnshvC+6D1p+PYfVhQ+1nWzPReMW5QqgwwK2sZPx4kaws4am+R2Qa9IezoLlNsbzI15xA4s58pbg7+EsOeXX5lFbUrngMIw+BWLbWyUtb/4NejE9ICY0l5jc8rw9VO68o5C1XS4XDCzlQB/KeFp4z7X9MVx3D93J76Eb/uYfbEjVdehTfrrycRiJb+8sDHgVuNLXRq6hK43XGZxXE6vUnX9q6zVAbkoUeLNseL9vpBSP+rlp6+cYpVvGKbq+vewg4huLWt5wu/OTn8d7cVSVFaoLN3af+PraGHqkyyUgRuI7gF4QbAGDbwgWNQhUi8I5ur6/Atikgoi45t6ZfPYnatem+HD61P6lc3XBa9s9lKvbKZuLrx74NupffgS7V79l2h3puqpWLxE+2/AwBnwy8O62dea76pfa56qAYnquv3XXmsO1BYWy869aN6C0pSdAcQvms/UsRaiOTP4/veA52kqeoTSTQyS2uJGlIInZ3tehf6qZt/SF9NY9ryOPLdmiLSIPVENtePvNbhaspZSirr+LtTuhxbR3pclXWf//fa2gqSgABm2t3dDK13YHZizMN77tipLt4Ldfw4F0dj1DuyVQWd1D1ognVX0H5KoAhpH+3n5JSOkSX7nuB6Jv0fjqbv3gjwbDCfwOu7sfwmGLJmmNaW3nxYa4B/6oR/6oR/6oR/6of/b9D/uPvcqj9ATcAAAAABJRU5ErkJggg==');
INSERT INTO tblmerk(ID,strMerk,LocatieID,Plaatje) VALUES (4,'Mazda',4,'iVBORw0KGgoAAAANSUhEUgAAAQsAAAC9CAMAAACTb6i8AAAAkFBMVEX///8zLCsAAAAhFxW4t7YwKSgsJCPp6OglHBonHh0uJiX4+PgiGBcTAAAWBwTi4uEdEhDU09OioKDv7u4UAACysLANAADd3Nw/OTjS0dEfFBMVBQD09PTMy8uvra2FgoJdWViWk5NQS0o6MzJHQUBqZmZ6dnaTkJBUT06fnZzBwMBxbm2Kh4dJRENrZ2dZVFT2uIDvAAAXEElEQVR4nO1dZ5uqOhCGSJAO4gpYEFABRV3//7+7CSUJylpYjZ777PvhHNdCGaZnZiIIf/jDH/7whz/84d+GvrD9UVgUUoOiCEe+vdDffWH8YIeTJIo3FmhgqTIUoaw69J1NHCWT0H73pb4O49CNtpgE6inLXSkc2ePFxZcWY3sUSm6enVT0zfk2c8PxG671hdDDXewBEGS7YnT/rY1HxS4LAPDiXfj/EJxFEYkAHA9SX5a3pcMRADEqLrnon4Lvotv4Xvq/P9DyGxHU/f2B3gQ/V0GQjJ52vFESADX/B8kxdtfguOxWDgsfq8fo+7Raq5ZJMVfE1TaNDu6k8Lt/OV4ewdr9t7TpNAXybnj5/jB0s5XyZTmGosqyBqHYBoSaLKvKYOZ8zTb7XdF1iJ0G0unrb+FJkAKQXogGsiWpajqKrIn3AcrKzHLi5FJnjlIQSHxu5ZeYKCA552J/t/1CZLiTCiw0dWYeL5TOOAHKhNcN9YakguTMGQgj2VKucAOscOULqmVkRfug+g6on80b/gbs2pSwc9lRL9SCJivGzLGsuWOoqlwzgDpw5pblzAwkRxeUkZ1B1DYhegI2n2tU9AxkbemQVmabEFA2HMtZx9FuUoz8sd4mnK6P/VEx2UXxGn1LkdsUUeebZevrC3S+D3VIC2/dek66K89Y0dBUx1pny7DDOHQAm5y15ajsEaAxa6sif+0VPx3gndiDHfunnlsG81xlZ75Nwkfd6HGYr8wZq3MVM2pRYwf2v77yZ8NXYSvg2DlKS9izoi8360XmOAw51HnOHsqG6odpjQnI2D8l2WAY28rCXx6+2M8ZJlOclt7IwEeZ1wiwV2dvHXLhmhMsn6HfdFd0qOqYBaznOQGHJ5zhSUg91hlKPHLRmrX9LUtQFEdKYuixfDgy06ed5ZdYDRh15gdEPKCzeR4lMIpgRtWGyhx7bKyeeqLe2ASMeXBNjV7t8x3DJdWi0Ivo+4vg+PRz9cBmTfWBnjrkUs2X+EGL/Zzq0IAxXcHm/W5XHNBrsCF5arL8XPGgKKgO1UzCeQcvfnsO0Ddj4kcWJtFtg/h1T2l8pK6LWVmQQm07em/BcrGAIKle7zxyifPXGrmMSCIiOiJOCpSR8C2Mlzd/+UKEYC3ogSVieYgscoHeqy8q+aL25Li0TMSF3xvkdL1KLu/AwpHlQNc3ipkO9wNKitfHS65JzgYNDzFmambCtzx4n844nU5uLOpCrMhMxMAldFwSYsgK8kFXwTYXYk2OOZy6Ey4YZ5FwGgyFPRVg0eQTHexqkZxtF8IYBsJmKWyg6LhcTn6BMZCE3QkH6yOkNxsT4iScTh8ZpcOFTjcF34KAuBFnw6z3LBjEyO+VFPTigCKzohYSlV9ksJVFeYC0ZQJypLqAL2Cxkd8SmRQAeX0+wH6EhCL2xRbLCRT5XYCuzlZIPral9bCBPiylZv4OWyJiHwI/DgQfQhvFCqrmPW/J8DaKCD+GUykVIRCmpdJCqoM7JiVHCE38lSGPSz8EnFXXMG4SJxIUpMqqO/wzO0alI9PGwyysNfdcWwLSRlUiJZ6olb/BUUwrTED1v0tYEq8IcHV1JpZKPZkoE/a1izPjzRjr2nSOAL1//8gxQirWgBXIOMHuhfgOjRGChjk9NmEjDTw+GgNRopUNF7SJQHJeFl9TEpNViaidXVtac/flSZWJCJK2OE7AdEhiQ74+xhiM6MuzVMVSAYdXOn+LxJvvzhQTXhYIaRzwxdP5dBldPQ7kM6ei2ID9q6pFRhkQz9OoIxkiEzaheWGDp2lft4KOCJzHIKM9WL8ihyFtQHquDJD9KpPAOuULuHnBuX+ADdoFioW5vqwWcUD2XCd0mHsgv1iYXgJ8brxgfVBprMyvZnhHrRaWTL/btyhSsJ48TY9OY3C8XGOQ1DKHluALsml+R+Fn2zf0VHv0QLKkrELJL+77acyhLyHYX7q1E7mUTnTuieDbwoomyLktHS2oFRGUDAerW8SThXZek4MRpiD4LXOMczBwL9hu4c49fEI98jRLF74TwaUL2nNeHnAByEvfMhFjrGUzF8rH1GFNMXNEv5Bfe99VtYe0Myy1s+uoopwJQ28tDGlG2OFVonKIyculga5D2CmiouHrLQKw75CJ4ti7JNPfg9PFT8fLdX3ACcTBqTUVItXyhSNdv+S18s5E5igeQowxNPFCcoCfxRTLxOVP0GNc9fCMx3sQX6iJEBfSlvw3EWc4BoFQGJtYX+7IIhLktLyqA/qgZIgZVNjiBwKdI6bGGJm+qEPPedbxQWroOdieH8jPndqR011tVkVjaoLYQtROSGKJkFh8VleZ0NTGJ0eMMam0luasS54o4g6FGQ006+LWrqEwwHlR52QDttWBx7mjNOlmc7iYV7dPXU+HT4JtCcnLMpWEGGPRPBA4UMtKu2FugexMzk+yqHl3pzjGsem0NW64B4Ok8rXC1KSOFWKI0s1yQiEmCsPgs54Y0ZKYXK29vG9aFqF+Veoz/AawZQl1XNur3pmCkyxVZX1MfamBfVi/DCy2tM+QdKt2sBJCITXqPu6TsaKeVvUc5L1QMItFomxVNVoLF7bCB79cfHZOd0SR+zlkuQJZE62m6yhr1Uoi2oP6kaBQvSBCgpiFBxxq7evKXKQxBu3yXsOq/E0UVqqUOSZlHYl80/gP14HoUdVSrBqTvFhuWiyBjqXltlARB4oCzWFA7Zm3/BN0JndR18ggxki8Qbv8XbaqphcdMUfW3FdW8bB5nYGnIEtoYaAkgqjWEvs2S8jOrKqWrLN71kKglRlzHobEJuk9YdRIBtIYupR+Ga1nBhXzu+QA5HNsa1YIqqsebK9cqQSSBanmLcS672CYiGzFq6gZX98Nf6XVB8h2bMkDsXiEqiH1wIl4VppqMUnNNnfIjnLA1zSMACwly67rVWT4o9JwEUuktXswDWpKFCdTYVgCKt5pQvVyHa3PCiEi5HJ4JD2lGb3shiXVJpmjT+KvFjmgaq6wR6AnQMYWxK1ZSRv84Gq4yKkYVRIyTkGEKTHMVabOFR1yHrR7zurrMFx6ReKAR3cJXRGh2ROFsebjSeoZrf6AgXMYYsUBIGLqU/0R/OokxhL7V3Hpwbggxjxl71t9F7IFk/Nf1q6emgsFqYhReOT5cmqtmtUZzJ0sFsuT2SKHamJDgHzqo0/dsnkHMQpc2z3E/9hBWdPipyajJbC27AjyallFTt+U2HaVR+1DRl2tFSm6uBDO8eTksY1V8hyHm+MMHIg/BK2LhJ0PMNMlQEf8sddxbMZQQhuY+25rXFMAORg0IpF5OFvf9CTrhhZWF7+Pl1uWO7T5CX1rtKZ1XVA+c8gXg3L9D+6FGGBxzyklzrRlGzUFUHA6pqVLPPpKUpoaIFf6kwFrkwNFI+NWlbR8FllvZUvAIpKvN+iLU7FRhEhbbq516No1LdZMMlz+/v2t3sSWCiI58SW3EwzdFRUWeY402nBFFVyr6+RQJobwQiT+L2rKnpC2vNG5PSS0oM6WFv/mJu/EkYYjRDivV0mN3SPxDmZHxEI5qe6yGAM08iodHOFF42Gg1LLxdTt7PK5pIQoC6WDUtv1v8W7QrJZOaXErEh+6G0urBQX9PiRNeR7lKBTcmGOsORFBiq/qC4Z6vlzYhdo2QcioMMgjFd6LFghhXGtCJ9WF8aa2JhrxViL0joF4BmfN6nJqZXCfk7CgfLEhtOCR5etLCxx5Vx1HKkTMkNZKw8jrD71y7S/HkV9VTi175x3QP2FB9cWRKy029FndqS8o/HheJmtxsV1T4F4H5xtEJi2dYK6oPrHi+xpZBaovAoYWXJaLHrQjZwjXpb+Mfcq8ugOtfIBSeaw11hUZ9iI164F4orYjOH9DZIRLMifOyUv5cVrg1jx8uR5yqg4VLcusX5UVMpf1u8bqkRKKmhbYvQoaWnApSOn0Ox9JFthrrDdxbVNU6gw4QA5Y+cpAh3bL1PpjDnTta+HMAZmXwMXvZOIRkjl5MAOfWbWYpKU1UfIqRSifcFN8zTSPoM4p4dV1kvyVs9u/+zXymLwkceqjiZOlVyvNVXkEpYzXoKFXK3Dmo2mYujxpMGF8cC5xqguIpcubp2A8mjiZWlCEzlhYVAnM8jgeMiGBhsLXh2tmpSp/4UyZ2IxL/kKiadml0fvE9gyK2qZ0vJtjIJ2cIce7O8dzFXU2C2lwGrNzyWuFFnEVSelcj2XtoQrL0GxX50yxc1CYFXc8ijq/pjJXxCffaVuklnTY9M32CZCHDoo/kP6sq2mQ9tCRwPRq0KpW7XBkKpFyFC55cP2LhsMkwdDH4cVeN3JYx15jD5EqdnoVWlXOpoqEjC4ifnFZaJchKZNrErk4qHocyH5iM4p9CzjThdAU1X5OgUGkglg2KPc60qPYasR2E0PSr9J254h4QRL5itj3hBAHVz0wrmqTzAXj/XFJXyBlL5OsA1FVPTVVLOMQd2RixZkYotdPxqurwHe/II3/XFwtAZfLNQ6u3py7pzXXVYgvOkUaE6mNvg2VlUnFXiddEuBUBo0fQ7MK3hR/9M20Tj18KHuNJb13lF2ZEeyi0YItLia1YsTmupfKL1VVpOKYfYiNivdAsNtCGeOWHTQpSbHzKvDEcXE9ymjY+Ly9zTmEZTlGrBl965arKLUUClKKwq23CGcmm1RWU3ds9G3yKuY4TTk1+7fMVaup2IqMaGTGp0SpXr6s0lHCpE5b9k8XxPJsiUjav8e29ClKu0FM/PkC7+tQBYP1Ok/DloPeR/OgGDq/SMmVT8PEypx4F+XiAh9USUWnDMiauoP+ivugQpUtz3oQpXdR2rERrdbi10xTe/0OFspGe/Z3bvDSwi8ychkWkdIG0WYaLomcCk2WoJwQlDUtsr2DoZ3R354K+oyoSlqy8ng6qD/WZNl3SFJJs/7JE0ft7zFLs6aAkdaY9oxr+oH4dziJU7PmL6KhHejNFmX+2St1FW0r4thihdwb0rUyQ1xar6F/9S5H1/trixG6klm5YjOlTQJfXLfrIKsB2N2T6qWad4wkSWVRjctXMVm54hSvNyCyCVWB1Jpy7IRsYJtNcc+IdiFya7CqIUKGMfRqrvUbGCOV1WNlv6i24D4Ag/T84RUewT/N8aU8vMjzW4TmLK5eMY0KXDu4MXRSpV6tB4xivPrDe1ZNAJqFbjpdvXw4fOGSArRaTRRIUAZ8pyXuzMZ0RbTN6M5anqcCnqdZ9XTGV33aZBbhlI6IhPDqb14DiUjorOGG3NR4SonYeKs6M23fecuOC7RXg3DD0lP45J8xMtI6FDOF0nx9iwY2YUzq/xeexUtcXeK4J7QVs++ywq+Rk8VLlaTBR855U+mLUJDzSNTLIlWB/EH7x+l0xuGGy3TVkFQ+MHqzSTy+A0P6RJipnTkHYoRkLI0/ZxptzP7x7q/BsCdTLLB8uZgUZM6Y77CkeOuuPYfOKb/LF89f21EBsRhSDN68xUKsdhEjfOkOKXsihIXHkKKO3d+IDTP0mDZADNfyq1KOvrxutAIzkRxFyRwHSf2AxZq2UVnMatXl0K3nIAHkJOzEZVFbv32GPiKGSDljcKIxYmi8YEuBUDaag/qiynKF+AGkwJxBiSGzu4IcOga8/Ap+THeg2ZmQJcUncAWGvqJPCJqMMh9+g/R51PBT8N1oCvvI+N1Iba7ev+FGg5SRXEVkWMNOweo5zgYe/NDEGvrBa7XNOx+zRQ9Gwhg3+PXNrOwOc2Dmvw2Y7NxkRvEtDVZTVPPSPwkFO5BB/jowPKtLK6Dl/Wf5jHINrCRyQEmcteaO3B4twh3jE2vhVKc1eHW83AJvP3lcd/iTvQe2zP68k7XTosR9I2e4w2W78EXFilqBUrUf9zaX/PvUnO5L+RYAyO6/Pc6N9iwaUTbftJnCLQxjNjoQVS89495FuEsdAGS8TWY4GnaZwcVwFOKNMmUAnHjX2kCxSL2z3UfhA/153FGIg9ZTc9TDhZ5YjKRdFosmwBiIwea4wjhuAnFQvmeKcbaTRm1KhZHRGhGDMRA/TlO00NoTstwSVzx0u594r9SwkJZug6VUhHhP1YtvLopMuSCEqPSro+cJPXFaw44QORwnXfa1qvo02c5nZ7vK4gUh595G3rdC37XG25TCYlhKugsf1Pi+dDie7SZbQXPUjrGpH4qLvYUxPRRnDtNEGt2myMIO3ejoWMbFQcRqGtFn7zp9Dj/qEHERyniD6UEQZ8myCP22JVkM/VByD/uVZlmOcSEWNUUdpWMg5scjzGaXW3BXJNFkVcH7cFumo4pBsEE2xDDnluMMFLVjE27CEc2gtX8RYSSat7aov7k9e80QiilG/ywhKtjLVO0W/LsBVcNS+5uiz4I/iY6WNVB/5P4fqaCpA8s6Rj0imU8Gji9SvAX9QJHlGyIBoSwrA7ypfXp3/PLvQbdxtPG9Ea05MhazmWEoFIYxwwp1bombbxyx2P9XKpwDWdBpUbvgu92udsKLqd8Zsv3hD3/4wx/+8If/M+w7QDMU42EH6Md618dl3KFfAXM1Hd4YRwcNO4y3MNea6eh70PUxbFIQ08uPvbLQJPKcn2HEy9ofy73ZJYxjwik7fju6xgGF7FVVEllnwI4+rkpip875Ryqe6KqfjK6fEWjGvMr7Jmrnx6rHp235LlogKBv9R1rge17rXbQoV4l9+UbKA2FQto100wKfPeDhyd9LC1HeXqNFVVJ0TotylXji3XMKOdCv0IJPxdLdtChL5n+mRVmi26YF/CpH3M5/+kUbuPL8Z1qIBoeivvtpITr6NVqI3qJNCxkiC7JYKT/+4Pz39jVa8Ghpf4AWM6nZZKMThtuiRdkE7bPZ0RtnUnMhuUI4DkPoKC3kCvSKNfwnOys+E7KBfAaVnVo9BUaDUvUvW/WaAfO6AbvHwlrInbOjM/s6cOgEpAMyswon0l/0jf9M6Vp7dy8H2QoCQmG4nDTAqiKj7bZIwr7psG81qXGImSW5eYcUnGg74usbuQktmnnH5N6cyoGyiVh0T16w6fCS9geLDcvx2KTQHZSZb9HmS6djdB8dB8Kh2YrSon4qlBZ1eQFpdm9oYRcSA9qO1KbFlN2KQStn/lFaMI61fT6K0S8Ic01cpqLwE2ghNTUYFS0SzZoNGNA7btHCbamKTXnwTlrQ6SfljB5XtGZE6RgMZ30eLUJV+dEcsLTYs6rCqivru2lB9lJDlsIOZj+uOH4aLQpwxTBSWowDxvZCssd7Ny3objju0LosSPhQWhxtr+MiL2kRsvUa8oCUNd2ghXwIrlD6w2ixOv382BhatFSFsqJRVTct6F5VP9QlfCItRMZH1Yi3RKWhpgVbQC2abH/rDX3B3jhdfftQWlCo292udpd2dNoR/vawrSpa49tu2BEKLSAVcC6ZZvqhtGhtEkPiUEyLgtV+8lkzUrd/cRnHtiZekGEUH0oLdv+zFi0SVrmynTgluvxOtmGb0JAVrE+nhcbGSXT2altVeGXGgTqoDC2UooF77Ih8W6HHp9NCVFMq0ORm1puWqsDR2XDt1O7pDDC0EAdNYre1KyKl9fHf0Rfoai8VfStBoa7xUkDBNE4NWFp0AR7plz/fjtyf93Fi/MuI6dK/TYv56GqK+LNoAY/HO4lR5nzP0nu3aCHHeJDfP0OL1QjcQ4lqjml4Vjh9ixZ40sX6il/7YbTYIPf6NinUAB8pOV8JuE4LWC6vDY1/JjZDMfvEvJL9rX6GA3Q9vlhBu0YLqKhVTmu8cd4Ys88ao9dsu7zzmjfqlJsE6jcc7A6OI8saXEE5vWFkmZcfCALo+D42txYzq3SyNmfd35pdXPuzITVeT9MZ6DfvSDVxbPJG3fYzkq4AM9Ni2fEBikwm3T8p2p56O4XI4OW0+MMf/vCHP/zhD534D51XqTCpiVFdAAAAAElFTkSuQmCC');
INSERT INTO tblmerk(ID,strMerk,LocatieID,Plaatje) VALUES (5,'Volkswagen',5,'/9j/4AAQSkZJRgABAQAAAQABAAD/2wCEAAoHCBYWFRQUEhUYGRgZFhkSEhwcHREYGBQZGBUZGRghGBgcIS4lHB4sIRgWKzomKy8xNTU1HCU7QD0zPy40NTEBDAwMEA8PEQ8PETEdGB0xNDExMTE0NDExMTExPz8xMTExMTE0MTExMTExMTExMTExMTExMTExMTExMTExMTExMf/AABEIAMgAyAMBIgACEQEDEQH/xAAcAAEAAgMBAQEAAAAAAAAAAAAABwgEBQYDAgH/xABIEAABAwICBgcFBQUGBQUBAAABAAIDBBEFEgYHITFRYRMiMkFxgZEUI1KCoUJicpKxF6LBwtIzNENUk7IWJHTT8CVTc9HhFf/EABYBAQEBAAAAAAAAAAAAAAAAAAABAv/EABkRAQEBAQEBAAAAAAAAAAAAAAABETFBIf/aAAwDAQACEQMRAD8AmZERAREQEREBERAREQEREBERAREQEREBERAREQEREBERAREQEREBERARFrsWxaGmYZKiRsbdwLjtceDRvceQQbFebiALndvPcAof0h1vON20MVhu6STaTzbGDs8z5KP6/GqysflkllmcTsYM5b5Rs2fRE1YOv0xoIdktXED3gOzuHky5Wjn1rYc3svlf+GN9j+ayizDdXOIyi4p+jbxkcxn7m130W/g1OVJ2vqIG8QBK+30CG11n7X6D4Kn8kf8AWsin1rYe7tOlZ+KN9h+W65b9jMn+cZ/pv/rWJUanKkdiogdwBEjL/QofUo4fpjQz7IqqIk7gXZHH5XWK3jXAi43bxwKrniWrrEYhc0/SN4xuY/8Ac2O+i1dBjVZRvyxyywuB2sOcN8437Pohq0iKHNHtbztja6K43dJHsPi6Mnb5HyUpYTi0NSwSU8jZG7iWna08HDe08iitiiIgIiICIiAiIgIiICIiAiKKdZesAxl1HRO95tbPID/Z8WMPx8T3bt+4NrpxrFjpM0FPaWoGx3eyE/fI3u+6POyhySSrxCfb0k8ztwAvlbyG5jfQLP0P0Pmr3nLdkTXe9lO0A7y1nxv/AE7+c9aPaPU9HGI6aPLuL3Ha954vd3/oO5ER9ozqjaLPxB+Y7+iYbNHJ795+W3ipLwzCYKduWniZG21uq0AnxO8+a2KIoi0ukGkdPRRtkqnFoc7K2zXuJda9tg2bONlxNXripgT0VPM/m4xxg/UlBJ6KJP20t/yTrf8Ayi/+xZlJripiQJaeZnNpjkA+oKCUFrsTwiCobkqImSN+80OI8DvHksXR/SOnrY3SUri4Ndkdma9ha617bRw4XW7QRHpNqkaQX4e/Kd/RPN2nkyTePmv4hRtHJV4fUbM8Ezd4ItmbzG57T5hWlWk0h0ep6yMx1DM28scNj2Hix3d+h70THMaD6xY6vLBUWiqDsb3MmP3CdzvunyupCVadMNEJqCQZrvic73Uo2AneGv8Ahf8ArvHKQNWusAy5aOtd7zY2CQ/4nBjz8fA9/jvESsiIiiIiAiIgIiICItbjOJspYJKiU9WNpceLj3NHMmwHig5DWdpj7JEIIHWqJGmxG+Fm4v8AxHaG+Z7lFWhOiklfPluWxMIdUP3kA/ZBO97tvhv8cCV8+IVl+1NPIGgX6rb7hyY1o9ArF6M4HHR08dPGOyMz3WsXvPaefH6CwROsvDMPjgjbFC0NY0ZWtA2AfxJ3k96z0UZ6yNP/AGfNS0jgZyLSP3iAHuHF/wCnjZFdTiellNBURU0knvZHNaGjrZC/smQ/ZBNgO/busuiVR3yuLi9znF5OYuJcXF2/MSdpN9t1ZfQjHBWUcUxIz26OXlI3Y712HzRJTTXAxWUc0A7dukhPCRm1nru8CqzOaQbEWINiO8HvCt2q9a1sB9mrXPYLR1AMreDX39431s750K4hfrWkmwFySA0d5J3Bfi7fVRgPtNa2R4uynAldwL/8Nvrd3yKiZNC8EFHRwwfaAzy85H7Xem7wC6FFzum+Oex0c0wtny9HFzkdsZ6bT5KK/ML0rpp6iamjkHSxvc0tOzPk7RYftAG4Pfs4LolUhsrg4Pa5weDmDgXBwde+YEbb323U26t9P/actLVkCcbI3nYJwO48Hj6+N0SV3mJ4fHPG6KZocx4yvBGwj+BG8HuVeNNtFJKCfLcuieS6nfuJA+ySNz27PHf4WWWl0nwOOsp308g7XWY61zG8dhw8PqLjvRXMasNMfa4jBO69RGBcnfMzcH/iGwO8j3qQVVuJ8+H1l+zNTyWcL9V3Ec2uafQqyWDYmypgjqIj1ZGhw4tPe08wbg+CJGyRERRERAREQFDmuvHbuiomHYLTzeJuI2n6u9FL73AC53bzyCq/j1a+srZZG7XTTZYxyJEcY9MiJUk6ltHgGyV0jdriYafk0dtw8T1flPFS2tfgmHNp6eGBnZjY1g5kDafM3PmtgisSuY90cjY3ZXljmxuIuGvI6pt32NlVSsY8PeJb9IHuEmba7Pc57nvN7q2pCgbXDgXQ1TahjepUAl3BsjNj/UWPqiVHqkjU1j3R1D6V56k4zR8BIwfzNuPlCjde1LUPjeyRhyvY9skZ4OYbj9FRbZcdrNwH2qhfkF5IvfxcTlHXb5tv5gLeaPYq2qpoahm57A4j4Xbnt8iCFtCFFVEv/wDasXqywH2WhZnFpJffy8RmHUb5Nt5kqPv+BP8A1r2fL/y9/bOXRZr5Pz9TwU4Ikj6UF65cd6WoZSsPUgGaTgZHj+Vth8xUwaQYq2lp5qh+5jC4D4nbmt8zYeaq7V1L5Hvkecz3udJIeLnm5/VCvFe1I15ewRZs5e0R5djs9xktzvZeKkHU/gPTVZqHtuynAc3gZH7G+gu70VE4Yex7Y4xK4OeGMEjgLBzwOubd1zdZaIoqJNdOjwLY66Nu1pENRzaew4+B6vzDgsfUnjtnS0TzsIM8PIiwkaPo71Up43h7aiCaB/ZkY5h5EjYfI2Pkq14FWvoq2KR2x0M2WQcgTHIPTOiLSIvNjgRcbt45heiKIiICIiDntOK7oaCrkG8Qua3k5/Ub9XKENWGHiXEqcHdGXTn5GdT94sUp64p8uGvb8c0TDzGfP/IuL1HQXqqh/wAMAaOWd4/oRL1OKxaurZGGmRwbne2Jl/tPebMHmVlKMddta5lPSsY6xdUdICNhBjYSD5FzSipOXMae4D7ZRSxNF5G+9h/GzaB5i7fNZWiONNq6WGoFszm5ZB8L29V49RfwIW8QVEI/84Iux1nYD7NXPLBaOa87OAJPvG+Ttvg8LjlUS1qUx6xlonnfeeDx3SNH0d6qYlVHBcSfTTw1EfajeHgfEPtt8xceatJQVbJY2Sxm7HtbIw8WuFwoR6dEM2awzWy3ttte9r8Lr2RY1dVtijfLIbNY1z3ng1ouUVE2uzHrmKhYd1p5/qI2n6u9FEqz8bxN9TUTVEnakeX2+Fu5jfIADyWAqzRWU0BwH2OiijcLSOHSzcc79pHkMrfJQ1qxwH2quYXC8cNp5OBIPUb5u+jCrGKLH6sWlrGSBxY4OyPdE+32XtNnDyWu0rxhtJSzVBtdjbRj4nu2MHqR5XXG6k65z6eqa9xc4VHSEneTIwEnzIcUVJqrfrPw8RYlUAdmQtnHzt6/7werIKDteMFqqnf8UBaeeR5/rRKlDQeu6agpJDvMLWu5uj6jvqxdCuC1OzZsNY34JpWDkM+f+dd6iiIiAiIgjrXZ/cGf9VHf8ki5/UV/aVn4Iv8AdIuo1xQZsNe74JonnkM+T+dcXqOntVVDPigDhzyPH9aJ6nFRHr37NDwzTeuVilxRfrxpS6mp5PgnLDyD2H+LAitFqWx3JNJRvPVlHSxcBIxvXHm0X+RTaqm4fWvhljmjNnxvbIzxBvbwO7zVosGxBtTBFUR9mRjZG8rjaDzBuPJEjl9auBe00TnsF5ILzR8S0D3jfNu3xaFXtW4LQRY+B4FVm03wP2OsmhA6l+kh5sftHptb8iFaBSVodUY2KWMUTGOgGcRFwhvbObgZnA2vey4DCsPdUTRU8fbke1jeV95PIC58laPC6FsEUcMYsxjGxt8Gi1/E71SI39r0k/8Aai9Kb/uLSaX1ONmlkFaxjYDkEpaIb2ziwOVxNr2upxWDilC2eKSGQXY9jo3eDha/iN6iqoosvFcPdTzSwSdqN7mO523HwIsfNbTQnA/bKyGEjqX6Sbkxm13r1W+aqJk1VYF7NRNe8WknImfxawj3bfy7fFxXcrzawAWGwWsOACw8YxFtPDLPJ2Y2Oe7nYbAOZNh5qKiPXTj2eWOiYerGOlm5ve3qDyab/OthqI7NbwzQ+uV6ijEa180sk0hu973SP8Sb28Bu8lMeo6lLaaok+OcMHMMYP4vKM9qUFDWvX+0o/wAEv+6NTKoO14z3qqdnwwFx5Z3n+hFrrNSX9wf/ANVJb8kakRcJqdgy4ax3xzSvHMZ8n8q7tFfqIiAiIg57Tih6agq4xvMLnN5uj67fqxQhqwxARYlTk7pC6A/OzqfvBisY9oIsd248wqv49RPo62WNux0M2aM8gRJGfTIiVaRcvrCws1FBURtF3BnSxjvLoznsPEAjzW4wTEW1FPDOzsyMa8ciRtHkbjyWcRdFVF/8CmHUpjt2y0TztaTPD+Emz2jwNj8xXBae4AaOsljAtG8mWDgWPO75TdvkFrdHsWdS1ENQz7Dw5w+Jh2Pb5tJVRapRprlwLpKZtUwdaA2fxMbzt/K7KfAlSJTTtexsjDdrmtew9xa4XB9Cvmqp2vY6N4Ba9rmPHcWuFiPRRUQalcBzPlrXt2MBghP3yLyOHgLD5ipnWq0fwdlJTxU8e1rG2ud7nE3c48yStqg+c3d32uvtQx/x0P8A+1nz/wDLf3H7uXN2/wDU234KZkEMa68ByvirWDY8CCYj4wLscfEXHyhbzU1gXR0zqp7etObM4iJp2fmdmPgAu20hwhlXTy08hs17bXG9rgbtcOYIWbS07Y2NjYAGsa1jB3BrRYD0QZKiXXXj2VkVEw7XkTTcmA2Y0+Lrn5QpSqJ2sY57yA1rXPce4NaLk+iq9pFi7qqomqHfbcSwfCwbGN8mgfVErW3/AP1WT1eYWaegp2OFnOb0sg7w6Q57HwBA8lB+gWAGsrIoyLxsIln4BjDu+Y2b5lWXAQj9Vb9Z+ICXEqgjdGWwD5Gdf94vVgMbxBtPBNO/sxsc88yBsHmbDzVa8Bon1lbFG7a6abNIeRJkkPpnQqwmg9D0NBSRneIWudydJ13fVy6BebGgCw3bhyC9EUREQEREBQ5rswKzoq1g2ECCbkRcxuP1b6KY1rcZwxlTBJTyjqyNLTxae5w5g2I8EEa6ltIQWyUL3bWl01Pzae20eB63zHgpcVWpWT4fWW7M0EgcDbqutuPNjmn0KsVoxjkdZTsqIz2uq9vfG8dtp8PqLHvRI1OsTRUV1NZgHTR3fAd2Y97CeDv1AVd5Iy1xa9pa5pLXA7C1wNiCO4gq3KjPWPoB7RmqqRoE4F5GbhOB3jg/9fFCvvU5j3S0zqZ569OQGcTG89X0Nx4WUkqs2heMOoa6N78zW5jDUtOZpa1zrOuOLTlPkrLB1/4c0I+1yesTHvZKKV7TaST3MPEOeDd3ytzHyC6xQDrdx7p6zoGG7KcFm/YZDYvPl1W+RQrgbKyGrvHva6KJ7jeSP3M3EvYO18wsfMqt677VDjvQVnQPNmVADOQkG1h8+s3zCJE/Ii+C638eSNI61yY70VM2mYevUEh9t7Y2bX+psPVQdGwvcGMBc5xDWgbXOcTYADiSug01xh1dWyPjzObmEFM0ZnFzWmzbDi43d5qTdXGgHs2WqqwDPa8bDtEAPHi+3ojPW71eaLChp7PA6aS0k535TbqsB4N+pJXYotJpPjcdHTvqJD2eqxoNjI89lg8foLnuRpH+unSEBsdDG7a4iao5NHYafE9b5RxWPqTwIl0ta8bBeCHxNjI4fRvqo+iZPiFZbtTVEhcTbqs4nkxrR6BWSwbDGU0EdPEOrG0NHFx73HmTcnxRGyRERRERAREQEREEfaz9Dva4hPA29RGDYDfMzeWfiG0t8x3qKtCdK5KCfNYuieQ2oZuJA+0Adz27fHd4WVUVaytX5lzVlE33m108Y/xOL2D4+I7/AB3ksSPhmIRzxtlhcHMcMzXA7CP4EbiO5ZxCrXofphNQPOXrxOd72I7ATuJZ8D/17+U9aP6RQVkYkpnh24Padj2Hg5vd+h7ihrUaYaCU9cC4+7ntZsjRtdye37Q+o4ra6K088dNHDVFpfF7oOabtkazYx3EG1gQe8LeoitFpZjTaSlmnPaa20Y+J7uqwep9AVWOR5c4uebucS5x73OJuSfNWg0g0fgrYxFUtc5rXZ25XOYQ7KRfYeBO9cRV6nacn3VRMzk4RyAfQFEqE19xvLXBzDlc0hzT3tcDcH1Cl39izf867/Sbf/esyk1O04PvaiZ/JojjB+hKJjtNFMZFXSw1AtdzbSD4Xt6rx6g+RC/NKqaeSnkhpbNfJ7ovcbNja/tu4k2uAB3lemj+AQUUZipmlrXOzuzOc8l2UC+08ANy3KNOO0P0Ep6EB495PazpHDa3kxv2R9TxXYotJpDpDT0cZkqX5d4Y0bXvPBje/9B3oMzEsQjgjdLM4NYwZnknYB/EncB3qvGm2lcmIT5rObEwltOzeQD9ogb3u2eG7xaY6XzV8gzXZE13uohtAO4OfbtP/AE3DnIGrXV+YstZWt95sdBGf8Pg94+PgO7x3E62urDQ72SIzzttUSNFwd8LN4Z+I7C7yHcpBREUREQEREBERAREQEREEe6cauo6vNPT2iqDtd3MmP3wNzvvDzuockjq8PqNueCZu4g2zN5Hc9p8wrSrXYthMFSwx1EbZG7wHDa08Wne08wiYjTRnW40gMxBmU7ulYLtPN7N4+W/gpMwzFoKhuenlZI232XAkeI3jzUWaRaoXDM+hlBG8RybCOTZBv+Yeaj6vwWso35pIpYXA7HjOG+UjNn1QWkRVvw3WNiEQsKjO3hI1j/3+19Vv6fXHUjt08DuYMjL/AFKGpxRQ1+2aT/Js/wBR/wD21h1GuOpPYp4G8yZH2+oQ1OK12J4vBTtz1ErI22+04AnwG8+SgHEtY2ISixqejbwjaxn7+131WqoMGrKx+aOKWZxPWec5HnI/Z9UNSRpNrcaLsoGZju6V4s0c2M3n5reCjeOOrxCo2dJPM7eTtyt5ncxvoFIGj2qBxs6ulsN5jj2k8nSHd5DzUp4ThMNMwR08bY27yGja48XHe48yg4/QfV1HSZZ57S1A2t72Qn7gO933j5WUgoiKIiICIiAiIgIiICIiAiIgIiIC83NBFju3HgV6Ig5/ENDqCfbLSRE95Dcjj5ssVop9VOHO7LZWfhkfYfmuu9RBHX7IKD46n88f9CyYNVOHN7TJX/ikfY/lsu7RBoMP0OoIdsVLED3EtzuHm+5W8a0AWG7cOAXoiAiIgIiICIiAiIgIiICIiAiIgIiICIiAiIgIiICIiAiIgIiICIiAiIgIiICIiD//2Q==');
INSERT INTO tblmerk(ID,strMerk,LocatieID,Plaatje) VALUES (6,'Renault',6,'/9j/4AAQSkZJRgABAQAAAQABAAD/2wCEAAoHCBIVEhgQERYVGRgSEhgUFRgYGBgcEhgUHB0dHBwaFhwdIS4lHCYrIR4ZJjgmKzAxNTVDHCQ7Tjs0Py40NTEBDAwMEA8QGhISGDEhIyExMTQ0MTE0NDExNDExMTExMTE0NDQxMTE1NDE0NDE0MTQxPzQ0MTQ2PzExNDExNDQ0Mf/AABEIAOAA4AMBIgACEQEDEQH/xAAcAAEAAgMBAQEAAAAAAAAAAAAABQcDBAYCAQj/xABNEAACAQMBBAcBCggLCQEAAAABAgADBBESBSExQQYHEyJRYXGBFCMyQlJygpGSsTVTYnN0obLRCBUXM1STorPS0+E0NkWDlMHCw/CE/8QAFwEBAQEBAAAAAAAAAAAAAAAAAAECA//EABoRAQEBAQADAAAAAAAAAAAAAAABESECMVH/2gAMAwEAAhEDEQA/ALmiIgIiICIiAiIgIiICIiAiIgIiICIiAiIgIiICIiAiIgIiICIiAiIgIiICIiAiIgIiVn0r2u9zdG3pMRQtGKPg4Wrcbsg4PeVOGDu1FsjuiBZkSq6NsDxVfsL+6blOyT5CfYX90mrix4leCxp/IT7C/umnf2KOyWqKql8VaroArpQVtwVlwQzuugfkrU8BGotCJF7HqroCAABAFCjgMDcFHIYG4csEcAJKShERAREQEREBERAREQEREBERAREQEREBETyxAGTwG+BzvTTbTW1vppEdvcN2VAeDH4VQjwRct5kAc5xOzLJURUXOFHE72JO8sx5knJJ8zMlxeG8unvDnRjsrUchQB3vjxdu9n5ITwkjb0pm1YyUKU3adOfKSTaRJFa1y6IjVHzpRSzYGWx4KObE4AHMkDnPmybNlVnqY7Ss2upg5CnAC01PNUUKgPPBPFjPNVO0rBPiW5V38GrkZRePxVIcgji1Mg5UyYopNSM0tjobPLgfT/TjJxHyMyLWnNu2ON3s9n+n/AH8pRuREQEREBERAREQEREBERAREQEREBERATjunu0ToXZ9M4e6B7UjilqNz+hfcg+cx+LOqurhKdN6tRgqU0Z2Y8FVRkk+gBlZ2VR67ve1QQ1ywZVPGnQG6lTI5EKdTflM0lI2ragAAAMADAA4AeAkjSpzxSSblNJlp6RJ42hdrQovXYZFNCwHym+KvtOB9Z5TYUSJrW4vLxbQ76NuO0uOOGcjCrkeuPa/hFpGx0auKdW2p1qbahVXWWONTOxJctjcDr1ZA4cOUn6KytehTtYbQuNiVmJTUatqzfGUjOAeByuDu3Aq8s+iJ0ZZFSZVWekE9aZB6Q8vD7p7mPGN/h93P/wC8pkgIiICIiAiIgIiICIiAiIgIiICImrtC8SjSevVOEpIzufBVGTu5wOS6d3vaumzU4OBXufzSt3EPz3U58kYc5rUEkbstajl7muMVbqp2rjjoBGFpg+CoFX2E85N0UmarLSSbCLPKLMwEisF9dClTaqcd0d0HgXPwR9e8+QM2+h2zOxt9bb6lw3a1CfhHPwc+zf6sZD1qXum7S14pR79XwJGMg/2V+k07mJ278LxWPXJslxTo7Wt91WyqKGYcezLZUnx0ueH5ZnWdGtrJd2tO6ThUTJHyWG5l9jAiTN/ZpWpPQqDKVUZGHirAg4PLceMp7qzvXsdoV9iXJ41GNI8AaijOQOQemAwz4Dxm2Vy05lmCm0zCB9nhd3d9o9P9P3TJMb+I4jf6+IgZInkHmOc9QEREBERAREQEREBERAREQE4Tpze9rWp7OX4K6bm58Cqt7zTPznUsfKmOTTsr26SlSevUOEpI1Rzxwqgsx+oGVXsi/Spru6zoKl2/buNQOkEAIgPMKgVfYTzkon7dJv0kkfRvqH4xPtCbabRofjU+0JlpuqJjvbkUqbVT8Qd0eLnco+v9QMxjaND8an2hNHa1vUuHpUaYY02Kuzgdzvbsg8DpXPtYiPK5OE9pboVYlaLXD513DasnjpBOPrJY+0TppjpoFUKowFAAA4ADcBMk1JkS3a+ym+urZL0a1vti33MjrTdhyqIdVJz48GUk/JUc5ckiOlGx1vLOtaNj32mQpPBag3o3sYA+yVGv0a2wl3a0rpMYqoCR8lxudfYwIk2hlI9Tu22t3q2NwdCPmrTYkaA64V1znG8aSOXdPjLdTbFt+OpfbX98CViaA2vbfjqX21/fPv8AG9t+Op/bX98DZTcSvtHp/ofvEyyLrbYtQNfbU+7v+GM44Eefp44kpAREQEREBERAREQEREBERAxuoIKkAgjBB4Eecoq/2YbO7q2JzppnXQJ4tbuSV3njpOpSfyZfM4PrR2OXt1v6Yy9lqZwOL2zY7QfRwGHzT4yWDh6c2UE06DggEHIIyDyIM3KZmWmQLOu6K3eaZpE96kdafMJ3/Ux/tzlVE3NnXJpVFqDgp7w8UO5h9Wf1RRadJ9ShhzE9yN2XXByuc7tSnkVPMeoIPtklNS7GX2cv1gbY9zWLspw9b3mn4hnByw+aoZvUCdRKW6ydotd7QWzpnuUPe8jgKjd6q3h3VAXfzUjnFWIrovZYQ1iPh9xPJAd59p/ZE6WnTny2tlVVRRhVUKo5ADcBN6lSmVY1oz01KbqUp4uCqIzucKilmPPSBk48T5QPmw9ndtdIhHco6a9TwJB96Q+rgv8A8seMsSQnRfZ7UaGqoMVa7drVHyWIAVPRVCr7Cecm5ZOJX2IiaQiIgIiICIiAiIgIiICeHUEFSAQRgg8CDyM9xAoy/wBmGzuqlic6E99tyeJt3JwM5ySrZUnyHjM1MzuesjYzVrYXVJSa1kWqKBxeif51PPKjUPNR4zgLaqrKHU5DAMD4g8JmxUjTmZRNekZtLIro9hXpCD5VE/XTJ/7EkfSWdojggEcCAR6GVnZV9Dh+I4MPFDuI+rh54nc7EuMqaROdPeU/KRt4I+sfWInKleOk+1xaWlS5OCUXFMHnUbuoPTJGfIEyn+idmza7p8lqhZVJ+ERnLufNm/ZB5yb6ztpNc3lPZlInTSOqoRyqMuS30EO7zcibtlbKiqiDCooVQOAUDAEtVmo05v0qU80KUkKdORGEU55tLTt7lKXxKOmvW8CQT2Se1lLn5i/Kmxd1Vp02qPnSi6iB8I+CqOZJwAPEiTHR/Z7UaPvmO1qsatYjeO0bHdB5hVCoPJRLmiWiImkIiICIiAiIgIiICIiAiIgIiICUttvZXuK9e3AxRraq1t8kKT36Q3YGljuHyWWXROZ6c7Ca7tSKWO3oN21uT+MUb0O8bmXUvhvB5SUV9SablMyJsLkOiuMjI3g/CVhuKsORByD6SRpNMtN5ZJ2m0WpU2qqMvbU3YKScPTwSQfRj/a/JkUhmttGoxxboSGrBlYjitDGKh9obQPNweRhEX0VtHbXe1TqqXDFgx4lSdRb6Td70Czr7enNe1ogAAAAAAADgAOAElbenAzUKc3USeaKT7f3HZUy4XUxIRE5vUY6UTyySMnkMnlNDDbUO3uwnGnaFaj+DXBGaafQU6z5tT8J1UjtjWHYUVpk6mJL1H+XVY5dvLJJwOQwOUkIkK+xESoREQEREBERAREQEREBERAREQERECpOnGyfcl57oUYoXz7/kpd4yR9MAt6q3jNKi8tTpBsind21S1q5AqLuYfCVxvV18wQD7JTtsais9CuNNag/Z1QOGobwy+KsMMD5zNixNLVVVLMQAoLMTwAG8kzxspC5a4cENVxpB4pSGdCkcjvLEci5HISOc9rUFuPgKA9Y8sZ7lP6RGT5KR8adFQEg3rZJK26TQthJS3mhtU1mDZtPt7k1zvp2rNTpeDXG9alQfMGaY8zU8pj2hWcBKNE4q3DaKZ46BjL1D5Iu/fuJKL8aTtjaJSppSpjCogVeZwOZPMniTzgbUREqEREBERAREQEREBERAREQEREBERAREQE4Pp70WrVnS+skD1lXsqtMsE7WlvKkM3dDKTzxkEjO4Cd5ECm9lbB2pSTDWLs7sXdu3tu8x44984AYA8gJKU7PaY/4fU/6i1/zJaESYK6pLtIf8Oq/9Ra/5k3KVfaPPZ1Uf/otf8ydzEYILYVhVDNc3ChajqERA2oUqIOdOobizNlmI/JG/SDJ2IlCIiAiIgIiICIiAiIgIiICJzPWBSDbMuSSwKUWqKykqyug1AgjeOGPMEjnKH6CpVvdoUbOtcXISr2mSlVg4002cYJyOKjlA/T0SmOnXQOrZ2rXtneXbCjgulSoS2CwGpGXTjBIOCPE53YODqi6bXb3S7Puaj1VqqxpFyWqK6KXI1neVKhtxzjAxjmF3RKq68spb29emzo/bGmWVmUlCpbDYO/BG7PDJ8TOc6sujX8ZUq1S4urxTSqKg7OtgEEZ36laBfESuLnqrQowpX18r4OkvVDIDy1KFUkehE3+tqnjZNaspZXotSZGViGUtURG3g8CGO708BA7iJ+TrHpBe29anXFWtqpstRVd3KsvHDAnerA+0Gfp3o/tineW1O7onu1VzjmrcGU+YOR7IEpEqyzynSp6SM4Rrc1NGo9mHZFLFV4DJyfUmWnARKA63ek1arftQt3dadkuhyjMF7ViNZYr4HSm/mp8Z2XUr0ia4tXtKrlqls+VLElmouSRkk5OG1DyBUQLNiQPTVAdm3R35S1rOpBIKuqMysCN4IIBlEdWe0a7bXtkerVZS75Bdip97fiCYH6ViJVnTLKdILA02dRX0dogYhGKsQGI4E4wPoiBacSuOuvK7PSsjMrpcqoZGKthlbUpI4g4U/RE53qJvKtStddpUd8UqeNTM2O83DJ3QLpic30t6Nm+FKma1SilOozuaRxUcacBQeA3nOSDw4b8iuusLoathZG6oXd8zioiYesCmGzncqg/rgXTE/PfVjsVtpPXS4urtBRVGXs6pBJYsDq1BvAS0ujvQn3Fde6KdzXqIaLU2Su+shiUKshAA+Kw3jnA7KIiAiIgc/wBPPwXefolT9kz889X9+9vtGjcU6NWuaYqHs6SlqjBqbLkAA8NWT6T9DdPPwXefolT9kykepb8Lp+Zq/swJLrA6yqlzRfZ6W70AzAVu0Pv3dYHRowNO8DOSc8MCdL1TdA3t2G0rkoWen7wqsGCo4BLsw3EkbhgkYY+O6K68OjGGXalJdzYpXGOTDcjn1HdJ8l8Zs9S3TDUP4quG3gFrZieK8Wpezew8tQ5AQN7r8/2K3/Sv/BpynVbtXaVGjWXZ9mtwrVFLsXC6WxuGCRndOr6/P9it/wBK/wDBpqdRN3SS3uRUdFJrIQGZQcaT4mB1/RvbW16twKd7YrQpaGJqBwx1DgMBjxnjrd/At1/yf7+nOiutt2lNDUqXFFVUZJNRcffvnN9bLg7EuWHAigR6GtTgcL0q6KdvsOz2hRX3y1s07QDi9DTkn1TefQt4CR3U50q9zXPuGq2KN0w0HklfcFPowAU+enhvlvdBFB2VaAgEG0pgg8MaZQ3WT0WNhelUB7CvmpQPIDPeT1UnHoVPOBZVP/e5v0T/ANazuOlO2Vs7Otdtj3tDpB+NUPdRd3ixGfDeZT/Vrtqrd7bS4rYL+5DTZublEC6m8zjJk/1o13vr612FbsAWYVax4hTpJGRnfpphmxz1LvgfOgfQ73Rsi5evk1dqanVmzkaSTTc+tTLHxBErjoJtlrDadOpUyqhzQrg7sIxw2r5rBW+jLXodX200RadPbNdURQiqtNgqqowFUCruAAAlYdYvROtYXCtVrGv7qD1DVKaC1QN3ww1HJ7ynOd+qB+gOmX4MvP0G4/unn576rPwxa/nH/u3lzdW+1lv9krTqElqaNaVvEgLhWyeOUK7/ABzKPprcbK2kpqL75aVg2OAdOHdOODKTg+cD9Uyrunf+8Gy/UftmTNv1p7IZA7V2QkAlGpVNan5J0qQT6EjznJ7BvDtfb6X1JWFvY0tIZhgnAfTnG4MXdmx4LAn+vD8FD9Kp/c85T+D/APz91+ap/tNOr68PwUP0qn9zzkOoe4RK10ajKuaVPGpgM95uGYF6Svuuz8Et+fp/eZ1t5t20pIatS4oqqjJJqL92ck+AG8zkOudwdkFhwNakR6HMDlP4P387d/m6X3vLulI/wfv527/N0vveXdAREQEREDU2hZU69J6FUakqoUZckZUjBGRvHskHsToJs60rC5taJSoqlQ3aVG3EYO5mInTxA0tpWFK4pPQrqGSqpVlOd4PmN4PMEbxOYodWeyUcOlBlZCGRlr1wykHIKkPkEHnO0iBDbf6OWt7TSldoai021qNbqdWMZypBO4mQP8lexv6O39dW/wAc7eIHEfyV7G/o7f11b/HOl2rsehc27WlddVJggZdTDIUhl3qQeKjnyklEDU2fZU6FJLeiumnSUIgyThRuAySSfbNPb/R+1vaa0runrVW1r3mUhsEZBUg8Cd3D6pLxA5jYfQbZ1nWFxa0SjgFQ3aVG3NuIwzETctOjVpTunv0Q9vVBDuXqNkHGQAzEL8FRuG4DEm4gJDdIOjtreotO7p61Rta951IbBHFSDwPD08JMxA53YHRCysmapZ02pmooVx2tUqwHDUrMQSMnBxkZPiZsbe6NWd6oW7oq+n4Lb1qDyDqQwHlnBk1EDgqfVLsgNk06jD5Jqvp/skH9c6/ZmzKFvTFG2ppTQb9KjAzzJ5k8N53zeiBF7e2HbXlL3PdIXTWH0hmXvDIBypB5mc5/JXsb+jt/XVv8c7eIHEfyV7G/o7f11b/HOi21sO3u6HuW5QvTBVtIZl3rw3qQf1yViBA9HuidlYl2tKZQ1QofLu2QuSPhMccTwk9EQERED//Z');
INSERT INTO tblmerk(ID,strMerk,LocatieID,Plaatje) VALUES (7,'Chevrolet',7,'/9j/4AAQSkZJRgABAQAAAQABAAD/2wCEAAkGBw0NEA4ODQ0QDhAPDw4PDxAQDxAODg8NFREWFhURFRUZKDQgGCYxGxMWLTEhJTU3LjAvFys1OTMsNyguLisBCgoKDg0OGxAQGysiHyUtLSsrKy0rLSstLSstKystKy0rLSs3LSstLS0rLS0rNy0rKy0rLS0rKzcrLTc3LS0tN//AABEIAMgAyAMBIgACEQEDEQH/xAAcAAEAAgMBAQEAAAAAAAAAAAAABgcDBAUBAgj/xABQEAABAwIDBAQHCA4IBwAAAAABAAIDBBEFEiEGEzFBB1FhcRQVIjKBkaEXI1JTk7HB8DVCVFZyc3SCkrPC0dLTFlVig6KjssMkJTM0Y3WE/8QAGQEBAQEBAQEAAAAAAAAAAAAAAAIBAwQF/8QAJREBAQACAQMDBAMAAAAAAAAAAAECERIDEyExQVEEImGRFHGx/9oADAMBAAIRAxEAPwC8UREBERAREQEREBERAREQEREBERAREQEREBERAREQEREBERAREQEREBERAREQEREBERAREQEREBERAREQEREBERAREQEREBERAREQEREBERAREQEREBERAREQEREBERAREQEREBERAREQEREHiIuVjOKOpcuSLfOILsmcsOQcS3Q5jw06u5Zbonl1kUNbt5HwdCG8tZQbd4sszNuKc8cg/vAo7uPyrhkli8UX/ptS/Di+Vavf6aU3Ww90rVvcxOFSdFFH7axDhED/AHoH0Lcw/aIy2z05izeZ75mLhzda2g7Vk6uNutlwynlIERF0SIiICIiAiIgIiICIiAiIgLDPOyJpfI9rGji5xDWi5sNe9Zlwcbe2d4piA5liZm8nAiwabd/ouDyUdTOYTasceV03xi9KeE7T3EkesLIMRgPCQe1QwbGUo818rewO0HrWZmysLeFRUD86P6Wlea/V/h17P5S418Pxg9q4W0EzXuhkjcHZDxafNdcEX6uHsWoNm4ec85/Oj+hq2KPBooXZmvkdyIcWlrh2gAX11U5fUcpps6ert0jG3jlF+4XXyQOpelyxucvNatxNo4w4Ri32zj7FzI6YdS7eKNzFn530LBHCuVtdsfRpspR8EL7wcufUzF7j5Jtnd5rWhjQASe7QLotiXktIHCwJaL5jlDRmd1u017yr6efG7TnOU0kjcRhI1kA7CdV74yp/jW+tRXxb/wCR/wDh/cvk4S08XOP17F6f5t+HHsT5SvxnT/Gt9a+Ti1MOMzPWov4ni5tB7zKfmcF9NwuJvCGA/hRvd87irn1aez+Ul8b0vKZpJ5C5PqGqz0tXFMHGKRr8jix+VwdkeACWO6jYi4OuqrrGquoEgpaQxw5gGvdDEGSFzuDA4Ekacba8lONnMJjoKaKnjHmi7zzdIdXEnnr8y9XTz5zbjlNXTqoiK2CIiAiIgIiINavqmwRvkdwaL955D1qOYXdwdK/V0hLvr9ea82rrRJLFStcNCHP6i7kD6Pn7FlZKxoADhYacQvn/AFXU3dPT0sfG23mTMtcTt6x603w6wvJa66bAchctbfDrXhl7Vm26bBesbnrC6VYXypskeyHM4DvPzLMyJa1I7M8930hdJrUkbbpjbGvsMWUNX1lVcUbYci8yLPlXmVZxNsWVYauQRsc86ZQT2aBbdlHtppnPLKWK5c+znW1s2/k39Ivb+yOtXhhu6ZctR9bHUBmldVSC4aSRfW8hPH68x2qcLTwmibTwxxD7UDN2u5/XsW6vrY48Zp47d3YiIqBERAREQFjlLg1xaMzgDlF7AutoL8tVkRBW1O3aKPMWYVAHvJL5XVMMsriTc3cSAB2AWWOSl2mk86JzPwJqZtvUVZiKbjjfZstisY8Exw/9QTn/AOllvY9bIwXE+cEh/Cma753qxUWdrD4bzy+Vd+JcQ+5z62H9pYq5zqENDh7+8E6tsIo720ubOPHUaDvVkqD7eQs30MkvmCLLkBOeR+cnKANRyueV+shc8+ljx8RWPUu/NeumWvJOuF4bUuvodbnRhsOzivC+rdwafknH6V8/+Pn8PX3cPlJMGfmkd+D9K77QoDQz4hA4vbFe4t5UEhFr9jl0mY7iHOOP5GUftKp0c57IyzxvumACimIufUTzRtlMTmHyCL2eBYZCARrc6H0LWqNpaxoN2taevdOsPQvnCK2KqqmuaQ2Z0sLnxeUCQJWFz234jTUcR3C669PpW5Tc/tGWck8V6MFxbkJf0gD/AK19xYPi99TO0decOt6C9djH5MYFfTikDvBrx5gGsMZBJz5ieGtr3I8m2S7rhTFevs9P4ce5n8q4qsLx5mtM/eHqmLGA+mzlubJYbij6qWoxKlZAAyMNyyslEsjdLi1i0eS02IGoFudp0llU6eM9GXPKvURFaRERAREQEREBERAREQEREBYZqeOS2djX2vbM0O9V1mRBreAU/wARF8mz9yeAU/xEXybP3LYRBr+AU/xEXybE8X0/xEXybFsIg1vF9P8Ac8XybP3JHQU7SHNgia4cHCNgI5aEahbKIPUREBERAREQEREBERBEekjaSbC6RslOG72WVsTHOFwwZXOLrcCfJ0B6762sojs1iu1OJxOnp6mAMa8x3kjiaS4AE2AaeRHHrXT6cf8As6X8q/23LZ6FSPFz/wAql9HkRr0SSdLlrztztty08p6Ta3OzeVdIWZm5wGsuWXFwPI6rqPbX7dYpS4lPTQztbEySNrWmKNxDXMaSLkXOpKuFfnfpFbfF6wA2vLEAeYJjZqt6Os8vMhn4j9EKmqfbzFHYoykM7dy7EW05buYr7o1AYW3tfhzvdSL3P8U++Ws9U381Vjg8Lo8Xp43vMrmYnCx0jr3kc2qaC83ueIvz48U6WGOr7+GZWppt3t/iVNXS0lI5kTIixo97ZI573Na4kl2g1dYAdS7DKTbEgHwqkF7aFsdx2GzCPUVXnSI0nF6wXteWMX5i8bNfQrF9z/FPvlrPVN/NVZTHHGen6ZN21o4zNtbRQSVMtTTOZEA54jZG5+W4BIBYOF7nsCy9F+29VXzzU1dI17zGJICGMj802e2wGujgR2NKkuzWzM9KyqjrcRlxJlQ1jMs28tG0B4cBme7iHi9rebz5UtaXA8U5k0lR3GSE/Nmjd/iWYzHOXHU37NtuPlfO1eLjD6OoqjbNGw7sHgZXaMH6RHoVVnbbHG0ArnVLQJKpsEXvEQu0Rvc93DXXKAetpXQ6XcYNW6hw+lO83uSfyTpI6TyYWg9oLuPwgV9dKOGMocJw6lZwhma2/DM/dvLnelxcfSs6eEkm56/4ZWvnZnFtqMUidPTVdOGNldEd5HG05w1rjYBp5OC19qNotpsJMPhVVAd9nLN3HE4HJlzA3aCPOHrXO2bpMTfhD5cMmkY6GundKyF7mSSRmng1aB5xFjpxN9LnQ8TDpHYvMyHEsVkitpC+cOnjBcRmbcuGQ6N1OhtqRYX6zGbt8ant7pt8J9j3SBWR4Xh9VC1jJ6szB7i3O1u6eWuLWnTU2OvAXGvEYdnq/avEYBUwVNO2Muc1u8ZEC7KbEgBp5349S5/SlhEeH0WE0kTi9sRqhmdbM5zi1znWH9pxPYpp0Rn/AJVT/jKj9a5c7xnT5Se6pu5aQvaTanaTCpY46qohJe3eNyRxOY5odYgnKCOHt4rrbYbb10VDhdXTObC+qZI6YZGvaXNDPNzXsLk252K5nTmf+Io/xD/9a5O1rSMHwIHjlqz16F4I9hCrHHHKY2yMts2tHo4xior6FtRVPD5DLK3MGtYMrSLaDRd7FqzwanqKi2bcQyzW4XyMLrexRLod+xjfx8/zhSLa/wCx+I/kVX+pcvNnPv06S/aqvANsNosVqHQ0k0LXZXSkGONsccYIHEgki7mjr17ypP4Htj92Uf6Mf8Crro7wieuqpIqeuloXtp3SGWLPmcwPjBYbOabXcDx+1GnVYvuf4p98tZ6pv5q9HU445a8fpzx3Y88D2x+66P8ARZ/AofV7dY/DUvpH1Ue9ZMYDaGIt3gdl0OXr52VzYNRyU8EUMs7qh8bcrpn3zyG58o3JPtVBY/8AZmo/9if1yzpayt3J+m5+Fr7P020jamI19TTPphn3rY2sDz5DstrNB863PgEU0RebLLd9HSRxNrdnIcVp/B5XOZZ4kje2xcyQAi9jx0cRbtUOpOiqSC4hxieIOsXbuMxhxHC+V+vFWYirHqZYzUpcZVee5vV/19Wf5n8a+8e6M2VtZLWGtdGZHsdkEIcBla1tr5tfN9qsBFvdzZxgq8i6MGNrW13hriW1Yqt3uRYkS7zJmzei9vQrERRjlcfRtm0C2r6NIMRqXVTal8DpA3eN3Yka5zWhocNRbQC/WdVrN6NapoAGO1YAsAAJAABwAGdWKiru560zjES2X2QnoJzNJilRVt3bmbuXPluSDm1cer2rBtnsBBi0rKjfup5Gs3by1gka9oJIJFxY6nXq05KaIs55S7bxmtIFs10aQ0NVHVyVT6kxD3trow1rXBuVribm9hwHI68l2tttlhi8McLpzBu5d5mDBJfyS21iR8JSNE7mVu9s4zWke2L2ZGEU76dsxmD5nTZiwRkEsY3La5+Bx7VxNrujSmxCXwiGXwSRxJlyxb1krj9vluMp6yOPHjqZ6vEmeUu43jNaV1L0ayzU8dLU4m6ZkJvTnwfK+G4ALLl5zNsBpyIFiBcHVpeiupgBbBjc0TScxbHC9gLrAXIbJa9gNexWeirvZs4RV03RHJM8PqMXkmNgCXQEvLRyDnPNuJXe2i2AhraeipY6h0DKNrmsOQSF4LWgl2o1u25t18lM0S9XO+5xitqboumhbkhxqpiZqcrGOY254mwfZbVN0dTNe0zYxVTxXtJC7eBssZ0LCc/Agn1qfondzpxisWdEbYpDJT4nNCQXZCIwJGtOlszXC+nEi11t+5vV/wBfVn+Z/GrDRO7mcI5OzWEPoYBBJUyVTg97t7JfMQ4+bqSdO9RKv6MGT1j63w1zS+oM+73IIBL82XNm9tlYaKZnlLuN4x6iIpaIiICIiAiIgIiICIiAiIgIiICIiAiIgIiICIiAiIgIiICIiAiIgIiICIiAiIgIiICIiAiIgIiICIiAiIgIiICIiAiIgIiICIiAiIgIiICIiAiIgIiICIiAiIgIiICIiAiIg//Z');
INSERT INTO tblmerk(ID,strMerk,LocatieID,Plaatje) VALUES (8,'Subaru',8,'/9j/4AAQSkZJRgABAQAAAQABAAD/2wCEAAkGBxISEhMSExMVFhUVFRcYFhgXGRodFhoVGRgXFxgXGBseHyggGBolHRUYITIhJSkrLi4uFx8zODMsNygtLisBCgoKDg0OFxAQGC0lHyYtKy0tKy0tLy0tLS0rLS0tLS0tLS0tLS8tLS0tKzAtLSstLS0tLS0tKy0tLS0tLS0tLf/AABEIAMgAyAMBIgACEQEDEQH/xAAcAAEAAgMBAQEAAAAAAAAAAAAABQYEBwgDAQL/xABMEAABAwICBQYICAwFBQAAAAABAAIDBBEFIQYHEjFRE0FhcYGRIjJCUqGxwdEUFiNyc4KTsggzNDVEU1RikqLS8BVDwuHxFyVkdIP/xAAZAQEBAQEBAQAAAAAAAAAAAAAAAQQDAgX/xAAiEQEAAgICAgIDAQAAAAAAAAAAAQIDEQQSITETQUJSYVH/2gAMAwEAAhEDEQA/AN3oiKIIiICIiAiIgIiICIiAiIgIiICIiAiIgIiICIiAiIgIiICIiAiIgIiICIiAiIgIiICIiAiIgIiICIiAiIgIiICIiAiIgIiICIiAiw6vFIIvxkrG9bgomXTKmGTBLIf3I3es2CCxIqlLpm/yKKc/PLW+0rFfptUj9BHbO3+lUXdFQ/j9ON9EB1Tg/wChftmsVo8emkHzXNd67ILyiqtNp/Ru8YyM+c0n7t1NUON0834uZjjwBF+7eoJBEBRAREQEREBERAREQEREBERAX5e8AXJsAvGtq2xNLndgG8nmA6VWcVqxsmaqdsRjdGDv6/OKsRvxB6SVRj9zswMMh87cwdvP2KDxbENnOqq9kfq4svV4Sq+J6Vyy+BAOSj6PHI9ijIMOLjc3JO8nf/utdON92cpy/qmJdJaZhPIUu2fOk3npzuVjfGOtm2gzk4w1jneC3maL2F75kngvSLCOhS2F4R8nI63jHZHU3f6Sf4V6vGOkeISIvafMqZPiNW/fM/sy9SwZhKd8jz9ZymsOhDo7HxmEsd2HL0WPavs1PZaaWrMbiHG1J/1WZIX+e7vKxpGyDy3d5VgnhUfPGusdZ+nG1Zj1KINRKPLd25r2gxaRu+xt3r5URrEcFZ42K0enOM+Ss62u2B6dTRkASuH7r82+n2FbDwXTyOSwlGyfObm3tG8LQiyaOufGbtOXA7ljy8GY80lpx8uJ8Wh1DBO14DmkEHcRmF6LS2iWlb2m7HW85h3Hs9q2zg+KsqGbTciPGad4P986wWrNZ1LZExMbhIIiLyoiIgIiICIiAvjjYEncM19WBjj7QuA3us3vOfouqqGrK1tn1UxtHGDsg8w6uJOXaFqzFcVmrZeUcHbIPgNAJDW9nP0qz61qwx08EINg95LupgFh/N6FScPxCVrQ1sjwLWsHG1upb+PimKd49smXJE36Sm6Cjd5p9A9ZVjoaN37g63+4FU9hcc+UeOq3tWXBJO3Ns/Y5oKmT5XSs0hsOgwIv8aQAcGjPvPuU7LSsjiDGiwAsFr/CtJZovxmy4cW7+0ZKwy4zttBvkRf0XBWW8W/J1rr6VPFcIdHO+WJ1g83c07r859vavjaIuFzJGDwNx6c1m4tWhouTdxvYDf1ngFV6uoldztb2X9y94vk/FLdftnVGFP5nRHqkHtsoyrwyYeR3FrvukrDkD+eU9gA96xZHEeW/vt6lrp838Z7fG86qFwvdjh9U+5YjaCV2Qjd2i3rWXikL4tjacflGNkHhHIO3X6clHGoeNz3d5Wmtss13GmS8Y+2p2nP8ELICHubystvBBB2WjPwiMgSVGVeETRi7mZcWkO+6SVn4bizLfKtvsZm3lDgenmyWE+qnftzNu1jSL7O5t9w4lZsd80XtvTtkrimtWDTzljg5tw4LauimKlzG1MXjMykbxHOD0cOxasqKh7ztPe5x6TdXDVdU/LyQnxXxk26svaunLw9qdp9w88bJq/WPUt6Us7ZGNe03a4AjqK9VA6HSHkXMPkPIHUQD6yVPL5D6IiIgIiICIiAo/HGXhcRvaQ7uOZ7rqQX5e0EEHcRY9SqtU626Uvp4Jm7o3EOtzB4Fj3tt2rW1PPZbwxWjGzJTSjaY5pA6WcxH7wNu0LS2P4NJSyFjs2HxH8zm+/iF9ThZYmvSfb53KxzFu8MuGrWWysVZbKV6NqStc49uMZpj2tDa3pWfg+KZujJyHhDqN7qmCsKzsIqhtvJO6Jx67WNvWs3Jw7pt3w547aSRxEvJeec5dDRkB7e1eElUoUVVgBwUtgNGZS972nYYw8R4RyaL9ea9xWuOnn6efkm9tQ+wOY++3K2O3Frj3WBHpUpg2FUkzwDUGQ+YAGX6Lm5t2KovY4bwR1r42M7+G4heb17Rut0reYnU1bA0roqV/hzOLHBpayxAA6CDe4CpctBAM21IP1c/QVkYxVmYQ3O0Qy7vnk2Pq9K/WIYSIooXZ7brl4O4XsWdWXrWfFukRu+tu2WItM6qwKeCEmzpnAHfZhsefeTkrL8DiEIjaDyZ8JztoEuPG4yFuCrHJLKhmc1j47mzrW6OK9ZqWn1ZcWo9w/dTh1L5FQQODml2fW0exWDVhRkTyzHxY2EX43IN+4KvYfh75ntZG27nW/56Fs7C8L5JjKOHN7jeR3N0k9AyXnNlmtOu97XHiibRbS06HRnknvPlyG3UAB6w5T68aOnbGxsbdzQAP9+ley+e1CIiAiIgIiICIiDFr6Fszdl3YecHiFRNIcIIBjmYHMO48x6QfJctir8SxNcLOAIPMVYmYncExExqXO2K6MlhJiO03zTk8f1dihTTkGxBB9K31i+hjH5xHZPmnd2HeFQ8d0Vnjvtxkjja47HDMdoW2nNtHizLbi1n0oYh/v8AvqX6bF/f98yk5qBw3D2jvWM5jhvYezNdZ5NZhI4+mSzES0DZhiFt5tvU7Q4s2Vmxm1wz2ctg9Isqtyg5w7tafcv1DWBjtobxfLrFlnyTWYd6xMJKrxh7zsljXNbcDazNgsOScH/LYOoH3rE+EL9MD3ZNjeepp9y8xNarMTLPo8RfGRZrLfNz71YpMYYyFs2ztOeSGh1jmN9+pV6lwCsk8WBwHF1mj0lSkWi5AHwiqjY0EnZYdoi9r9W4cy8WmsvUQ8J9JHPB2oKfrDEwvR+aoO1siNl7lxFmjqCs2D4JECPg9M+Z36yTxevPLuVto9F5H2NTJl+rZk3tPOp8kx6OqBwTDgz5KkbtPPjyncO3grxguEMp2m3hPd4zjvJ4dAWZS0rI2hrGhoHMF7LnM7UREUBERAREQEREBEuviD6iIgL4QvqII2uwGmm8eFhPG1nd4zUHV6vaV/iulj6nX+8CrciDXk+rM+RVEfOYD6iFinVrUjdVRnrit7StmortWtYdXVSP0mIdUd/aFIQaBzDxqw/Vjt/qV6RNipw6CQ/5k00nQXAD0C/pUtRaN0sWbIW34u8J3e65UsiiPjWgbl9REBERAREQEREBERBr3XHppJhtPG2CwmnLg1xz2WtttOtx8JtutajwoaQV7OWhkqXsJI2g/ZBI32tZbZ1z6GTYjBE6AAywOcQ05bTX22gDx8ELUeGM0goWclCypjYCTstbdtzv4qqkBoxpL51T9qfeoym00xbDaoMnllJY4cpFKdoFvbuy51nfHjSGPfy/1oSfYvOl1nVTZwa2ngmzG2HwtElusi6Cza8tI6mKakNPPJE2Sn2yGOIBJceHQtl6r6p8uF0kkji97mEuc43J8NwzPUtQa/KpkstDJH4j6UObbzS4kLbOqT80UX0bvvvQW9cx6Q6T1rcWkibVTBnwoNDQ87NtsC1uC6cXJukf56k/9wffCQLlrs0gq4K5jIqiSNvIsJDXEC/OVC0VBpHLGyWN1W5kjQ5pDzYtOYO/pWRr+/OLPoGe1eGE6V4+yCJkLZeSbG0R2iuNgCzbG2YsFQlotJWNc4/DA1ouTtHIDtVg1Naf1clW2jqJDKyQHZLs3NcBffzg2UBXaY6QOje14nDS0hx5IjLnzsvHUhJA3FI+VJDiHCLhtkbj2XUHTksgaC5xsACSTzAZkrmDTnWHV1FZK6nnljiB2WNY4gFrfKIHHetpa89K/g1KKaN3ytQLHiI+c9u5UrUfo3TyctVVTo9mzomNe5ovtCz3WPQbd6Cc1F6cSTPkoqmRz3m8kTnm5NvGZc947Vudy5HxqnfhWJO5F4JhlD4nNNwW+M3dxBsR1rqPRrG462liqY90jbkea7c5p6jcIOasZ0lxJ1dPDFUz3NRIxjWvPnkABSf+FaS/+Z/Gfeqrila6DEZpmW2o6mRwvuuJDvVw/wCt2J8If4EEbirsfpGctO+rjYCBtOcbAndfNbF1c6cz1mG17Jn3npoHubJucWmN+yTbnBbv6lrbSfWhXV0DqeXkwxxBdstsTY3HpVt1PYcwYZitQHgvdBIwsG9rWxvIJ67+hBh6l9I6ufE445aiWRhjk8FziRcNNsl0OuZNRH52j+jl+6V02kktb69cSmp6GN8Mjo3GYAlpsbWOSxdQWKz1FNUOnlfIWzAAvcSQNhptmn4Q35vj+nb6isP8HD8kqvpx9xqDbyIiiNU/hA0FQ6mgnhL7QveJNgnJrw2zjbmBZ/MtcaJa2ayhgEAZHK0OLgZNouztlcHcunHsBFiLjgVETaLULzd1JA48TGy/qVVpV2virt+SwX+v71R9JMcqMXqmv5JvKOAY1kTTnw4nnXT40Pw/9ipvsme5ZlFgtNCbxQRRnixjQe8BBo3XLovNDSYdJYubBA2GQjPZcLEE9Bue5QOi2titoadlMxkT2R32dsG4BJNrgjnJXTc0LXtLXtDmkWIIuCOBBUG7QfDDvoaY/wDyZ7kGlpteteRYQ07TxAcfW6yp+jlPUYjiUZA2pJJmyPIGQAcHOJ4DJdL/ABEwv9gpvsm+5SWF4HTU1+Qgiivv2GNbfrsM0HP34QA/7i36FntXtgOumelpoacU0ThDGyMEl1yGiwJz35Le+JaOUdQ7bnpoZXWttPY1xsOa5CxPiThv7DTfZN9yDTlVr2qXMc0UsIJBFyXG1+i6qOrKmc/EI5zlHATNK7yWtbcm55uhdI/EnDf2Gm+yb7lnMwOmbG6FsEQidk5gYA0jgRaxQcuY9XT4ziRLBd0r9iIczWDdfgLZlW1uo7ERungHU5/uW8MP0YooHiSGlgjeNzmRtDu8BS6DmXSPVFX0tPJUufHI2MXcGFxds3zIuObf2KZ1B6WclM+gkd4E13RX5pQM2j5w9IW/pYw4FrgCCCCDuIORBHOFEwaK0LHB7KSBrmm4cI2gg8QbIOY4WA4zYgEGtcCDu/GldS/4JTfqIv4G+5eI0YotvlPgsG3tbW1ybdra33va91LINea38CphhVTIIY2ujDHMc1oBB5RrebocVrfUTC6V2I04NhLSOb0bRu0H+croWspI5WGORjXsd4zXAFpzvmDvzCxcNwOlpyXQQRRFwsTGxrbjgbBByfg+JVWE1nKBuxNEXNc14yzFiD0dKvbdfFdb8np/5/6lvPEMBpZyHTU8UjhzvY1x7yFhnQrDT+hU32TPcg5x021jVWJxsilbGxjXbVmA5ncL3JW2dRlA6kw6Sao+TbLJtt2svB2Q0HtsrxT6IYfGQ5lHTtI3ERtuPQs/E8NZPGYnXDcvFtcW4XBCDIpqhsjQ9jg5p3EbkWPhOHMp4mwsJLW3sXZk3JJJ3c5X1RGWiIgIiICIiAiIgIiICIiAiIgIiICIiAiIgIiICIiAiIgIiICIiAiIgIiICIiAiIgIiICIiAiIgIiICIiAiIgIiICIiAiIgIiICIiAiIgIiICIiAiIgIiICIiAiIgIiICIiD//2Q==');
INSERT INTO tblmerk(ID,strMerk,LocatieID,Plaatje) VALUES (9,'Lexus',9,'iVBORw0KGgoAAAANSUhEUgAAAMMAAADDCAMAAAAIoVWYAAAAkFBMVEX8/vwEAgT08vTExsTk5uSMjowMDgxUUlTs7uz8+vyUkpQcGhxEQkR8enz09vQkIiQcHhzk4uQEBgQUEhTs6uzc2ty8vryUlpQUFhQMCgxMSkzc3tyEgoScmpw0NjQkJiR0cnRMTkwsKiysrqxsamxkYmRkZmR0dnRERkRcXlwsLizMzsykoqQ8Pjx8fny0srT4f0ZOAAAFlUlEQVR4nO2Y6ZaqOhCFZSbOjGozOIADAs37v91NSEAZ2uO5f9qz1v7aZUsglexUqlI6mQAAAAAAAAAAAAAAAAAAAAAAAAAAAAAAAAAAAAAAAAAAAAAAAADAC0jDb0/k/0Fk08rDw3Vxpa9CUU35t2f0lxDX0+aOJEn2Ttelmt1tScx/xx9LKzrR6W9n6zgLp9pKiJCT0reWvz25tyCeRj2wvV98s77291zDdbmmQhLrl6f3DnISS/bsq2quvZhLiOVJdZrR/96nBwYJQknSb0nboM65hL3Lrqq7Ljkb99em9xZBRrfR9TFJM+Uhvfb4tZzpkh5+tCeslE5Xe2qI1jyeoyaWlwdH2m4+WIRMN9L2WYJX8p2UqW2TebClddFcublCscZzLlE9ZRyv20HOf7iz5I2NPWtoL+gNTaqdZJ+f1jj4EvEcPD3lGiywxUURr1ezrWaOKHCVIv2id8f+4uJpFBJM4+a57aJjyuPt/LE8Ssu+PefaC06VBsNdeVy7Ihj2eUest5b0VHye1k+EQw1EWYhzpcNsJz5ore/k6swO09Opbj90NdTmnfqxTTxiTzKC7rgK3fiXp2lEKxEM3SnKmiSVomu0HddAIrELJb3DIl2L9ovIfYHGWpwsCUc0BE6jQdbsMXv2Re2MKy/okj+5QZmPS53ktrSdvtRAIr7e+u2y6JBTccIVM7afSMKdEKrymAZvJzQsuUHnlnbtHapuerHudH0ftYSV2cNg4JZPNGxealDqZmkbev2+9N5FVGDSt2fVTtAz6hPz+9VesuqdpqeDufSnRqUe26vldFYbXSeDEsmicfP1SsOSe1A/jI7jhs1+Oqbs/R6y/SCPaQiEBlLUN8s/SZh4Uru8FF+EUD/wKSZ1+01+oSHnXZ2L1kO4JZrbbVDqIjBe+kHl0XXqmYsqt5daOxrUMx9ing/FLumqlNbPGshF+oGmhlGujQg7E31ZNP6owbJHzenxpegO3dFQ8JzkFCPHFwu/ufmzhsl3ml5GR23rMDkVLbujOC9H/dDkpeCnRZHWUSeoPVuym3iQD/yRy1ipbR3bwOEart0EN3Fd9Sqyj17OH5R+u0RZq3E9rXuLeOgO+NhL8z6xyAz7ToywvBSL2XgGn0EyGSHY0y3AP1Z39tgg+y5DPsI2jfynwsAXsWWFtZeFDCdlCV344dbZu40G4g+KDF+78+7+804xWcEnPCvOht3GUl36Up/fPe1RVeV1NTKrJl38eg9IM230G1OR7er1n4r8tJtHZEI03qV4ftJ6nNMDiCH257MGUj0CIhfn290Yclw9Dg2xr8siUB9Yrugdq6Y6wFvUXwxT6uLkJvbT6tubJDyXx4X3MKTUGnRTtYZmpuL7ZdWJWKtsHeE2MTeOEzZ9Em7p9GUcDeOrftEP4rFtRi/advGa107YsE1L8m8RNk7mq2LI1a3tcuRrYRsDI4Yx55Ilu5s465PkxnN4NVphNTwOG/d7+1LtOGmzeGYkdvWuLLxsPIO+ZtHLiWz19XMtQla+y9VsPfjb70/79e2pqrI2978ddr15hMmyykTr6ppop7+0ZN82vZRIK3mjFcG+3vhDlIrScZ+sJNFUm061zZvvUSeTkKDgd7SNZzJT7xuaFr43/K2I5EzEsZ9mHuTzsswGVctSlmWTvb313h+W8DumyW4Q9sy7tsbnSPIzK4UXfQ8J0hMrzz/9dzJiaTRInVIblohmSM9G+zBSQH0css+izDmdk+eKVS5ud3pwHfMP/3FJQFSffWO0Z/vYCCPGwoj3LB1n+b/wSyWHmEGVsUnbjuPo9MUStxEF/4YPWohpeYp2OMf7/d5ID4kXuJ8eyuPQFEbLaNcc5kMAAAAAAAAAAAAAAAAAAAAAAAAAAAAAAAAAAAAAAAAAAAAAAAAAAOBn/gPaP3H7jEoHdgAAAABJRU5ErkJggg==');
INSERT INTO tblmerk(ID,strMerk,LocatieID,Plaatje) VALUES (10,'Porsche',10,'/9j/4AAQSkZJRgABAQAAAQABAAD/2wCEAAoGBxQUExMUFBQWGBYWGRoYGBoWGhkaGhoaHBoaGhkcGiEaHiskGxwqHyEaIzQlKiwuPjExISE3PDowOyswMS4BCwsLDw4PHRERHTEoISgwMDAwMjEzNjIuOzAwMDAwMDsxMDI2MDAuMDAwMDAwMDAwMC4wMDAwMDAwOTIuMjAuMP/AABEIAMgAyAMBIgACEQEDEQH/xAAcAAEAAQUBAQAAAAAAAAAAAAAABQIDBAYHAQj/xABMEAACAQIEAgYECgYHBgcAAAABAgMAEQQSITEFQQYTIlFhcTJSgZEHFCNCYpOhsdHSFlNUksHwFTNyc5Sy8RdDgqPC4SU0REVVY7P/xAAaAQEAAwEBAQAAAAAAAAAAAAAAAgMEAQUG/8QALREAAgEDAwIFAwQDAAAAAAAAAAECAxEhBBIxQVETFFJhkSJx8IGhsdEyQuH/2gAMAwEAAhEDEQA/AOzUpSgFKUoBSlKA8pSrbzKNyPvqLklywXKVF4vpBBHo0i38wT7hc/ZUVi+m0YHYRj4lSF582K1VLU049SahJ9DaaVoM3TWZr5AF87flNYWI6QYsj+ttc27Ob+FqpetgujJqhI6XSuXvJi23xTj/AI2H/VVnEfGkGb45IRcDSRjv4Ztt/sqPnodjvgPudWpXOoIOIgXE7eTOft1NqqPF+IRAl3Uga65Dprc+jUlrYdmc8F9zodK0PD9N5lt1kaEHu359x127qk8J04hbRwVPP+WAqyOrpPrY46MzaaVH4bjML7OPbp9u321nK4OoNx4VdGcZcO5W01yV0pSpnBSlKAUpSgFKUoBSlKA8qBx/SiNGKIrO40IRSbHuJNlHvNTprns82WTEgGxLnu03tf21j1dSUElF8llOKlyZfEekOIPqRDx7bfwUH2GtZ4jxRyDmld7aHMdNhso0qnESa6dptr+kb6C1zoNfLesHHYZwoJ5k3sb2uBb7BuK8xybd2zSopFfxF21LBb6kC/jvbQ7Ha9IYrEjzHuI91XY3lbZTY6+jbv5tXuintFb7DW++/ieW1qjkmi9DCPnNbXvA7u+sjEJZUA2zKb+WtvEmo9cXuQhYk6WBA+aN/dtbevfj0pyqI9BZgLrbs6/965ZnbkyFVjdsOxOl7+21XcVgY+pMoi6tlZdwL2zKPu8qhJ+kM8SPIxIVQWPok2F7gWqEk+EiNwFkeYgEGxUWuLW2NWQpTkrxVyEpJcs3jpQGLplBKhWHZudbg8iOXM1Cu7WIJNtQRc22fQ/ZzqKi+EKAgAzuP7UZP3A1fXpLh5Rb41FqD6QKW0PrAeFddGa5T+Amu6M7FP6Nz6J8e4jnrVgy91/DXy/Cq44esKmJ45AL/wBWyk7EDRWqt8KUNmQryGml+ztYW7+fuqOLq5MpwAIubkEE6jQgaW2P31MYTi08eqSK47ibNz5rUfw0i0liPSOW/PQa+VWcXKPnKAfDwBta3dy8TtXL5wLK2Tf+jnH2nCXUdpnU6g+iL6EVsVaN0CGkQtbtym17/NHO5vW816+lk5Qu2YqqSlg9pSlaSsUpSgFKUoBSlKA8Nc44tw6VpcQRlRGbV5DlQDKNQT6R8K6Oa5l0hF8RNmscpW2a5y9gGw0IHfse+vP13+v6l1HqWikC2Ad5TsAgypuotmc68tBerLYy5IURJYch1j8tydB7qhummPeLDSOhsxKqDsRnt367A+VxVnA9Rgoe3JGrsha7EZ2bLobWLE5v4a1ijSbjddcIuvkyv6WSSVog0sjKbOV1jQ6+kb2J8FB28K84jxhIZEiSMyTPqI1KqAoJOaRrWUb6C+gvpfXWuiHHI44OrWGeSUsxbq1BFzzJN+WXlyrIwz4s4qbFDCX62wUO4GRVsFFxqdFHdtWjy6jJ7uFxd8sjvusG0xSnLmkCoR6Xb7IsV+cyA2t/NqpixKSDsOrgb5TmAsvh+HdrWrcTGKmaMyQXjS/ycbggn1j38uVTvCJYXW6IEK9llcBWUhbm4tbuNU1KSjHd/HCJxld2HSUXw0/925/zVyWux8ShVople4Uo4bLbMBdr787d5NaUODcP9fE+6Px8PCtOjqqMGmJ0J1MxRqFK3H+heHc3xX/KH31UODcM9fGewReHhpuK1+Yj7/BDydb0mnqxGoNjUtw7pVjIf6vESgdxbMvua4qcHBuFaXkxmv8Ac+H41UODcJ/WY33Q0dWm+V+wWlrLoy5gPhJlNhicPDKNiQDG9vNdD7qnsP0j4fiB6cuHfukAZOfzlvYX7wKgBwvhAHp43/k+P4VUMFwzk+M9oi8B7N6zyp0ZdGvsTVGuujOq9Ao1QxKsiyLeUhkIIIIXu+6t6rmvwVLCOqEGcx/KkdZlzXOS/o6V0mr9MkoWXdmaqmpZ5KqUpWgrFKUoBSlKAUpSgKa418IvFxD8YYOUkYoIzqdci7AeF9T4V2WuScbwcc0sqyqjKGU2YXAOUAHw9nK9YdW0nFy4LqS5sc/wONn4gowzNGoWzMxHabtAC3IW0vtWw8M6I4eLtOudt7vZr6DYHs+Gx8zVfH5Y8JG88USiVyqKctrsQCCe/Ym3M1h9KMTImHgSSTKZ3VZGFlsoAzbbC59w99O6U7KniL/GWWSzLLNkjjGWy7WOxFgAHvoLAad+W3dVMOJR7mORXAa3YbML3JtfXN7ByHnWo8e45hlhTDwPdGdRKIw4AjUklQWtmJJG29td6z8NxgYlocJhS8bSsIw7oVVE1NlAJtsBVb00mru/9L3O70bEvLU629bU9j1Tr5VaKi+bna19PV05+e55nSrHDsNgoRb+koGbZszsb6i9wee/h4aVkvjcJ+34ba3pHusf9KplSknhP4JKaLeMHyU/hG/s1by+4VopOnsPt0bv/hW84jH4QpKoxuH7aMo7RsLkkezXlatZbhsH7fhve29j7996voRcU9yfwb9LWhBPcyMY6n+Hm2mn4H2V4G8f+2q+J+8VI/0bCf8A1uH9hbx8PHwq7h+DRsSfjUFl7TEZzkW63Y2G3lar9y/EzX5ml6kRCttr9+voanb7bDxqm+l9/d3Gw9vn31Nf0ThNP/EsLpblLvp4abVabhmFH/uOGOlr2l7vLb+bVK/s/hkPN0vURTMdTfv1ufpd5AH216W19oPkL767fZ7akHwWH5Y/D76f1v0vo6b8rVT8TgvpjIDbawfvueWnsIp+j+DnmqXqOhfA02kY+hL98fia6nXLfgiRVkRVdXAjl7S3se1H3gV1KtFD/F/dnh6mSlUbR7SlKuKBSlKAUpSgFKUoDw1wzppxYwpOySBZCyhL87Zc1h32117q7ma4nj+FxYh5BImYJJddG3NhyO3h5eFYtU4pxcuC6lfNjUjjp+JIsKoihCrSOTrmsVFgNQN9NfMVPYXotF6c7vO9r5pWuugubAta2ne38KtcZhjwUUksCBZJCi87Atc6C9gBqbbXI7rV50hJRMJHLITHLKokZ9AQoGjH1STc8vdVLm5WVPEXf792WWSzLLJbqoI4y56pIx84ZQoBLAWyAZyeWx8DUn0baNsRAy+spF1KsL7Xz2Ou+21q0jpFxnDtLhURutjiLu4jBILmwTQ2BtYbaW0qb6PcceXGYRY45Y06y8hYWuLG3svqbnU1W6D2pu/V5O7lwZPDsfJDw/h7RswBlmDpHGGklHXOAqsY2UWvchstxsRavMZxPFQibNJI+Y4qKK8KH5RJEWC2SP5y5jc6HWpv4PpbcPg85f8A9pKv8e43Fh4zJK4UHRb37R7gFBJ92lclV+tx23yzsYYvc17EfGc7fLSWGMWIDq4rdWUDE36va5tm2qLXi+KMUgVZGmLRgHq17DZXeVFUotgMoXUncEHW1YmL6dyzEtEgWOGzugds7pex7QXRASLga2PnU50U6QNio3d2jDA2yJmzKORbMdQeRAqyUZwjeUV0EXFuyZiHHzu85GZE6tnjHVruEjYKt0vfUg33vpqDVnpCCOsBNz8Se5IAJOYXvYAXrZpHqA4siPOyyFgjYdwxWxYKXFyL6XqNKab4sSlF97nLb0vW5NwLhvKfE+1I/Dxq03AsBymxP7ifjXoePD3+Crylb0s1KszDVOnguB/XT+1U8fHwqqPheFG0s/tVfAezenjQ9/gLS1fSzonwH+kv93L/AJ4663XKvgcRBIBGWK9XIQWsDq8fdXVa7Sd037spqRcXZntKUq0gKUpQClKUApSlAeGuLFspxB7NwzG7WCi3eTsPHX2b12k1w/i8sGbERTSKokYggsqta+4v4j/XasOsV9pfR6mppx6TGRnCmNGlc6NmyqAtje19WAUjTcd9TOB6KJo+Id55LaZ2bKAAbWHpEaWubeVe4PBcOjMbK8QeNsyt1ovfQgt2rNY6jQVLDicFrdfB9YncRffx53PjVFWq1ikml9icY9ZFyHBRoCEjVR9EAADtDSwt781Z/CVAmj0tZhsLW1G+h89T+FR/x+En/wAxB5mRO892vPvFZXDMTEZY8s8DHMLKsiFj5Ac/K3PesrU3l3LlYq6E4gJw+JmICr1pJOwAkkJJqK6W8WwTQR4l41nuSsWhFzrcNfZRuQRvasfgitLhsJh7P1bPK8pC3UokrkIx2GZrA+A8a1rpz1UkhnhMhV27Q6tljzAZWZWOhJIAOla6dJOq22+Xx+dSuUrRIPg0zB2RVu0qmIa2ALkC9dD6MdHzhc+ZgTsGGzA2N7HVSDddNxY8q5myPGwuGVhYi9wRzB7x31KDpXizvO/2fhWyvSlUVotW6lFOSjybVxviMgxKxyACMElO1lR75cpkN9lN7+ysnisl5WIOhw7EHwLgg1EcMxE2MQBnUPCQwfL2mzXFjbQbHXyqUmivMEBAPUZbkmw7QG+9ZpRUbLqkXwleV+l0a/m/m+/o6n+R51Rfne/u7jp5nz76mD0ek0s8Z2I7TfRHd9uu+1WjwGTUZo729Y3tby2+zwrviR7nuOvD1IjJD49/f9Pxr0sb+0Hy7Q932bc6kG4DLv8AJ9/pHazfR7u6w0r1OAyFh2oxrp2jffW2n3Gm6Pcj48O5vvwLL2lP/wBUn+eOuqCua/BJhDGyqxUkRPqpuD249jYV0qtOnd4392eBqmnUbR7SlKvKBSlKAUpSgFKUoCmvmv4YcGY8cx5HMB7Hb+BFfSlce+G7oy80kbxKC176kKLEZTqTbdQfbVU2k1J8E4q90ji9K2AdB8Z+qX62P81VfoHjf1S/Wx/mrvi0+6Hhz7M10VK8BxfUzwy+o6t7AdfsvUgPg+x36tPrIvzVlQdAMd+qT62L81cdWm1a6OqMl0Ny6OSiN8RBf+rkMkfjHKc6kd+txVHR9ikbQsrK0TNckdgh3d0yts3ZIv3ViQcExkcUcrIomgGRflEYSxneNspJBHI99qz8BxNJlJUkMujo2joeYYcvPnXmVFzbP9/9NUXwXMVho3N3jRjtdlVj9orQcZwETYnECFhZdR2bLmJAKXXQW1/nWtz4jh2kKDOVjuS4XMGcWIC5gdBfU99YWNRlEcMK5Fa4Lqosi25a+mToPfVlCbhwyNRbjC6IuohZAtnRyJDuGa5sQeemn+tX8G+ed33AIjXuOW7P7L6VYzhFGHg1KizPuE72Yjdz3VRh2xC9iFY4kGgeXVyPWyi+W5vuNa7JbnJ8X7nFhJGVieMO+JGGgyXXWSRwzBAMpKqC2tjYa/O00GtXOJ8b6uSOKKNXmcBrF2EcalRYva3bsM17iwtvpUfhuiUqSGX4zIsjalo1CXzkX1zg6k7WFUDo7OJGmixLNLrdmGYtouma5zHYW12ptoXWVhfv7kbz7E8ZezeQKvI65UJyvYqZGzEfz4VkCQG2UAjMMuo2zE8hoNBy11rVUgkM6nFgm/ZRgAUDHa40tc9/M1s8UAVljFxrkF9j2je3LS49XXvqirTUbZ5+CcXc3X4N4u0G7oQP3mFv8hrea1zoLhssTvyZgi/2Yxl/zZ62OvS0ytTRmqu8me0pStBAUpSgFKUoBSlKA8rWun/CBPh2FtRcew2/6gv21stW5YwylTqCCD5Gq6kd0WiVOe2SkfMkikE3FmFwb8iM1xv/AB9leE777nT2tvta/nW39Pui0qYhzFG7h73CKTYgHXTYEWPv3rXz0fxX7NNudo227Xh91vKsSkrZPpqdWEoqVyPB1/nXb7fdVKnYa62/6NNd/cfbUmOjeL/Zp/q37x4EffVP6N4vS+FnG3+7b6Pf5Hn7qleJJzh3RHhrAEEi2x1H3A+7TblWf/SKvYzIxddFkjOSUeloT84C3OqW4DiRvh5u70G7vLb7Kpbg2IsfkJeY9Bvp2tp4jkfMUx3KZqlNWdiRwsskhKxYpiQGJEsSFgF3NxasOecGVYZZ5XLMqEIgiQF9sxXUi3jWVwDASxyuzxuo6qQXZbDX7NakHx8QkSJms7KpUEntXCgfc2hPlvVUp7ZWSv8Aa39Hm14RjK0WUokMIRCQuY5VRRvmBFgOZvYljtfaq+J8SMRjjRFaSVmCL2lUBWJZ3Nh2R3W+adrVCdIsckeNhZmzKqMuWOzMGJcDS+5uvsr0zYp8Qs8eGCqEZFWZlW4YsS1rqefKkaN7Sl2vnuZ3PoTWL4isbxRiPPJJ2hGhQCwI7bMVbIlwbDU6G/jkNIBl2FxYX3tlTT26629nKtcbC4/rmnyRZnVVy+koRcgULflovPW9e8NRmnJxKHOdIvUBXXKv0rba694veuOjG2GsLNuQpM2Fhe4sCNbjslTYOdkTYeNjte24zuHoWfQZiTZfpMXIXXbe3NtuVYTpuLMQASLqNbq+ljsb33B2Ou1bj0C4VnkMp1WI3BPORhpe++VTz717qopwdSSiTctqubpwvCCKKOMa5FAv3nmfabn21l15SvbStgxHtKUroFKUoBSlKAUpSgFKUoDXOnHAjicPIqO0b5dHUlSpGqm662B3HcTXzfj+J42GR4pJ51dGKsDI+hHtr6yrkvwz9AetU4uBbyoO2o3kQd3eyj3jyqlpQle2H/JNNtWOQfpDi/2mf62T81efpBiv2mf61/zVg9U3cfcadWe4+41b9JG7M4cdxP7RN9Y/41kQ8XxB3nm+sf8AGopYz3H3GsuBT3H3GuWiSuzZujONkaUhpHYdW+jMxG3ia86S8InmlUoqWRBlcEKWIF8v9q+3nvVnosPljp/u3+6ttJGW9wQEPO+mS5B0uLWPcPK9YK9Tw6qcV0LordGzIro1wxYolLR9XLY9Yd31z2F29AkAHLceRqbS97AC5NgAGue2L8gTy0sdqgeJY4vDAw+TWZ0Um9sqMXY2Y7XGl/PWvMVxmHrIoROEisxkZWOoB+TiLxi4XS5sTpbWqnTnUlufv78ErqKsTgSxUEDcaWUEt8noNDp4Lc76CrUiAqLhSbBtjplF1Pv1GnP2ViYfihkciIKY48qs5OjXy9hbWHVg23vWZAoII1sAAW2X0dxp7L2/4qolBweSSdzL4fgmlkVFS7M1lHYylgz69lb2AuSTY6HTaus8H4csESRLrlGp5sx1Zj4k3NQvQro/1K9dItpHGin/AHanW39o6E+wcjfZ69LS0dkdz5Znqzu7Lg9pSlayoUpSgFKUoBSlKAUpSgFKUoDyrc0QYEHY1dryuNJqzBy74QMDjIG6yCRur5qApsPWW6k27xWhnpLiSP64+dk+jt2PE19C4zCrIpVhcH7PEeNck6edAXiYzQi6k8ttx+6dPAHwrHOlt6YPU0mopv6JpX72NQfj+It/Wn3L/BKobjM5v8ofcL/O+joNO6sJ4ypKkEEbg3BGnP8A76eNUcjp3nwv2/55+dR2o9PwqfpRNcL4hLJIys9xkc7C2lgDoPPnTjfH5MPIgZQ8Tx3GpDlsttc3zeWgtYmxrH6OreZv7uU/z/qamzw9GcTFAGRMoLAkjshrkXItZj2rX8Kpk4Rn9SxY83VxtK0cERwTgyvFE8zGVct40zExoDmOWw1LAg30sNj31NR4KMXASMWOyxxgAZgDe38SPM1XBAkaEIoSMAuoXRRfrBve9zYbkd1jtWTh8OxYdkm7HLa98xYHKoAB1HcBVVSrKUsPBmjGyMLB8PRG6xOzoL62VrZGu1rc9RoNtzXQOhfRg9ieYbWMSNv4O4PPmBy33ta90V6HBMsk4uwsUQnNltsXPzmHIbDx0tt9bKGnd90+ehVUqLiJVSlK3FApSlAKUpQClKUApSlAKUpQClKUApSlAKtugIIIBB0IOoPnVylAaN0s+DmKcFouy2+W5Gv0Ty8jceVcx410NxEDEFGO+moJ38e0NfmmvoWrc0CuLOoYdxAI+2qJUVzHH8GulrJ08co+d+j0TrOQylT1ctwRb5gOvt8fdWyYPDMVUhABYEk6D0U7wLnfkP7VdLxfRWFtVup/eGu+ja+wGr+D6NwpYlc7DYvY28hbKPdWWemnN5sidXVRm9xpHBui8sxzBRlPz3HY9Jmut+0515aeNbxwXo/FBqBmkIsXbfyX1R4D23qVAr2tNLTwhnl9zLKo5Y6HtKUrQVilKUApSlAKUpQClKUApSlAKi+kHHosIiSTZrO4jXIjOSxBIFl15GpStU+EPCzOuC+LrmkXGRMCVZkWyv2pMuoQG1zQFX+0LC+pif8ADzflqqHp9hGeND16GR1jUyQyopZjZRdltqap6vjPr8P/AHZ/xrFx/BOJYhoFxEmEEcU0Ux6pZc56tr2GbSgM/iHTjDRSyQnrmeMgP1cUjgEgG11Fr2NWv9oWF9TE/wCHm/LUZg+Ltg8XxDrMLi3E0yyI0MLSKV6tV3B7xUj+nifsXEf8M/40Bkw9NsK0E8+ZwkBUSBo3V1zkBeyRfW9WP9oWF9TE/wCHm/LWs8TjmxGH4zKmHxC9e2G6tJI2WRsmQNZdSbW91bMI+M+vw/8Adn/GgKZPhFwaglhiFUbloJgB5krpUhxnpTh8O0aSFy0illEaO5Ki2vZGg1rWemOF4s+Fljk+KtG+VHECTNKFLAFlBOtt7d16yumcCrLh3Bx4kSMoHwcecZSRcPcaG4vagJD9PsN6mJ+ol/LWfwXpJFiWZY1lBUZj1kboLXtoWGprR/jj/rePfUj8tTHQefENiJwxxrQdWuU4yPI3WZjcLptb+dqAzovhBwjDMgnZTsywSkHloQKufp5hvUxP+Hl/LUH0M6SHC4OHDy4PHdZEGVsuHdlvnY6G+u9TH6dp+xcQ/wAM/wCNAS8fG4i8Ed2DToZIwVIOVQCc1/ROo0NSV60vpBgJMVi+HvG2IhUxTMXRcrpmCEI9wQpO1j3VnfojN/8AJY396P8AJQEw/F4hOcOSesERmtY26sNkvfa9+VQkfwhYVgGVcQQdiIJCD5ECsHh/BJYeJOWknnU4FgJZRezdaPkwVAF7C9t9a1ngJligijd+Mxsq2KQw/JrqdFut7UBu/wCn2G9TE/US/lqb4XxBZ4llQMFa9g6lG0JBuG1G1c7+Nv8ArePfUj8tb10VYnDRktOx7WuJXLN6TemLaeHhagJalKUApSlAKUpQClKUApSlAKUpQClKUApSlAKUpQClKUApSlAKUpQClKUApSlAKUpQH//Z');
INSERT INTO tblmerk(ID,strMerk,LocatieID,Plaatje) VALUES (11,'Toyota',2,'/9j/4AAQSkZJRgABAQAAAQABAAD/2wCEAAoHCBIREhgVFBIYGBgaGBgZGRkaGBgcGBkcGhkZGhoYGBkcIS4lHB4rIRgYJjgmKy8xNTU1GiQ7QDs0Py40NTEBDAwMEA8QHBISHjYrJSsxODE3NDQxPzU1MT80NDExPzQ2NjUxNDExMTYxNDExNDQ2MTQ1MTE0PzU0NDQxNjQxNP/AABEIAOEA4QMBIgACEQEDEQH/xAAcAAEAAgMBAQEAAAAAAAAAAAAAAQYEBQcDAgj/xABMEAACAQIDBAYECwUECAcAAAABAgADEQQFIQYSMWEiQVFxgZEHEzKhFEJSU2JygpKxwdEWIzOisjVDc9IVJFSTs8Lh8BclRGPD0+L/xAAaAQEAAgMBAAAAAAAAAAAAAAAAAQIDBAUG/8QALBEBAAICAQMDAgUFAQAAAAAAAAECAxEEBRIxITJBE3EiUYGx8BQ1QmGRFf/aAAwDAQACEQMRAD8A7NERAREQEREBERAREQIiTIgIkxAiJMQIiTECIkxAiJMiAiTIgIkyICJMQIiIgTERAREQEREBERARPlmA1JsJrMVn2GpmxqAnsQF/6YG1iVjEbWoP4dFm5syoPzb3TDq7S4th0KdNey6u/mN5PxgXOJRmznHt8dV+pSC/1u8+RmOO+ef7tD/64F7iUNsyx3zz/doH/wCOfX+nceo0ZDzejvf01EgXqJTE2rxC+1SRu7fW/hZreczsNtbSb26boeRVh4WN/cIFlia7C5zh6ui1Fv2N0T5GbCBMRIgTEiIExIiBMSIgTEiIExEQEREBESuZxtAEJp0QGfgzHVE5C3tvy4DW5HAhucXjKdFd6o4Uc+J7hxMreL2mqPdaFPd7GYXbwQWA7y3hMPD5fUrvvVGZiesnXu5DkJ55pneEwA3LesqfIQiy/Xbq7hcwPT4HiMQb1HZr9RN/ICyjwEmpg8Lhx++rIgHUzAfyyrHNs1zIlaCMqXt+7G6g+tUP6zaZZ6MGazYvE3PWtO7edRxc/dECcTtdllH2N+qR8hN0fecj8JrT6QwxIoZfvc2qsx8VRNPOXrA7EZdRsVw6sR1uS5/mm1xRo4Wk1TcVVRb2VVF+wDmeEDl9Da3M69T1dPC0UawJDI2gPAkseXulqwuBzNlvUxlFD8lcKre8uPwmTs/hmqF8RU1d2v49g+iosB4ze7l5IqmPwuaU1LU8TQqW+K2HCHzDGVc7Y49HanUwdJ2UAsFRhoeBup4TqLJK5mm9hay4hBccHX5aH217x7Q5jmYFSTb+lfdrYApzSrr4I6D8ZsqGf5XX0NRqZPVUQ2++pInQmwtCugJpo6sAQSqm4IuOqaLHbA5dVufU7h7abFfcNPdIGo/0WlUXo1EcdW4wb3T4TEYrDHouw5cV8UbTyt3zX5h6N8TRO9g8QGtruuSj+DoN0nvCjnMFNosfhGFPGUi44WqLZ7dq1Bx98C8ZftaCd2um79NLkd7IekvgWHOWWhWSou8rBlPWDcTn2FfDY1d6gxDjVqbWFReYtow5ifFCvWwr7ysR22Fwfrrwbv484HSYmkyXPkxHRNkqdl+i3ND1jtBsR2dc3kCIkxAiJMQIiTEBERARE0O0eZmkvq0PTcHhxVeBbvJ0HO/ZAw89zlnY0aJ01DuOJPWqHsHW3gNb288qyoCxInnlGBAG8Rb8hNhkebU8UKhp6qlQpftsqm/drJH1nCVFoFKJ3XfTe61HWRz6pUtndiVrVGeuxamjEbvzjD2t48d0HTnrLxj0Y07qLldbdZHXaajJs5SiTSqsFVmLI50S7HVGbgpudL8b24yBZsPQSmoVFCqNAqgADwE9p8gg6g6T6gJUdssQXqUsOvWd9h47qDzufsy3SiYFvhOa1X+Kjbq91MBfe++fEQLXh6Ip0wvAKv4cTK8mcVMRWK0VZwNQqkABeG+7HQXINhxNjYaGbDarGepwrm+rdHz1PuBn3sjl3qMKpYdOp037zwXuAsIGvwWcMtb1NUMpvu7rW3kY+zqLgqe0GbHNsL6yky21tcd41/6eM123OB/dpiF0amwDHtRjb3Num/f2za5fiPW0kf5Si/fwMDD2Kxu/RakTrTaw+o2q/mPCWWUXIKgoZlUpHQOrAd6HfA+6z+UvUBMPMMvpYlDTqoHU9RHDmD1GZk8q1VUUs7BVGpZiAB3k8IHMsdsg+GxS+pqsFa7Um+MpGpRj19oPWO7WxYvClqaO4G8RZ7cN4cSO/jGMzYYmsvqwSiX3Wt/Eci10HHcAvr19Wmpy8U/RVONrlu89XgJIquJw7UzvL23001HAg9R5y2bO56K4FNz07HdNrb4HEcnHWOsajrtXMfjaaVkotxqKxU8wQAD33PlMOsrUnDKSNQdOII4MOY/UQOpRNZkuYfCKQY23ho4HC/aORGomzkBEiTAREQERED4dgoJJsALk9gEo2+cRXaoR7RBHJR7C+AN+92ln2ir7mGftayD7RsfdeaDKadzfnAxNtcy+C4QIhs9W6jtCi2+3vA8ZTtjc7fLcQBXRloYhQVJ4aGwqL2jiD3iZ+2O9iswFFTwKUl5FiN73k+U6HnOzOHxeFXDutggG4y6MjBd0Mv5jrgbKk4dQykEEXBHAg9YmuzLI6da5HQY8bDQ94nPUq5jkDbrj1uFvoddzXsPFDyOhl2yXbHB4uwFQI5+I9gb8jwMDWpleOwh/cVDufJHST7jez4WmXT2jxaECph1btIYofukGWgSGUHiL98DSptXTt06FZTyUMP5Tf3TS+j5SxruwIJYXB4gsWcg8+Etj4Gm3FB4afhGFwdOlvbi23iC2p1IFr68hArG3NZN+gjsFQsCxJsAC4GvKwMsa59ggLDF0BbS3raf6z4xuVJVcOWYMF3dCOAJP5mY5yFPnH90Bm+bYGth6tM4yhZ6brpVp31B4azX7EYnfwoub2P4gGbEZCnzj+6ZGCy5KG9ukkta9z2QKln9Q4fM6FUKxF1LBRc7tmRjYcbBr+EsFTatPiYeq31gqD3m/umXicFTdg7LdgLA3PDjafIw1NeCiSNPV2gxtQWSiic+k7Dw0EwGy3E12DYioXtwDHojmEHRvzOsszTwqOALk2HaeEDFw2HWmOjqetjx8OyeGNxSUkZ3YKo1JP/fGanOdr8NQuEb1jDqU9Ed7cJp8vyHHZy61K5NLDg3W4tvD6CnU/WPhArmZY6ri6rYkIwpqy00f4qtqyrf5RAJ8u0S7YXEDE4dKnWRZuTLoR+B8Zbsx2eojLnwtJAqBDuj6Q6QYnrO8Abzn+xdXeFWifkCqvepCuPENf7MCwbNYs0a6gmysQj9zX9W3g5C/b5ToM5gUu1u0EePUfA2PhOi5fiPW0kf5SqT3kajzvIGVERAREQIkyJMCv7WHoUx9MnyRjMPJRw7xMra9f3dM9jkeaMJg5K+q94gVXIqfrc3VmF/3tR/FVcg+dp1qcryb9zmq30/e1E+8rge+06pA83RWBDAEHQgi4PeDKdm/o6wdYlqN6DdlMDcv9TgPC0usQOW/s9nWBN8PWNRPkq9/5H0HhPpdu8Zh+jicLb6RV095BUnxnUJ8MoPEAwKNhfSHhnHTpuvdZh7pbMBjEr0xUTe3W4bwsfIzVbTZHhWw9R/g9PfVSysEUMCNb3HXMvZ996gPrH8oHpis3w9J9ypVVWsDY9hnwM9wnz6ec0G02WpiMVSR2ZQ7KCy7u9bcfS7Ai11HlPY+j7D9VesP93/kgbls9wg/v0856YXMaNckU6ge3G3VNEPR/h+uvW86Y/5I2Qwwpq6gkgEgE2uQHYAmwAvYQNpm+Z08Km++9bh0Vv59kq2M2+or7FNj9YhRNxtcw9SwPAo9/umbzBZHhKAHq8NTW3WEW/na8kc6/abMMVph8KbHgwRm8nayz0o7GZliyGxVfcU/FLFiPsr0QZ1MC0mQKpkewuCwpDFPW1BqHqANY9qrwU8+POWoCTECCJyHZ6luZkU6i9dPA7+k68TOT7PnfzDf+nWfwG/rAz2Nm8ZddnXvhl5Fx5MZRMQ/S7yPxl62cW2GXmXPmxhDbREQkiIgRERA1O0mH38M9uK2cfZNyPK8q2U1radht5S+ugYEEXBBBHaDxnN8RSbC4hkY6AgDmp9hvEad6GB4bUU2pYoVkHtblVfrLa48x750nA4pa1NKim6uoYeIlOx+H+FULD26d3TtIPtr7gfCfGxGberc4ZzZWJakT1N8an3nVh3MOyBfYiICIiBhZvTL4eqo4mm4Hfum00mxlffoHvB81EsxFxaUrYepuvWpfIJFj9B2SBn7RDcq0anyXT3P/wDoy0TRbQ4X1lEgcRw5c/Ox8JnZRi/XUEfrKje5MNGB8QYGRiqgRGY8ArHyErezFPdoAnibHzF/zmw2qrAYf1d9arCkO5rl/wCRXkYZdymq8oGh2tqBmp0/lvTT/eVET/ml6lAxZFbM6CcQrqx+wrP+IWX+AiIgIiRA1G0+YfBsK7/GI3EHazaAfn4SjbN0PV06tU9SeqX6z2LH7qnznttRmJxuIVKdylMlUtwdzozdw9kd7dsnNKi0Ka0VN9zVj2ufaPhw8IGA1W9QW1tc+XAeJsPGdOy3D+qoonWqKD321Pnec/2QwBr1wxF0Uh2v2LfcXxezdyc50uAiIgIiIEREmAle2qyf4RT30HTQHTrZeJXv6xz75YYgczyrMSjAE9IcD28575zlwqD11LhcF1HtI3EOtuq/X1GbPanZwsTXoDXi6DjfrdOfavX1a8dDlmbsjAMbH3MP++qSLPs5tGKtqNchavBW4CqAOrsawNx4jlaZQa2XU8QN6lYNxKcNRrvIffbjM7Ls7rUBu11aog+OBeoo+kvxgOXS5GQLhExsJi6dZA9NwynrB9x7DymTATnhf4JnLqdEq2dezpqN7+dXP2hOhyieknCsq0cSnGm26x+ixBU+DAfeMCzNUBFjwOhmtwbVMLUYCm1Sm53iFtvI3ylUkbysLXtqD1G5t44THipTVwdGUH9Zl0ccF9oX7DwI5SR5EPiK3railFVSEQ2uqkgszWJG+xAGh0HjPZ6vXPLEY3e0AsONu3mZps+zH1VB2vqRur3nT3C58IHzsX/rGPr1+IRSqnqu7fog850GVbYDL/U4NWI6VQlz3HRR5AS0yAiJg5hmVLDrvVGtfgoBLMexVGpMDNJlJ2l2i9ZvUMOTu8HqjgeopTPWe1uGthc3tOYY/EYs7iq1NDpuAjfb67DRRyB7zNe7UsIPivUHAD2E/wAze6BGHprg032A9aw6C/IX5TfSPUJo+niKgUAtcgWHFieCjmfwuZ81q74h9LsSbX4kk8AB1mX/AGX2eGGUO4HrCNBxCA8QD1ses+EkbHIssGGohdCx1cjhfsHIcBNrESAiIgIiIEREQJiIgJWNoNl0xF3pWR+JHxX8vZb6Q98s0mByNmr4V9x0ZSOojW3ylPB15jxtN3gtoKdQAVRvfSFgw7+2XbG4KnXXcqIHHPqPaDxB5iU/NdiD7VB7/RY2bwccfEQPZsMHJfD1Ol1mmd1/tJ8byM+6W02Io6VqQqc16DfdbQ+YlPxdLE4Qj1isnYW0Hg46J85mptJUA3aqhx2VFv5NxgXXC7W4NrBqvqj2VRuDu3z0Se4zYYulRxdF6e8rq6lSVYHiNDpOenFYOr7VN0J+Q1x5NMVslwjG9PFbh49JGU3+skD6ySs+Fqvg62jI53b9fZbkwsR3mWAuZWK+zb1Km/8AC6bvYAM1V96wJIAL3Olz5zdYOhilWzmk9uDCqgPjeSMsuZoFotmWNTDr/CQ71RhwCjj4sQFHeT1TOzDB4qopUPRRTxPrV3jyuOE1eG2dNMsfhiJvAB9yq/SAvYMEte1z5wOrVsXRoL06iU1UfGZVAAHM6CabEbYYRf4Zasf/AG1uvg5spHcTKPTynB0zdsQXP0E1+88yDmWEpexSLntqN+QkCwVM8xeIO7TUUwfkgu/3rWHlPMrRw5L1qgLka9LfqnkT8UcpW8TtDWdSEO6nWEARB3n9TPLL8pxOL1RGZT8YaJ377aH7N5I2OZbRkgpSG4p7NXbvM12XZZXxb7qqT8o6hV+u/AH6Ptcpb8o2Jpp0q7bx+StwO4txPulsw9BKahUUKo0CqAAPASBqMi2fp4UA6NUtq1tB2hB1D3mb2IgIiICIiAiIgRERAmIiAiIgIiIHm6gixFwdLHr5GafFbK4OoCPVbl/mzu/yjo+6byIFHxWwCH+HWt9ZNfNSPwmrrbD4pT0WRh2hyPcw/OdMiByg7KY4f3Z+8h/Oeb7OY4f3TnuC/wCadbiByRNmscf7px3hf809U2SxxNih795B+c6tIgc2w+wuJb23RPtFifAATa4XYKmP4lUn6qge9ry6xA1GE2ewlIgiirMvBnu7DuLXt4TbxEBERAREQEREBERAREQMDNMypYWmalVt1QQCbE8eQmj/AG+y/wCdP3W/SbHabKDjcO1EPu3IN7X4HslJPowf/ah9w/rKWm2/R0OJj4lq7z2mJ38LL+32XfOn7rfpH7fZd86fut+k4ziqe47re+4zLft3SR+UvtD0Zu6BvhQFwDbc7R3ykXtPiHRz9P4WGIm9pjfj+aX/ACXO6GNRnotvBW3ToRrYHr5ETJxuPpYdC9VwqjiSbTQbM5GMqoVd+qHBbfLW3bAKBbjynL9pc+qY+sWJO4DamgvYDgDbrYy9rdsevlo4ODXkZrRjn8EfK/Y70l4ZDanTeoPlCwHvN4wfpLwzG1Sm6D5WhHuN5pci9HT1VD4ioUBFwqgb1uZIIB8DJzz0ctSQvhqjPYElGAuQOwqAL8rSm7+W39Lpvd9Punf5ulYDH0sQgek6sp6wbzCznaHD4MqKzFd7gd0kG3Vcdc43s9n9XAVQ6XKXs9M8COvTqYTree5bTzPB2UjpKGpt2HiP0MvW3dHp5anI4McbNWLzuk/MPTKdqcJi3KUam8wF7WI05Xm9n56weJq4LEBgN16bEMp67GzKeRndsszBMRRWsp6LLe/Z2g9xuPCKW7vKOocGOPNZpO6z8vjN84oYNA9Z90E2GlyTyAmDlm1uExNQUqTlnN9N1uA4km2gnLdts8ONxR3T+7S6oO3XpN3k+4CX70ebO/BaPrqg/e1ADr8VeIXvN7nw7JEWmbajwvl4WPDxoyZJnunxC4VKiqCWIAGpJ0AlQzT0hYOid1N6qQbHcAt942Eqm3+0r16rYem1qSGzW+Ow43PYOyYmy+xVXGqKjN6ukeBtdm7gernIm8zOqsuDp+KmKM3JtqJ8Qs9H0n0CwD4eoo7QVNvC8t2UZ9hsYt6NQNbiOBHeDKZjvRkm4TQxD74HB90qT2XVRb3ygk4jA4jQtTqof++TKZHdavuZI4XE5VZ/p7TFo+Jd9xmJWkjO5sqgknkOOkrv7fZd86fut+k9ssxwzTANYhWdWRtLhWtY6X4Sp/8Ahc/+1D7n/WXtNv8AFo8fDx4m1eTMxMTr0Wb9vcu+dP3W/SP2+y750/db9JyfP8rODxL0C29uBela195Q3Dxlg2f2EbGYdawxATev0dy9rEjjflKRe8zrTo36fwseOMlrTqfH806Nk20+FxjlKL3YLvEEEaXt1zdMeuU7ZLY04Cs1Q1t/eXdsFtbUG978pn7c5t8EwbMDZn6CfWYHXwAJ8JliZ1uXJyYcds8UwzuJ8beVXbrL0JU1TcEg2VjqNOybbJ86oYxS1F94A2OhFj3GcBp02a+6Cd1SzcgCASfMS2ejfNfUYsU2PQqi32h7PnqPETFXJMzqXV5XSMePDNqTMzHq7NEiTMzz5ERAT5aTIbhA/Oma/wAar/iP/UZ+g8u/hJ9Vfwn58zX+NV/xH/qM/QeXfwk+qv4TDi8y7/WfZi+ytekvElMAwHx2VT3E3PmBbxnONiMGtbMKStqAWe3bui4HnadP2+wDYjAVAouy7rgdu6bkd9rzk+y+ZDC4unVPshrN3MLH8Yv7o2v038XCyVp7vX9nfYnnRqq6hlIIIuCOBEmtUVFJJAABJJ4ADiZmee1O9OJ7e4FaOPcKLBwHt2FuPvF/GX/0ZYgvgFBPssyjuvcD3zmu1eajF4upUHs33UPaq6X8dT5TqXo+wJoYFN4WLkvbsDHT3WmGnvnT0PUd14OOt/d6fsrnpL2d/wDV0x2CoAOPY35GVLL9o61DC1MMvsudGvqt/aAFuudzr0VdGVhdSCCO0GfnrM6Ip1qiL7KO6juBIEjJHbO4X6Vmrnxzhyxvt1MLH6P9n/hdf1jD93SIJ00ZuIH5+U63mdU06DsvFUYjwExNmMvTDYWmiCw3QxPWSwuSecz8dQ9ZSdPlKR5i0y1r21cnmcqc/I3PtidR9n55oj1lRQx9txc/WbX8Z+hsFQWlTVFFgqgAdwn58q0noVSpFmpvax7VOn4TvORZmmKw6VVIN1Fx1g9YPYbymL5dHrcWmuO1fa2U5h6WMGoajWA1N0PMDUXnTrzknpNzha1daKEEU77xHyj1eAlsntaPSa2nlVmvx5ZnolxTesrU/i7qsO+5BnUJzf0T4AgVa5GjWUc93U/jOkRj9sK9Ums8q3a4j6RP7Srd1P8A4azo/o6/s6l9r+oznHpE/tKt3U/+Gs6P6O/7Opfa/qMrX3y3+d/b8P6fss5nIPSXmvrsUKSno0hY9hZuPkLCdQzvMFw2Heq3BVJ7z1DztOAYiu1RmdjdmYsTzJvGWfTSnROP35Jyz4jx93QvRxka1MPWqVFuKoNNdPii+8fEn3CUPFUKmFrspNmpPoeam6sPIGWDLNu8ThqK0kp0t1RYXDXPM68Zo85zNsXWasyqrMACFvY269euY7TXtiIdXjY8/wDUZJye23+/58O55HmC4nD06o+MoJ5HrHnebGc19FWbaPh2PDpqOR0YDxt5zpU2KzuNvL8zBODNan/H1ERJayJDSYgfnPNT++q/4j/1GfoLL/4SfVH4CeTZThybmghJ49Ff0maqgCw4Sla9u3Q5vOjk1rXWtIZQRYzkm2mxtSg7VqCF6TEllGrITqdOte7hOuyCJa1YtHqwcXl341+6n6x+bhWTbWYvBruo+8o4I4uF7usSc52uxeLXcdwqnQqgtvcj2jlOvY7ZzB1zd8OhPbax90YLZvB0DdMOgPaRc++Y+y3jbq/+lxd9/wBL8X6ObbHbGVMS61a6laINwraM/K3Uv4zryKALSQJMyVrFfDl8vl35N+636R+SGn55z4/6zX/xH/qM/REwXyrDsSTRQk8SVXXv0kWr3MvB5kcWbTre40+sq/gU/qL+AmXPlFAFgNBwn3LNG07tMue7ebHtWJxGHW7/AB04bwHWv0uXXKFleb4rAVCKbFDfpIw0JHap6538ia7H5NhsR/Foq3MqL+fGY7U3O4dTjdT7KfSzV7quS4/bzHVUKbyoCLEqLNbkeqYWz2zWIxz9FSqX6VRuA7bX9pp1rD7JYCmd4YdL8xf8ZuqdJVACqABwAFgPCR9OZ90s1+qY8dZrx6du/ljZZl6YaktKmLKosP1MzZEmZXFm02mZny4h6Qz/AOZVu6n/AMNZ0f0d/wBnUvt/1Gbutl1FyWekjMeJKgk20FyR2TIo0VRd1VCgcAAAPISkV1aZdDkc6MvHph1rt16/aHOPStm38PDKePTfw0UfifATSejnKFxOLLOoanTUkgi4LNoo8t4+AnXK+X0ajbzUkY9pUE+Zn3h8JTpX3KarfjYAX8omm7blanUfp8WcFI1M/LG/0LhfmKf3BK9tvs/SbBVGpUlV0G+N1QCQupGnHS8uU+GUEWOoMtMRMNLFyMlLxaJn0n8359yTNDhMRTrDgrdIDrU6MPL8J+gKVQMoYG4IBBHWDqDMT/Q+G+Yp/cX9JmU0CgAACwsAOAHZK0r2tnn8yvKtForqY9Pu9IiJdoEmRJgRERASZEQJiIgRJkSYCIiBEmIgIiICIiAiIgIiICIiAiIgJEmICIiAiIgJERASYiAiIgIiICREQEREBERAREQERECYiICIiAiIgIiICIiB/9k=');
INSERT INTO tblmerk(ID,strMerk,LocatieID,Plaatje) VALUES (12,'Audi',11,'/9j/4AAQSkZJRgABAQAAAQABAAD/2wCEAAkGBxQHBhUTBxIVFhMXGRUaGRgYGBgXFxwZIB0WHRodHR0eHSggGB4lHhUVITEhJSorLi4uHh8zODMtNygtLisBCgoKBQUFDgUFDisZExkrKysrKysrKysrKysrKysrKysrKysrKysrKysrKysrKysrKysrKysrKysrKysrKysrK//AABEIAMgAyAMBIgACEQEDEQH/xAAcAAEAAgMBAQEAAAAAAAAAAAAABgcDBQgEAgH/xABEEAABAwIDBAcEBggEBwAAAAABAAIDBBEFBgcSITFRE0FhcYGRoQgiscEUMkJScrIjJDZic4KS0RYlM0MVFzdUotLh/8QAFAEBAAAAAAAAAAAAAAAAAAAAAP/EABQRAQAAAAAAAAAAAAAAAAAAAAD/2gAMAwEAAhEDEQA/ALxREQEREBERAREQEREBERAREQEREBERAREQEREBERAREQEREBERAREQEREBERAREQEREBERAREQEREBERAREQEREBERAREQEREBERAREQEREBERAREQEREBERAREQEREBERAREQERUnqtqo6lndR5ZdZwuJJhvIPW1nbzKCyMyZ3ostbsVqGh/3G+8/+kcPFQer15pI5LUtNO8czst9LlQbJ2k1Xme0+MPMMTje7wXSvv1gH4lWXQ6KYbTx2qGyyHm6Qt9G2QeLD9daGd9qyGeLts149DdT/AMyU2YYNrB52SDrANnDvad4UGxTQ+gqoj9AdLC78W23yP8AdVPmrKVZpxiLJYZtxJ6OWN2ybjqLePxCDqCurY8PpjJXSNjYOLnENb5lV/jGtOHUDy2lMk5H3G2b5usqWkr6/UnHGQzSdJIR7rSQyNoA3m3Dt5q0MB0Jp4YgcenfI7rbH7jfPeT6IP1mvlMX+/STAc9phPkpTl/VPDsbkDWTdE88GyjY38g7h6rxy6M4W+OzYpG9okdf1UKzVoY6CIvy1MX239HJYOPY1w3E99kF7McHtu3hz4haDMedKLLQ/wA2qGtd9we8/wDpG/zXN+HZ8xHLtBJSQTOaLltnb3RkGxDCeC3GStL6rODRU4jJ0cL9+2735H8yB8ygn1ZrzSRPtS087xzOy35lZKDXahnktWQzx9tmvHobr3UOieG08dqgTSHm6Qt9G2WHFNEMPqYj9BM0LuYdtjxDv7oJvgGZqXMUG1hE7JOYBs4d7TvC/cezJS5eh2sXnZGOoE+8e5o3lcw5pwWbT/MoZSVQMjbOD4iWuAPAOHUezevnLeETagZn6OsqQJH3cXyklxA4ho6z2bkFw4hrrQwPtRwzydtmsHqbrFSa80kklqqmnYOY2XelwvXheh9BTRj6e6aZ3Pa2B4Bv91nrtFMNqI7U7ZYjzbIXejroJNlvO9FmTdhVQ0v+473X/wBJ4+Cki5qzjpNV5YvPg7zNE03uwFsrLdZA+IUo0p1UdVTto8zOu42Ecx3Enqa/t5FBdqIiAiIgIiIIJrBmg5Zym76KbTTHo2cxce87wHqQq00PyQ3Gqs1uLN2oo3Wjad4dJxLjzA+Ke0ZXmXMkEP2Y4tr+Z7j8mBXHp/hgwnJlLFGLfomOP4nDaJ8ygkQFhuX6iIPlx2RvXL+dMUl1C1A6LD97dvooR1BoO9/jvcexdBZ8rjh2TKuWPc5sMlu8iw+Kpb2dsNFTmeaeQf6Ufu/iebX8gfNBoM75Yl04zLE+hkcR7r4pOB2m/WB8fQro7KGONzHlyGpi/wBxoJHJw3OHmCobr5hgrMjGUj3oZGOB7HHZI9R5LXeznXGfLU8TzujlBHYHt/u0oLdUJ1azOcr5Te6mNppT0cfMEje7wHyU2XP/ALR1eZMbpob7mRufbtc63wYgh+W8hz5jy5U1cBP6IXaOJkI3vAPYPVTn2fc1FtU+gqz7pBfFfqI+s0d/HwKs/TfC24XkeljaOMbXu7XPG0fiqBYz/C+sQbBuayqAH4Hu4eT0HUy0ub8cblzLk1TL/ttJA5uO5o8yFulUXtGVxhy1BEw/6kpJ7Qxv93BBXWnmW36g5vfJixLowekmd1uJO5g7/gF9ak5XfkHNbJcIJbE47cLutrgd7L9nwKtTQLDBR5GEo+tNI9xPY07IHofNZtd8NFbkN7yPehex47idk+h9EEpyXj7cy5ahqY+L2+8OTxucPNb1U97OFcZcCqIXHcyRrh2B7d/qxXCg/CLjeuetcMkNwWrFbhLdmKR1pGjcGycQ4cgfiuhlHdQMMGLZMqopB/tPcPxNG0D5hBptH80HM2U2/SjeaE9G/mbD3XeI9QVO1zz7OdeYsyTwn6skW1/Mxw+TyuhkBERAREQc4+0RTmPOMbzwfC0Dva54PxCvXKNWK7K9LJFwdDF+UA+qgmvuXTimW2VNMLvpydrmY3Wv5EA+a1+gObRPhpoKx1pIyXRX+0w7y0doO/uKC5EREEY1LpjVZCrGx8eicf6d/wAlU/s3VYZjNVE/i+Njh/K4g/nV81EAqadzJRdrgWnuIsVy5Ryyaaaj/pgS2J5af34XdY8LHvCC6Nc6oU2nkodxe6Jo79oH4NKjfs3U5Zg9VIeDpGNH8rST+dRPWrObMzYjFT4O7bhjs644OkcOruG7vJVzaY5fOW8mwxTC0hG3J+J2+3gLDwQStc6+0ZTGPNULzwfCB4tc6/5guilWGvWXTi2VhPTi76clx5mM7neW4oJlkirFdlClkj4GGLzDQD6hc8Y8/wD4zrI76Nv2quNo/lc0E+hW7091Mbl7JE9PVXMzLmn67l3V4HesWhWAuxjNrqupF2QXdc9crr2+JPkg6OVN+0jTl+DUsg4Nke0/zNuPyK5FE9TsvnMmTZooReQDbj/E3fbxFx4oNVoZVCp08iDeLHSNPftE/BwWXW2rFLp3OH8XmNg7y4H4NKq/QvNYwTGn0mIu2Y5iNkncGyjdY8r8O8BZdeM1jF8WZR0B2mQkl5G8GU7rDnYbu8oN97NlORQVch4F8TR3gOJ+IV0qH6VZeOXMmxRzi0j7yP57TurwFgpggLTZuqxQ5XqpJeDYZfykD1W5VN6/ZtEGGigo3XkkIdLb7LBvDT2k7+4IIr7O1OZM4yPHBkLr97nMA+a6OVV6BZdOF5bfU1Is+oI2eYjbe3mST5K1EBERAREQYp4W1EJbMAWuBBB3gg8QVzZqHkafI+M/SsE2vo+1tMkb9aJ33XfI9a6YWGogbUwltQ0OaRYgi4I5EIKkyRrVDVwtjzR+il3DpQLxu7SBvYfRWdRY/TV8W1R1ELx2Pafmq6zTolTYlIX4I807j9m21HfsHEKB1WiGJQSfqzoHjmHlvoQgvrFM00eFRF2IVUTRy2wXeAG9c/avZxpc24hGcHiN47gzO3F7epuzyv1le3D9DK+ok/XZIIxz2i8+QHzVk5R0io8vyCSqvUTDreBsA8wzh53QUFlLEI8vZmimxiAyNjIdsHcQep1jxtxsV0xgOoFBjkQNJUsa77khDH35WPyX7m7IlJmuL/MY7SAbpGe68ePWOwqpsY0HqYXk4RURyN6hJdjvS4QXrJikETLyTRAcy9oHxUIzdqth+FUrmQPFTIQR0ce9hvus53C3ddVUzRTE3Ps8Qgc+kuPgpVl/QfZkDswVNx1siFvAuPyCCmZYnVkkktLERGCXHZBLWAncCeodW9W9pNqVR4JhDaTFI+hsSelAJY8nrf1g+iuHCMu02EYb0GHwMbEeLbX2vxX+t4qv81aKUuJPL8Gead5+zbajv3cR4ILDocwUtfFtUVTC8dj2n5rBimaaPCoi7EKqFg/GCfADeVQ1XohiMEn6s6B45h5b6ELJQaG19RJ+uSQRjntF58gPmgjGo2IUeI5ofNloPDH73XGy0vvvcwcQDx718ae11JQZojlzMHGNp2hYbQD77i8cSBxV45P0go8AkbJW3qJRvu8AMB7Gf3uvvN+kVHmCQyUn6vMetgGyTzLOHlZBKsLzTR4tEDh9VE/s2wD4g7wvRW4/TUEW1WVELB2vaPmqExDQyvp3/qUkEg57RYfIj5rDS6IYlO/9ZdAwcy8u9AEEzzvrVDSQujyv+ll3jpSLRt7QDvefRQjTzI0+eMZ+lY3tfR9rafI760rvut+Z6lYGVtEqbDZA/G3mocPs22Y79o4lWlTwNpoQ2naGtAsABYAcgEH7BC2nhDYQA1oAAG4ADgAsqIgIiICIiAiIgIiIC1+LYzBg0QdiszIg42BedkE8rrYKqNe8xxUWXvojmtfNNYgEX2Gg/X7D1DxQTuizdQ19U2Oiq4Xvdwa14LiewLeLiemkkoZWSwbTSDdjhu95p6j2LqvTjNrc35dbLuEzLNlaOpw6+48UEtReDGcWhwWgdNiTwyNtruIJAubDh2rUYNnugxyvEOF1LZJHXIaA4GwFzxCCTIvNX1jMPo3y1bg1jAXOJ6gOJUcw7UTDsSrWQ0NU18jyA1uy8Ek9W8IJYtXi2P02DOaMVnji2r7O24NvbldenEcQiwymMmISNjYOLnENHqquz5njBcx4W6nrZnOP2JGRuOw7qcCbf/UFi4XmSkxicswupileBctY4E252W3XGmF4m/LeOtmwmQF0bvdcLhrm8iD1EcQV1VkvNEWbMEbPRmx4PZfex3WD8kEhRQis1Uwyjqnx1FQQ5jnNcOjed4NiOCl9HUtraRklObse1rmnsIuCg9CIiAiIgIiICIiAiIgIi/CbDeg1eZMajy7g0lRXmzGDxLupo7SVyrV1E+es3bUpHSTPAFzZrG9Q38A0KU61Z1/xBjH0agdenhJ4cHycC7uHAeKwZZ0hrMfwdlRDJFG14JaH7QcW9R3DgUFlZyyNS1WQGU2FyR9LTNLoztNu51vfB3/a+NlTunWa35NzI2R1+id7srf3b8bcxxUt/wCQ9d/3FP5v/wDVRnO+nNVk6lZLXuY9jiRtMuQD1A3A4oLs1iqW1ml80lM4OY/oS0jeCC9hBVPaF/8AUaH8M35CvZk3HH4/kyoweZ36Qt2qa/W5p2jH42NlFcp4y/J2amTyRkujLg6M7jYghw7Cg6f1B/Yis/gS/lXM2mP7f0X8ZisHOussWM5bkp8Mgka6Vpa5zy2zQeNrcSoxoxl+XFc5RTRtPRQO23vt7twNzQeZKDxao5olzFmmUSuPQxPcyNl9wDTa9uZtxVk5M0WpnYUyTMRe+R7Q7Ya7Za0EXAuN5KgureSpcBzBJPCwmmlcXhwFw1zjctdy3qR5Q1t/4dhjIcdgdIWANEjHAOLRuG0D19t0Hq1D0ggw3BJKnL7ngxNLnRvO0C0cbHiCAojonjz8KzpHECTHUHYc3qvxa7vB+K3OfNYjj2Evp8HhdGyQWe95BcW9YAG4XXxohkyWsx9lbVsLYIrlhIttvtYW5gXvdBXmbP2oqv48353LrfKn7L0v8CH8jVyRmz9qKr+PN+dy63yp+y9L/Ah/I1BtkREBERAREQEREBERAXxJGJGEP3ggg9xX2iCOf4Ew6++hp/6At9FEIYw2IANAAAG4ADgAsqIC8mI4dFidKY8QjbJGbXa4Xbu4bl60QR+nyXQU07X09HA1zSCHBgBBHAgrJjWU6PHHbWK0sUjvvFtnf1Det4iCHQ6Y4XC+7aJh7y5w8iVKKGijw+nDKGNsbBwa1oa3yC9KIMU0TZ4y2Zoc08QQCLdoKjNdpzhldJtT0UV/3QWflIUrRBGMO0/w3DpA6loododbm7Z/8rqSMaGNswWHkF9ogj0+ScPnmc+eigc5xJJLASSeJK3kELaeEMhAa1oAAG4ADgAsqICIiAiIgIiICIiAiIgIiICIiAiIgIiICIiAiIgIiICIiAiIgIiICIiAiIgIiICIiAiIgIiICIiAiIgIiICIiAiIgIiICIiAiIgIiICIiAiIgIiICIiAiIgIiICIiAiIgIiICIiAiIgIiIP/2Q==');
INSERT INTO tblmerk(ID,strMerk,LocatieID,Plaatje) VALUES (13,'Mercedes-Benz',12,'iVBORw0KGgoAAAANSUhEUgAAAMgAAADICAMAAACahl6sAAAAZlBMVEX///8dHRuPj47GxsZycnGsrKtWVlTj4+L7+/v09PT4+Pjq6uqWlpVra2orKykyMjAkJCJPT005OTh9fXxkZGPU1NTc3NvNzc2Li4o9PTtISEa8vLtgYF92dnSenp2AgH+1tbSmpqZjecJDAAAGHklEQVR4nO2Za3ekKBCGLcQ7It4VFfH//8kt1O42s51kJrNnsr1bz4c+chHqhSrKEM8jCIIgCIIgCIIgCIIgCIIgCIIgCIIgCIIgCIIgCIIgCIIgCIIgCIIgCIIgCIIgCOJ/TdwbYxgzwkbfbcrv0ArGGA/DcF4ZW7fku+35It0gliIcbB/2/rZUJVtN/N02fQXDeCUy9xRO7rdvRsHb77XpCySrKYZ0f0wrc9S1ZVPb7zPpSyTDUN1Wvy34+RQP42K+y6QvEddszG4FO+p7Q1C91p4I8dDhiVE9WraKd99g0BfpWXGJ6nyGi+1ryf/+wr+Vdb5GguZgH6V0boJ7IQuQW8Pl+XNaw+d3G7vgoP/p4Z5jmb4mjJHDcClOZX5vjdgIcE4XAGj203NE2P3dxs5IaBibofy9HMxmeylluCPNtbnW06MwACzHU6jg5zcE+UCI5/F9LA7rr4z4IxErrhvihw2M1/aguQzPS5B7uolU848LmUB/0OdTArFcixsPAa5bnMwXXXyoDvuH/Jg8tcy4kyLx+zQQrYsdJvrAbWIvhH+85RubHkLudd3Kmb2vxDGWvwuJJxzAjdz7ni/2wb3O3/k4iAS31+Jao5A3nyaDfBS5YRC62Sp/nzzSEjdp8KyGsVSgomiURlQq8OIcmlyFuCRZKedCOyFxrppmr7MqD2q4x9ghxDjXykqF5yaP/RKqsArl3qkc8XO2+sTzhH6TKeYVhWzXGqMfSnkQAeAn/lTh5HjWaac5hMnDFV/iEnB67JyMAUaTcKbhbpeq9ZJdyOBecXWpdGdY/VZIogvMZo0bYHEdC5hjdGGV4HiJ26/q47PAFNeSXUQI4Xp9xTTiIgTNxkMtZzg5O73aQuliIPLEHIB0AWeCRAJalYDKJteKfcBLlPPZDFQSgRPS3k99DiXnlbO+A2dOD5XnVfsBWeKvjzLTES6HzjPEJZF7TAnBcqPHyy4F8+OYRSEWJ8lUtAtZwaXLFlR6BvOwW+0liX+UK7BHH9xIlC1dXQETygydlbZyGLe7UTSV2NPsA2SASblyW4/rdgQVg/xjHVchaV75S8n0uHDpPxWC2TGVMJnZ2cy8GQr8O6x0u3EYzm/TYd7AFjyjDT9CAds3UEcdroYEmCcv22M4OmMkKaCvQbo+gOa/EdIp+fiKes7DtbKy6WoNHKTWQ3GPE8MfrhXihDXkLmoYGhjCfJwn6V0IvwkpjpboIcTc6pzTmQIeifcQgqEhOOijT/JWSPk2bp9xD/Z23BKuAIUAVCMv1zO9iNK+EYKeVKSHkNPuOIpPIfXu/F7U2cONvCypj8MG2wMozroEpaRGqlsonkJwyNM3vSh9I2Tbz8pPhCyHnbZsN1yl0WR+jnKqsJmPedjl+A3dqBrqY1Zc4z2FtfImJHBRiks7dAC7KxT+tn8ouBh51PnDofp2xXEKmcGecZRhz4uQTCpc7fjh7s84E6JYJg2KHzknMfhc5aHbqySXj867ELPnGYZyMrU/8uaWuTGKfefsPfqCc0gr00xW8R4zMa6AO6dsEfvS2VXenfoQ0qoqTQtw6zpo7yrkcM/NfigkGnCitGYN6OvFSVtLWbqjJcjvH/KRldzZiRUZyh6nZIPRTrnsMjxerXvbqmKzZeh2SRlfyM25RZ34YwHhdq/zi0IEoTwzdWYLGHxfFCOuyqSKwK+Vn/kKtixuC2AZppAuigL5yR3V0NiM50X9401DasMqt95a3c9vH/PreYK17pFF3jSPeunwCxrZd77nYTg4SdGix2Z/dWrCpZssulV31kV+u3JzW7ZjLCb8PSj7ZtToGPuINnG/QXB2+FiHZ4XWjU2fNUVD2OTjy9wKrc3wblvSVL/0kfut9Kt+9wKLNeWfNOU3Ebx5J20GXL7Q5YMXLzp/qsTW0v5hW36PpNRPrkdjweVrXdDtfwYu4oeDq12aF9uPHaH4Yi7+1a98HF/vEhvpGskXJmwfdf4m1lxL8TIJ5AfapaianHPe8FJp86r/6HHEvVmaMOTDa//rjSAIgiAIgiAIgiAIgiAIgiAIgiAIgiAIgiAIgiAIgiAIgiAIgiAIgiAIgiAIgiCI/xB/ATTvUGToT8x3AAAAAElFTkSuQmCC');
INSERT INTO tblmerk(ID,strMerk,LocatieID,Plaatje) VALUES (14,'Pontiac',7,'iVBORw0KGgoAAAANSUhEUgAAAMgAAADICAMAAACahl6sAAABNVBMVEX8/vwEAgT09PTk5OS0tLWsrK6EhoS8vL7ExMWkpKWcnJ0MDAzMzM3s7uzs6uyMi43c2dyEAiTU1tb89vS0CjksKyzU0tQUExQcGhwkJiR0c3R8e3yUNTyUlJXc3t7U2eS8LUS8RFAkIiSEIy/ExtS8Pk48Pjy0u8W0NEZUU1S0tsQ0NjQcHhxMTEx8AySclZmUBiyUOj2kprRcXlykrLK8TFe8xtS8q63c4um0jI6MHSyENjy8wsqUlqSslZW8VGC8Ike8oqR8bW9kLTe8dH6cdnbMam98dHSsioyEY2e0pKScXmS0goScUli8Y2+kQkRcOjx8JDSETFRsTEycbHB0IjBkJCxUJizEfoDEiox8Vly0TmRsDiRcFCSkeHysamyUfnykTlR0MjTMdnzMZny8MlR0Pkyuc2msAAAJpklEQVR4nO2bi1/ayBbH4yTDTEIgkUgQAkQkgESRLqDUCipWW1+1z+1ut+3We/du//8/4c5MwiugrXfvpzL9zNfHxzzn/HLOmTMzREkSCAQCgUAgEAgEAoFAIBAIBAKBQCAQCAQCgUAgEAgEAoFAIBAIfmZUDVvfOgcksZL6Ecb8E9RU3/BtcMcZsomgjswfZtH/CLZTmmFoOHnLcRsjlASKepfUhUBGQMcppVlQ5NmDACNMvWUbyo+37J4AKAG9aCWxamiR8EkqMCUD9kcTP4hx98GC5EchgQVM6Bj6+ICsKmYQTwDJmv1A5t0DnfpBYT0XwE0DyfTPpK7CYVZYHrC1hU8RSTIR+WXhBNsAOiwopokhmjghaWH1YWy7F0Vms2wPq4mJVGhOOCBJOgFl8XOdGIqp1RZURh2wOe6/7K5eJH5S9XlXLhgAE1Ol5GBvoER7LXRxdk67MsvhIEUkyaU9Ehhcl07ODuzxcEW+uPnzRfkVdZRZeDjr7oHN4gZ/qaytXV+ddWnlsJLo9PQyXy6X67Qe6jzkOnneOg0c+2pnbe1o4/DkamDb3dN3L8qUX49dcgzykCI0SWhym4PDNUbl+vLd5cty+Qnl6QEd9RpcpIgkIZrt1uB6I1CyUcmXh/xGR2DAeGgLvxPWbUndk8rGGvki3/sjIa9o3yxrD23hd2LqtK/Ce6W1QMmXs9ehjtfntFqixR8xhih0fGISIWs0uip73RehkPdNmuYFTlKE9EpUCDi7DmKr0vUuhymi0hq5+JOqIYiNSS5+r2xs7Bxen7j2weWLfZoorxSiASjcCDFZEnT3Dj8MBl2sF10yvx0M9i73z8lkJSyYfMAqt713eHoGFdstmsUUUps3b57esFyfMwdeVIL+9fRZqVTa+delnbp5s7+fL+efNmld50lIMBs8+KtCKXW9d2VWE19pFp3oJh7avO+HzRIl5QORsVPZ2eu+IULy+/vndIYbVBleYLFlXu2USpVS6eRgP58nSv59TPXpC7/GOMkoSWho7bwo5ynvb2iKYK6EIDbPPfuLOIS4JE89kt//asjDsTE3yKySXHyo0H6r9JLKyO//oRF5ss5NOaQAWvlIkhySwKqU8r9QSIpYfJVDaSjECirJzstQCMRYR/cVkvxRHgTJOXUBsKoHSJJQXv6Szz8pfz12+lozsiCsxqYxVDw0HNhKMxZzcjmyFw4zyyw47LzxkqtuxDTJNGJzwBIiZxsTy7OAnVeY/qhAxtCgDbVz7OD0kzbpptX9nQnJP9neXv70NecUtH5ksbS6FCGz2WY2W612dSsz3LuVbjisAbga7KiOli6NzFJaaq1G70MxkjnyOz6ex1k5tj8+OUXVc430Vnx8UdyZVskasr8clg4rR4+Wt5eXt986sb6mRRZQZoQQ6iSVUnVmWjzdaLerWfZntjAhZCkNh0LiRAjMzLnPkpGICNHC07ZGuywny0Rk09V6u11Pk63cHCHm1bPS2srKo2XCp7dGQVM1NHUaE7LakpPhl7JJndKSbCZwUy0mAACJRMqhrWUMJiS+xYzJwgkhViK8AT22pYQbICIEri9lGuzqdLhmC9rsxo6bSNCWSFPJSMEOykVy8OxoZWWF6tj+9djRtFYhsvrIhEysBGu0GQc4zDPF8X5lnexYR1RIFjYCJcEEjYXWCHpadjSVDoS0wi2UXornQIF5pRpkgkodnFXuGjR5NMXk7g7RsUJDa/up42hqy4hcU2VPcLRpkedLojQV2T00yWFCUnqohM2ZmUemhKyP0tWa9IhNrqonyJ3io6dktYPndocOVi9Mr/sx8AgR8sow1BaMLpaGHsEY0S9kpGnLHZ1GWHrKxwXafDsQIunMABJr1jyPrEc8EgiRyTVVan2xzi7Okc5Wpk8kc/eijqmDVM1XvxytBDlCUkRrQQgjp4WPvppmZDNBE3OENDMjIXZgVZg1sx4Zh5Y1Di2LpFk6SFAzzTqP2PcJSSC/43fg1VoYWjRFOrAQ/cgt9Mj6uKtJxxJBrmcn+wUwGVrSSMlqbF5o9UZGjD1COqwtmGhXq9XNzaCzzZCHyu4y3U3N4Pc7nQ4aVILQ2n5vOCpUZtYYQ48gZYibsEKzl9oTw0uYDR71UMhQSTyXmxUS8QgVgjNLmb7lTPXO5Elp3052Cbc6vu9dfAxz5Dej0IL+XCGrs59fBXFc1TxTJpg4RwNrNeh+w5CzYkFRyNwRWqNeC9MOK4kam5ubafqdZk6p2oBlfiaHWTuEYkqPWmN3On4NqSdHLEe238aIQ2ZSJNprjUjlWH+/Wq036g3WbHyTDgpGHiFui42K47SQcWgNPZKqT/tXksOuy004QcKkG3VKo7oe34yYAlotIgTuMSHbn46fQ1+JVpFbPUIu7+Sq2dHIYTVd77P0CpM9OMWIzxcS7bWo2dXpps1GEJgJCTv19NS4oBo1BbZqtRo+W2Oh9dlwoIJmP09AqqrC+VMtYOOOajgOrT+14aBRhqoyGqQCqDImHoRCNjvjMaFOb19Mkr09aRq7Q69EdMGwSNrRWEOOE9PUyNiD3LNTq/X0g4+BkGaBCLn/qi8dNYAfsVoBEoANU+Ycsju1Xq+nPmOh9fY5VPzZFOECSyNCPIUkyaPlT6c54hCNr9nhCK3X2/XssyMSWp9vYoqPClytO4xRiY5e6uzvlUekHGoK6mmcCvE6RIh78R8i5O1xS0EK5GmNcQKrv7vrecoVEXL+3EeIixc35tInseUWT48efT42FCKEg5e05gN3d1338dnfy++PNR9hv/jtSxaTVIcIMQ+ul78+VxFCym0vbC48oOW5rotOtv9wIJp6+YwzQIvocO13r4+bPvIgNx+vzwD83ZRbfHz6hqWIwq8QMtxyH5MkOX2uIYxuGeRygUxi6/FjeG6oVMhDW/MPkH2SI7JpGCRFEA8vZN5G0qeFxNUMhDyeU4RM+jtu0XW1JsK4xXGKsGwnHlFJrmOV0xFjgOmz0NKQ5/HxQuZtJGu7gUc8zG9dZ6CaW0wRITqvk6ohRAgNLYz5eGf5duya66ZU1dN5eSHzNuROz3VViH3OU4ROrlwXQq/JeYpIku8xj/DyzvLt4Br1SE/juhxSLDIAVn2uR4whmutByMN/uX0LKkThvRxSUG0X+pDbBZQxib6nQMTV22a30N9VfoYUIUniKerC/9P394A7isrtYukkCWPi80ueAYXoS1qcAlToPbQN/x/wz5HrkpQq/BQpMny/8WeA+yG8QCAQCAQCgUAgEAgEAoFAIBAIBAKBQCAQCAQCgUAgEAgEAoFAIFhA/gt3B/x7MDCPlQAAAABJRU5ErkJggg==');
INSERT INTO tblmerk(ID,strMerk,LocatieID,Plaatje) VALUES (15,'BMW',13,'iVBORw0KGgoAAAANSUhEUgAAAMgAAADICAMAAACahl6sAAAA3lBMVEX///9wcHAAZ7MBZrEAabQBZ69xcXNwcG4CZbNvcnEAZ7fg4OAEZqtxb24Aa7L8/PwSYpuKioq3t7cUYpfS0tKbm5vz8/N4eHgAasGBgYHr6+vBwcF7e3uwsLDJycnw8PAJZKWlpaWPj4+enp4Aa79uc23Z2dnOzs5bdogAaMMTY5qxsbHr8venp6eUwd9VnMwZerrN3Ohbk791psyDs9LN4e/B2etkmLvf6vIAbs/B2urO1tu1zt9Ch60icqExe7Jvh5VQj8CBgHggca8tiM4UeMOTk4stfrIAa9FLkrocHayiAAASSklEQVR4nO1da3eTyhrOjSQNSSkYoARCrk3VNrZqq1Xr3mrdnn3+/x86c4UBZpgXkjTnQ5+17GojgXnmvc8MM43GC17wghfsAM8ch852tbTtgMC2l6utE45N79gtA2O2CRe231TCtxfhZnbsVpbDMsNVpKYgIlqFpnXs9soxCd0SOUhl44aTY7c6D3MaVCPBEUzNY7c9RW0W/1dcvNCWt8+3Xeyn4jgej9EP7MNclROww2M7M3MhaVrgOpcqN+uZl44rEaC/OKZYxstCe1xnA+hcb+MUPcNyfPgWy2DF+Y5dOlU8qmU6+X4I4iN45DwNN66h5l7s5qnsv6WlGNvlLCxzHDvThbtNP1q4i6kTj/NCy3Oxn1PBzIxOBE4x4djw/0xM2OSfbAoXz5yMdJfPZfbeNiMMaQ+O+X8nItmqieDrM2LZPoszjsVsSuU0EyI+0yQrcVIK1TEXwm2jw5vKROy6hTKJjZNrYsUHRcxEKu6Bs7BQ8P6Lkmel7V7SD2w9EdRLAhU/3G/LM/AEcZSbZJheSK4z079LGyi6EfdglrJJrSPQOEmHXoV/EHMnpm7riSDrSj1YJPULO8Ny0s5ydBGYXkvkgs3d85M/m84+n1MDglot9YY4JRd6ATMKQiGYkQ+n2i9PUv3av3qZicRBVsiIEAI2M/XQAxIRfUqw5+g4Tu5sg/ziglzbsIhVmcTUI8siHy4g358kXs7fa8qSOqEpTGtXlAi1le2C2QacSMOaJo/cox+eVu4eYlA+CnJEFkQuKHgSsbrAW6RKAFFGCKwkTYKpFQYhEjW4jjFBRDAi7Cmpem334rysFb/fCn4/4neChhAJsdESh7HUfdeLFlb9JythJW73qsK3SGfa+Df2dSKHIPm0DEgBbJbEXfFnuzszSXlUSkhTIiwP3mQ/LQEpZSLmdeN9MUmk61dLF3Dfj6gSCa1PFK7siTRgRazhG27yO2rXNsvDipd+M5jqh6CjlIgZItAOXnIXUIKrnPwTJtuyb+nA/a5PG8L9iF48+Omjgn/iTrkEpmBS7BPOZAcvzOOgTx1i0jlNXycTfFF3lf+Uh0k1rGXx/hP+2NqRkderTB6XzRSa3sHJSLdbiOEL8t0yZQ9ljiWRSc1shX+fKRLn4QMs1mv69mpaeO54urL9ZklCO/PzikXAVcGvlUF6PN+lPJh4th7Ngsq/a5Wo3qxEIq5CcfnoUlAjq08CCBUz6xRcFeEBkcjbXO5/xulSfKIVCv3P40mNcMLrNBrPmZoRc7MSkw/3S8WjpTTx2lYYZTSJx3hdfVkAFyb1PJNIuIswsKBNya3r+69fH79tNpMyjWKgQQu7SEwjZxM8Mles41nnNG3yeGYu1FWZ4nyAOm95eLz7/P2vs/nw9PTVa3JttFw54xLjYX0XchpZJhaLYVE1M2EGQgMIc+60+5lXt+kVcu/18O7m9jQFI8LsdaWYAWW5yTKl0cyEcx5OoPUMAdce6kAXgp0xJQt5BxYb9f7u7+FpBq9+BNFoNOolsB0JF2qU/jYzvy1ex8NahbjIyU+FJ1Alm9Fuu8S/BxKVvX53e/7mvJUjgv/HmmziKzciRJqSWcNJU4KsDU5FNQGBKRZtO+2IgCi3RxWVWIZXlMj9h/mwf/7vlwFj0BGIMMwut0GPqU3mu9nZq2Uo3t20ia1wMwErVywyp9KhVuctBdkSNyLayPufg0G7nSHSKRAht3R4i1JbDjM0NpQXFYiFXG80S9sCLo24xyLtZQ6LCIQZPXXCjvA7xsOH+Xw+NNr9wXrQOTWMEiINPDXPkhEulbRAJ3NWggHSEbWlJdAFei5Wg9Bqghl3M5jwWE8jJJFaL+DB4fpjp98ezueISKuNWDAi6KfR6byVPcUKmU9njeIlXEDsLxFIMixEpcMUEFSb8OECPpYRcCYr4R4kmej94qrx+GS02238j8EgwJzag/O54kmXQRM5s4jnlljGbF53zFuwSYe0ybMm4h8aMNKJ0kwyE3y0Y6jkL5iuXv9sF8CIIAzeDFWPsmLslkcrJpQ44DmPTR+VDkQl482OqC6lYN46SDOKmcCEVs5mmkEifL01ikTaApG5+mneFDMJck6cJo+TVBx+Yt4sbAJKE7t4oZcYoivyYMNDd/PTTm0i2LWORrlckDZ2kYpjJSQ2rKO1g0qxTHQed/LEEJn902h5fYOMut0v8sA/Wi1sI+VEkHfFMV/Mz2kb0gH5bO+ztmhcMJdczphEJkzTqNE//F53ZEQMOBE8E4bTlqTXreyaimnO15oF3ZchFk1aJJiUWSywUGO5v+2sOx2ZZhEgrzUEEGnM/iAmAQ8pmdhoF/3TAiIS1hnFbCYZqcNX9C6oJtz/0+kMBq2WmshwiEK9lkjDWiAmfHRREIgvm3tjLrh02GCsEAh5VnL73sUfyuN0gNVH4GGkoH8PhwaECHKrKJVk1YcwtS1PD1lLyhwXMwV59ZPMkvT+ELW9/2cg8VQFIq01hEgjRKlkRBvOylrl8ocZo6m+makWiPCA5i/C4+GWGUeLmXaRiGEM50MgEcSkx3Jsmo+u1AkVE4k6vOsuoGZIrfL6Nzdy4pt2J0JkQisHlK/nY2QGmg5ns+Fl6T5mwuqam/W6YOWGkaNSQbUQHBQa6cMnV+XOlY1/qWQW6o0oHjGLvDvF/gpCBGbsBIt8jFeBOSVV0Wvr3Vrjkor8EyrLOyq/W5sILni6oPEe6qIVeQrTPEiXXN+eogihRF0ijVnU7IKGRZ0ya56W+d4sbowOaakyFDI3AA2ICTbdbnE2QgLmgeWTAoHO1BM8En8FJAJIUQRcISaQ2YOSYTWmWYDC/vqpvP27ELHsbhdSksdq3WKaBbjJR1khJScCSxpFmEgkgEk2T61bYM16UGa7BSJ9ksYrS10ppogJYAhOqVsTsGZ9KJZR+yTiRV1IdzLdKlIOoZr1ft4+pGrRJupHSTxVTHR1GSXHTzwMByVS1f1i4AoRIJKl3BSszMBICe5beBgOiKoBkeJSqjJ5sNH7fFJm6jJjjs+d+VklIvCkMUEAWZ6maHEo51fA9RNKTqBEqqXxQmNGo5HWWC1faiQroPN9N8fDP3CJ1CJi+aORfjqHWnU+oYmAJoLKQlpQ5VPffs4pt3AxX1O1GtvRSDsCx4wkt0aHJWHaFPp+vV5XJFLd2JH+oxJLa+4bWZK7AUaRu/WXLwODNfNwRBr2SK8dnqzzQ0BNhfGf9Zc3z0HEGelHd1lSlTWmBczWH1CB2+kYLYZ0aLTV6vezf+9GZIL8lla3qLVnHbUNs/V3dG7w8EQaAcBvsenmzGfUJ1/qvnqD5wUJDk0E+S1tpUinUTIr8jxgXL+tRqRV1/2iRo5GWos1ix5K8pEMDymLfr7hdDBb/BsPF9UmMkMOWDd6IOn+cVFIMjzWIaKeDC1FNNJPr1GDEC8LJWYjwR3XqWcg4gIiSfFdJwfmfT8PBjkiacwQ50kYERRaSqenS3E1KqRRBbgFX7uV5l8FfF+vB6SniWlrgS5CgbJyhUgRj/RVnjjzr/pEir/WGJiIZkCLS6ZvlM6zl2Ez0q3ZlvX/siAjGaz5mjIxUKEBAGJRO46g2F6+QhiDWoQoONAbgo3rzjMSsUb60duijxKWYZXgfnCe6FY7P4kgQZsaez0baYz0hXtcIBKAiHwanHMmUPT7g/M3Ri0ikb48igs5O4zI1855Nbx5g//926pFJKhPRBdJH8/m1TDEP4z+vBaRH69ff9NcMq5J5Nvr1z9qtekVJnRG8EoLfNVbBPTzsSYRnWptIDWkDPM3WMmozQACaYuldJ1PmvvWtZGN9r2ioxOBud9Js9l7TiLGPYhIMY7oAuIMEan1fsKc+LDKRObXmvsWAyIwRUFEau0pMec8qhE5q56iAJPGqNmrtXvBPI2PVYj8pbtvMWkEpvHLZq/WhiVnKY8qRL7r7lvsf2Bhtar2wm6WSB9KIyHyWXffYmEFLHWdim9viET61Ync6e5b9FHAwYdxzUByBucgEtEFdsngA3A4CI/Z19kq8qwaD07kQXNbyXAQdIAuAIxGyojkGioOUsgoUh63utvKuh84ZLqq9xJzPSI3uttKhkyhg9hhvbSxjIhatd7pbisbxF7A/C9eHlEjtlcnggcGdCYinVaATvTYNd7NzBIpDBlJPmsPvnw5/1t7W9lED3TqzQFEm92JdDARbRSRTr1BJ0MnEN+2ByLr9fq97q7SyVDw9LRdZ8uCykQgzlc+PQ1eMBBClkfAiNDlm1Iip8ZQ67MUCwagSzg8QAFWgYghI4LnuZ50RZVqCQd4Uc22RigpI5KXBv6P+XygjYaqFoOXOU0gGcBuRIZnZ6e6cl25zAm+8MzVvhZUSkQkk3lFQyDy9u1/9TdVLDyDLwXEIq1YJ1Yl8vRK63vVSwHhizPdyq/5i0TEKbv8ezP841NtbViyOBO+XBZTrhZLzkQeZEIuTyRr7E/aNKtsKTZ8AfO0ang/E1ikxaJAJKdaH/W3LFnADF9Sjt8Tt6vYe55IP0ckZyP6GFK6pLzCIv8xyFFXJ8J+09bqjdJF/lVeu1hBEsw6RNDvhj4Wal67qPAiDH49NIIPQ+SJCHadM3MEiGKhaEh2wVBYKuTVJAacQi/BZgIlgt+fG36F3DEgRFSlEeBlsQQ4QYDtgQkngpd9GNp6CgMZKSaiyl71r+8JcCsYPJzI+if04YiH8vW9xgKaAjfYJiXAhF5NJIfBb4iBNEy6TYxaI3RvXGZA3muHMYESad0CQjrCghIp6fDSl47zIDsNgJjkUpQCEZZ9Df7RJ+8YM7oDUVmmzvdnA92P7v0AsZNs0igjgqn0AUUIARVIr9QpKV/Ml8LEMlnovbAqjWcGj4p09GEHKI/G5IIoVvmwlGqrBNU9MfGlVhM1RAyjMxh0boE8GgtKpDwpVGxeocQM+y7ttujlRNrGEDH5DbNz1HknJxcXFye6KlW6nUgJ6K4Wmm3RtUSGxk+Q38VwKRFtli7Z4KUcZBBAslmGAA2RtjEHxXOC8QWBfuC2uOWODnRnnPz2JSJ0EnkC5VcE1i9KBNDR+U2Q9PDIMGWkPmBHQ+QGrFZI/pjFyQlE9XPbUoEwJkPHgWq860zGAyW6ZGTrCVJHcUwojxOQM9pWtHcMj1ZlgXwvzbOOgBZ+Fb6DeOAN0lrGxwriaDT+YBYnPVjEzmzdBgY7YcWXnXeWIYKo4MXmBlle9wHqdClCwuMEOhqV2UwPDpNvJljYhTFHZPDly5oMX//Uj8NlMKE89K6XI7O9YZUH8S2xgu2lGO5zRNaYyHD+uZo0cOVAicBXX2Q3nKwC4Qi7yL2KNxPSF3mJrM/Xt+8q2QbBFZVHFU3JbgFaDckujJxQ8CNHxPj7rqJOEYwpj5NKtpvZlLUyJuFK3OzrtUjk9uZdVZViN/UJjW61ZT3ZbXLrYDZ2Vkt6l9evTpEY5n99/3z3WI9EAxvISSWPxZHduLg2rNlks/n2+PXT/fWOuzWvqDxgG9mIyG4lfXQwQ+9WX66Q29z7yIiZodc5KyK33fpRsWE86my3XtgA/4jY+Ng6ut16G+AXjiQ4Gkz/hBKpfYASj4vRUQ8knkTUX3V3OD6JbwQYHVEmZsQc706HJ+UOUjkCsH3gFnR3Okil9tE2ewPmQYjsenBSzcOG9oW4d0KJ7PPYpCPE+KseI7I7j30fi1Xryd39PLnOEWn7wL6PSGvUObRuD9j/oXWNGscI7gwrOR1tn8cIVj/YcVdwter19q0EFY/a3BHJUZu9fR+1WfXw051w0MNPD39MbPoc/9DPqXBAcH2Mgy5H6ebFOwF+ZHNdmG5Co3u4I5sb8EO062GySGkc2qdkjjXf1nnhSonZtiuI4/BeHnTQfHWYgjS6z3DQPIK3FZg03b2Y/ViwjW53e0jrEGFmjjgKnB01bOYEIo3DuBEFxtkRdzeu3YdenBFG137GvJQgzh6uUY9LnkU3OEIdauWpNJdOlSMSLdPBGpqRhnqG+7AYL3NUmr7rbACS8TaO65Oj0ggR1g/PrVQizIWf54Ks33UuTQUdz7x03IAdXseIoJ89f3+OvCaEWcOccGx3tXXCMI7H4zgOQ2e7cm2fN7wnXNnrFY6wOw7Mad5ahDb2ehcX9J+oSiKRQDY1fyyouFAiDIRKahP/fywoJqFbtJcMkYscEd9VHFZ5dFhmuIoARHA2tQr3f5ztfjHbhAvbVxPx7UW42WvafFB45hj7qaVtB8GvX8GvP/af1fYqHKvc8gte8IIXwPA/BViYPS377N8AAAAASUVORK5CYII=');
INSERT INTO tblmerk(ID,strMerk,LocatieID,Plaatje) VALUES (16,'Cadillac',7,'/9j/4AAQSkZJRgABAQAAAQABAAD/2wCEAAoHCBMIFBgSFBUZGRUYGxsbGxsbGyAbJB0bGyMbJRsbHCMdIC0lJB4rJhojJTclKS4wNTQ0JDY5Pzk2PjY2NjYBCwsLEA8PGhISHjIkICA+PjYyNDkyMDo+Pj4wMjAyMDI1ND44MDQyPzI+Pjk1MjAyMDI+Oz4wMjAyMjIyMjIwPP/AABEIAMgAyAMBIgACEQEDEQH/xAAbAAEAAwEBAQEAAAAAAAAAAAAABQYHAwQBAv/EAEUQAAEDAgMEBQgHBQcFAAAAAAEAAgMEEQUSIQYxQVETIjJhkRQVQlJxgaHRM1NygpLB8BYjYrHSBzRDVJOi8SREY6Oy/8QAGgEBAAMBAQEAAAAAAAAAAAAAAAEEBQMCBv/EACcRAQACAgECBQUBAQAAAAAAAAABAgMRBBJBEyExYXEFI1FSoYEy/9oADAMBAAIRAxEAPwDZkREBERAREQEREBF8JsvBU4rFT73Xty+e5BIIoWg2hgrXiNp6x3cR7LjS6mkBERARQGM7U0+EP6N+YvtfQWA9rjpddKHaWmrLdfKTz3eI08UE2i/DXB4uDcHiF+0BERAREQEREBERAREQEREBERAUTjWNw4NGZJXbrANGpLj2WtHFx4D8tVzxbGGUwc1rhmbo4+rcA+NiD71WW4FJjcokku1o7AcOs1p7TreiXcz1uFgEClxqoxhxDmuu43EbLWjbwDnHQv4k6gbgOdho8BYbOlY0u32PXIPtdoPutCk8Pw+PD25Y225nifavYg4w07IOy0BdkRAREQcpIWy9poKhK7ZuGUF0cbQ7u6hP3m/mCrAiDLq3FqrZqQAMe0A3yPILJBxAcAAHW3OsNd+iuuBbRQ40xr2GxdpY6EOG9h5OHLjvFwpGvoY8RYY5GhzTz/mFntbslNgsjpKcl8bu0zc4tGotwc5u8bjwF7lBpqKqbObRCoyxSu6x0Y46EkXu11/SFj4a6q1oCIiAiIgIiICIiAiIgKPxfEWYZE+Vx0a1zvc0XPy9pUgqJthMa8GJvWzvaxrfWsc1u4dW5PqgoIrZeWStLSW3nle6V7jqGF+6wPFrQGi+625aTTQCnaGjXmTvJ5lRGzWFNoGE6OduLrbyO0R3X0HsUx07desDY2NtbHlpxQdkXndVsbx/XvXJ1ewfr5IPaijziTeA/XgubsSPAfrxQSiKv1uMup7EDffl8lyZtIeLP14oLKigWbRMO9v68F6GY7C7iR+u+yCWXKaITAtP/B5jvXmZicT/AEx+vYuwq4/XHvNt+7egy3bUyYe8gttKC2SORosHlhBGdvrWGUkbwdQtA2cxhuLRMeDq5jXj7LvzBBae8d6/G0+Dx4vFZ2hG5w3tvuPsB3jldUjZieTA39FJoYXua5v/AI39bTm0lxcFI1RF8BuvqgEREBERAREQEREHixarGHwSzHdGx7z90E/kqXNUtika5pvI5uRn8AeRnf7SAAOWvPW17SRdPTSR/WMez8THrO9l5PLH0xOvUjB9zAD8VI1Omi6BjW8gB81A49B5DIKpvYdZkvd6j/duPcVZVxqIW1LXMeLtcCCOYKgVGonkicRfThoNy5+Vv5/AKC2mxGTDKISRuu9khju4Xu0OeNfc0aqjftrWesz8AWdmw55tM1t5fK1jvi6Y3Xzat5W/n8Anlb+fwCyj9taz1mfgCftrWesz8AXLweV+39dOvF+rQMexGSEMsRqTvHsUN55l/h8FHYFW1O0xe15Z1ACNMvavy9imP2em5s8T8l2rXPEamZmWnxp4U44m+t+7rQYww5uneG7stgdd99wPcvb54o/rvgf6VGjD4sP/AL0wPzdjKSbW7V9RzC+3w/6p3x/qWhhyYq0iMkz1d2Zy+Jlvmm2Cu6T6a/qUhr6eqOWOTM617WPjqFMbM0Plspmd9HEbM/ifxd93d7VWouhYx76dmQ2trz4byea06gpW0UbY2CzWgD5k953r1a1Z86+ijNLUma3jUw7yMEgLTuII8VmFfVNkmMb9JmXjJ+sj7TL/AMTbkd4cStTWN7eHySsleN+Uu+Dl5Gn7OVfltNFJvu0eHon3ixUqq7sSzoKWOPiyOK/tMbLqxICIiAiIgIiICIiCMxt5YxrhweD8HLO6CIYRVU8Y0aZSwfZbG51vEsWj40zNETyIP5fms32lPR1FCRuEk73e5sQv+Skawi4UsvTsa7mB48V3UCjOFhKOVRJ8S42+K5LzbSdWOpbyqL+5wYfzVOWVzcPVk3vs3PpvF8XFM715/hekVQw6qlpXExR53EWIsTYc9FIeeK7/ACv+13zXrB9Ktlr1ReIVuZnjj5ZxzG9d/lI4jQyVoaI5XR5b3y31vu3ELw+YKr/OP8X/ANa7UeLSPv5SxsI0yl3UzHjbMdbaL1ec4Pro/wDUb813jlZOH9mK9Wu/yp+BTP8Acmdb7fCv4pQSUOXpJnSZr2zE9W1r7yd9/gvCrd5zg+uj/wBRvzTznB9dH/qN+ao5eVfJebTX1bXE5NePijHEb1vv+UThTM8ThzkaPEsH5rX1mzZWVT48jg5pljbdpB9IE7lpC1cE7xwxuVk681rfmX6WPbYw+cqydt7Bj44yeQka4g/7HLXZHiNpcdwBPgsfpp/LKqskJ7T4bd+XpBp+FdVdoOycpnEr9wLhYctNB4WHuVjVf2Oiywud6zz4AAfzurAgIiICIiAiIgIiIPNW07atjo3dlwLTw3jgeB71k1XM+KU0lTrLHmMcm7pI3WuftjKLgcjyWxKn7YYKyvtm0cDmjeBrG/j7Wni3ig7bGYoKlroHduLL72ua1wPx8QVaVkr5ZMCraeXhJGY321GeMkg/gcN/etRoattawPadD8EFOx5rGSVImH7v93IQL9nKGki2uhbqq15ZhnI/+z5rR8Zwk11nxkNkaCBmF2uad7Hjl/JVKbCoKU2mphEfWLA9h9jh+dl7rXFP/cbl6jNnpGsdpiPlBy4lBCL0hLX+loT1fv3G+y4+e6j6z/a35KZxHAWzMBp44733sIFxyvuUDPhk9P2o3jvtceI0VHk7rb7e4q+g+nWxZMMeNMTb31MvNilDU7ThrRIzqXPX6vatuytPLio79g6r6yL8T/6FadnNC/2N/NTucc1Rtyc0W1Xz/wA2r8zBijLPaGc/sHVfWRfif/Qn7B1X1kX4n/0LQ3yhuvDmdF+IHvrTlhY55/hFmj2uOgXfHPKt2iPlRtGGvujNjcHfhroYHlrnmfpOqSRla0E7wPV5LWVAYDgZonGaUgykWAG5jeIHMniVMVVS2lYXuNmgLRrvUb9VSdb8lf22xfzdDkb9JJcNF7aBrnE+4NJ91lleGOklk6GH6SQDM86iONt80jvZc2HzF5msxF+0VXNJ/hxRuZHe9ukm6oP4A4+xqntjMHZC7IwX1D5nkayEdlvcy+5vdcr0hdsIo24fCyJt7NHHU3OpueJudSveiKAREQEREBERAREQF56ynFUwsPuPI8CvQiDMsbfBI8U8jwyVj8zA+7LmzgMpcAHNIcdxPiFyoMdfs+S5wJiaR0g4taTbOOYBIvbgb9xvePYJFjUeWWNr7bg78iNWnvBVCGzbsNfaKQui1a6GbWzSCHNa8a2INspHv4qRpOH4hHiLA+Nwc0gHQ33r0lododVj2GOn2UnMTHOMLrviJ5elGf4hf37+4Xug2vgkytlcGOdoCdATyvz7uKgSFTs/TzHM1pjf60ZLD4DQ+8LxyYPUwfRytePVkblP4mfmFYIpGyi7SCO43XRBSKykqpyB5Mc/MOYW2+1+Vl2g2ZqJdZJGMHJgznxdYfBXFENoOl2YpoLFzTI4cZDm+HZ+CmGMEYAaAANwGi+veGC5IA5nRVnF9tKWhDmseJHjSzdQDyvuv3ILBWVjKJhe9wa0Am57llO0u1D8ds2MFsLicnN4Btm+ySCOenuXgxXEaja2URvcWQizpMvBvBo5uNtBu4nS5XZ2CDEJLyPcyOwYyGEegNGsL3d2+zTc3Uj5gxZGegYc8r3XLWDOQbAAHLoAOZtvWsYPh4w2MM3uOrjzPyG5eDZjAI8GZ1Y2sJ9FutvtOOrnd53bgrAoBERAREQEREBERAREQEREBeKuoWVY10dwPz5he1EGd43RV0Jt5LDKy/VtNlPEXGdjQDY8CVXXtm1bJQzBjtHNy9K0g7wTHr7wLjfdbG9oeLEAjkVGVGDMk1Ycp5bwpGXRmr2ftJTvkkpt5jdcviHG3FzBzG7iBvNkots5S0O6r2kXB7ufNezE8GxAm0ToGM9Y53u9zQAB8VAP2WqWm8lYG63LWUrRcnfqSDv4oJuo298nAJiuTy/5UPWf2iTuByMawcyb/rxXCvwNrWNDpHON+1YA+G5eGDZZ8hvHVm/qvpg7UbtWl3HuQeeatrMcHSVMj46e1wxmj5ByaN4YfWdpbcDuXkFHPObR0coY3RrQ3o2gDheT23JI1NzzVyodmcQceu6J7T6RD2O9pDhr4KyUWyscesri8+qOqPmfggpWDYPWzdVtPFGL6gzZiO8ljXC/tI3LQsHwNmHDMetJ63LuHzUnDE2Boaxoa0bgBZdVAIiICIiAiIgIiICIiAiIgIiICIiAiIgIiIORhYdS1vgF0AsvqICIiAiIgIiICIiAiIgIiICIiAiIgIoLHdoYsHLY8rpJ5Po4Wavd3n1W6auPLuXCGjr8R61RMKdp/wAKnALgOAdK8HXnlaO4oLIih27O03ptdKecsj5P/txA9wXhq8Yotmz0EUY6VxuKemjBeXG3WLWWA0A1dbQILMuUsrYRdzg0DiTYeJVeiZiOLayOFHGfQZaSUj+J7gWN9zSe9e2n2cpYTnczpXj05iZXe0GQnL92wQemnxelqn5I54nv9VsjSfAG6kFUa6rbj0rKWma1zIZWPlmA6sfRuDgxjhvkcW2NtwJurcgIiICIiAiIgIiICIiAiIgIiICIiAiIgzfA5xR43V+VdWWQAU7n6Ax30awnS5GXQciN91oVROylaXvcGsaLuc42AA4klc6yhir25JY2Pbyc0OHxCySehZtdXuo6UGOihP71zXOyvyngC7LvFm2HNyCzHGqrbJ7o6EmCkaS19UR1n82xA7vbvHduMzRU2HbIMI6SONx7b5HjO877uJ1POw07l2p9kKKnYGNjdkF7NMsrgL79C8he6iwSkoTeKniYebWNB8bXQRTtqTV6UdLNUX3PLeij/HIBf7oK5eYavGf7/OBGf+3pyWsI5SPPXeO7QKT2i2gg2di6WY6nRrBq57uTR/M7gqviOLVMMIq66R9Ox30VJAbSPJ7LZHkZr66huW3HXRBeaSljomCONrWMaLBrRYD3BehZ7hVdLslSuqsRmkLpT+7pi8yObxDQ55Li7XW5sBv1XyqxWqbCa2vkdTxO+hpYTlfI49hr32z5jyba2823ILbtBjkOARGWU9zGjVz3cGsHE/yUXBjk2FUjq3Eg2MEgtiY0lzGuPVa4k6v113AW8IbCcPGCMOK4pI50oB6NjnF/QtdctjbmN3SG9u7xKDGKqkikxSrzNY6zaakHEu7BfpcvO+3AXNtwAWTEto2UjYgxj5J52h0UIFnOuL3ffRjRxcd1jvso4V88FS0TVLbMY+SpY0NEUUZaRG0ucM5eXWNy4XDT1QCozCI56ZzmstNic4BqJXaspmHssPC4G6MbyLnQBQ8MUNVI9kkjjQ00n71xu59bVn0SBq8AjRgvpbncBaZ8fkxCN1S1zoKRujH5QZZ3HRoia8ENa46AkEnkN6seEMlZBGJ3Zpcjc507VtdwA7tAFVa6rbQBuIYjZjWH/paZtiWkiwc4bnS2+6wd+q51mNTsh8srpDSQn6Onjt0r+Qe9wuHHk0NsN5GqC+os/wAGxCXAoJMRxCV8ccn0VM55kLQdWi7zmMh5XAAuTb0ZTDYqnG2eU1RdFE4ZmU8TnA5d4MjmWe5xHoNsOYJ0QWxFWtk6OaA1Ej2vjikkBhie4uLGNFi43Jyl562W+isqAiIgIiICIiAiIgj8be9lNO6P6QRSFv2g12X4qpf2QUkcNB0jbZ5HvLzx6pytHssL271fVAUuzjMOe91NJJC17szo25XR5jvc1r2ktP2SB3bkE+oefFTMTHTNEjxo550jjPHO4b3D1G3PPKNV0dhQn+mkklHquIa09xaxrcw7nZgvfFE2FoY1oa0CwDRYAcgBuQUHzJNFiLqmaOSqe1kfQOOVrM5vncbmzGsO5oBOt7OdqfrcHqW4i6rqGOqZGMZ5OBZsTXuvnNz2GstYXzON81ibLQkQZ3PgU/nFtVURvqnNiBjAytjbKXOuOseoxota4JJ62p0XoqMJl84MqqiN9QWRAxtYB0bZS52YDMQGhoDbF2pJzbwAL4iCj4xhUs9VS1NVG+aNnSOMcQzMY/qdGMpsXW6xLzvI3AWCbW4fVY82F/QuZFDMyQsEjemcBcEtAuxpF7gZiT3HQ3hEFboJnU8YhpKN7ACbul/dtB4ucSXSPcd97G/Fw3qB2SwV2zzcjqaSWqa54ZISDGA49tjieoCLZtC82tY6BaEiDPqnBKh+IiqqI31OSNpha3K2NspLr3zHqtbYam7jodSLD7WYHPLXsqamN9SWRAxsZlETZS51x1yMrWgNNzcuOvJo0BEGc7ZbPT1j6aqla6fo5QZo4wXBsV2nLGze7d1jbM6/AWAtfnwT6QQzSOPON8TR9p8rWj2gZj3KbRBA1eFVFcIy6oLHskzuEYIaRp+7HWBIFu069yT1bdUTyIgIiICIiAiIgIiICIiAiIgIiICIiAiIgIiICIiAiIgIiICIiAiIg//Z');
INSERT INTO tblmerk(ID,strMerk,LocatieID,Plaatje) VALUES (17,'Aston Martin',14,'iVBORw0KGgoAAAANSUhEUgAAAMgAAADICAMAAACahl6sAAABFFBMVEX8/vwEAgQMDQzs6ux8enz8+vy8vrz08vQUEhSsqqz09vQUFhTk4uTc2txEQkQcGhwEBgQsKizEwsSUkpQkIiQcHhxMSky0srSMjow0NjTU0tQsLiycmpzU1tTs7uzMyswkJiQ0MjSEhoSkpqQ8PjxERkQ8OjxUUlRcWlxsbmx0cnRsamxcXlxMTkxUVlRkYmQcdkwUakQEFgwsilwMIhQEVjU0lmQkflQcYkQEPicMYj+s0sIUPiwETjTU5tw0e1ycxrQMSjCEspzE2tSMtqS80sRMinF8qpQkclRUpnw0hmHc6uSsyrw8fmRsqox0oo88lmzE4tSUwqxcjnyczrREimx0tpRkooxEonSk0rxcqoRUmnwm7Z5XAAAQ+0lEQVR4nO1bh3bbuLYVwN57kyixqlGF8XUc51l3HF/HJbFSPTPJvOT//+MBLJIcp2iSzMy7a2HLy6YpEMTGqSAPOh0CAgICAgICAgICAgICAgICAgICAgICAgICAgICAgICAgICAgICAgICAgKC/wKIrE//XFhC94t36wrWT76bz4p11ykP9wUAYL+G9lT5LA15Zv/kOyHwad05TDx2T6Q2pPdp56sg+BwTJQFDf58OaGik+47KS2Dduz5k9lZDJeh9fqo/wcDnc+reWSrn/cFet+mN9rpNBWao1wcuZPe+qNM1pnvRZgoQ3jsZgkLc6+KpEe0/JJYf1geRNro/eV9EyJt7tZPtnPvkFDdy5L2uNfn7k/BFUCOtYY0mL5WpfdHtjfdqLC95OrwDi+aX+106Nrp7j0dOAd3qiDwC/80YbcUsWzNepzNB2OtnrFvVUWg8fHwHR/hz9Msu/oM+v/xnF/+DP5/g3xX+FYfVDXx9vN9ABIGGcGbdVdcQlnvZIULfmMpKn/Us+9+PEP54VP1+c9jizZub4w0eHD+ocVDj2cHJwUmLoyP00+KXh7HlsX2Fmhr9PUcilvCeMYkT/Uu+ixlQSr9rmoJn+fR8kgc8ilWSFscQE3l++sejw+dvV6fnq7fr06e3r96ubi9Xb47PzhCdmxc3iMPHM8zj9zPE4+rtwcHJ5dMXTy/eXz5dX754uX75+gyJ8ejF418eQsN2JAh1PhhN5rRvCZ5pdhGzwZf8pAmX92ffhG7tuxiGEUWO45SIzTKaLsdunidG7Dgohkr4FtNUhT5rRmaCifwm3j56tPrt8PnzN29Wt2+en94eHh+enR6eiefHx4crLJD364/o94tTROSs8/7k5PLi5Ep88uzq6ctnR+uXF+JFQyRBfbIpVNNiPhkFEg91x4l7PXXkjkuazjI2UtC4REZkOhU1yoWf8aAMreehYPnFdOnmtq0jK9K0XpCPx7NpaoUe21U2sUweDZFmTTVE5I+3q/WjR/97+gEr1er28Pb0DVKoN+tXZ6v1+fHNCkvkfH354ODj6eDg4ObyxeUBJvLr+tnJk6fPjo4GTy5erF9jIkcPtSnSLXcbCjmly3qhlU5n40Ue9BwNjUm37dxdTgskrzDX6c/JajDVoA4cYzReorQv88yorygyxe1EA6xkXS+dDXldim1DQkTOV+/WH5B+rVfPKyKr1SEicnN6cfbqev2qInJ8dr7+ePzievDg4Pz8o3iFVOvy8uoEEznBEnl9NXh9dIkkIhlxLOn8cOZ7XUVGU7+5MSdSMrLLKPKykKbnY9WwgQ612efTBKZrqZ8Jx+3ssCFdDhNkH4Y6S6ewoAY5IvL2t9vT1ZvDR+/Wq5rI5eEhlsj52avj8/X56gaZ++XN2eX7s9/XTx48vThfn51cvjg9Q6b+Ektk/eTi9dHr9a+YSD6gpvw0nakGBFKilnTIKp8G1RYhUK3ul3MMxf4kleLkfuT5hdvjtTjJF4Xv9amBiKxoAi0aqda71aNHHwYfkL3fvj08vLw9fFep1ivxBhE5vh08RRK5uby5Ede/35x+fH9xcPB+/eTy4ur0+qRRrZcX748Qk6dItSTagmOuw4gDqu9ZxWLUMzS+5xaWZ/blu4yUXvzVZIzxId0cMYMoS0s3MCRdC+Z06EWtjTAUmy4NACTktVbnyN7Xq9W7P96eVxJ5s0Ly+XB6cYyJ3KwqIqc3D16sHjx5e355dXDw5PT68uLx68FVLZEBlsjR0cVTJBFeAsAYpyzFtFoQeSE9D9AI4pFbplk0YJqvUuh/PeXjEiiYQkiPsY818vEsFaKdRExUPGtiAymYpMJIQ3HkNxxF3v32YbXC1n7+Cv1CZn6LpPLqI7aVV8hr3VwcP7h58uDB9fU58r0n76+v358cXF8/fnaNiFw8vrrCUeTXo6OHjjMS0kmgAXtuef0dEVCRkM7GecwDPhijZZspwORbWbQAoabzxrKwzEiRt16a4eQonIwMxx7SXl9G09FNwL83QfD48HgnCrZBsA2Dzw4Oqij4+PHJ45Ojk8e7cRBFwqM6+D8ECcr+RLnv0S5yJUFpRTK3Y/AUCghWsezxUINQ+AaPDucjJxfQ7B2V5ExrqjrAWRRZtPmiPwXw4TfwL/yDPntBB9NNSOeikHYdYKuz0Lwz9xxLB0irrS85gR3IwtzgoTMXuhwyFNnMClWKe+o061Ob+aEiX3UMNwalb6GPX0rArg9pTZ/41lSKU4uWVN93VIsGtKU6vqVKtJ/GUuH7E6gVVevSAVJ9nVWC2DW0ob/VZI7qZ9O8Z2sqmj8FDYbrCqXD8725IO+5FJQ9ugeA406WagJBUlq1G2yuZiJa5aVl1hWjoIdDq0LH/LRbqWF/yPvI7ywhy3R82O3ITthRgNIJ0UqkC/1Ox9OXDBI7r1aPJ5j+lLdp7H/MJIjEbrbgpZyOdobJ9FmrDHSYqOP5wkHKUrD7rWm2ZJBVo/AOi7sPRBRhpsFg2jy4GKhayM7Q+roWP+NLeIBc6SAV7ttFp5OhpZ6MiERx1ukUDlIdwSnRpHRzyW+6SHtwxmZS3nThTUco0gl3nWu34FFUjyfW/gvgHYh9r4x5aIyzJiyJcjY3nIRmt5LtI9loYdO9MpOmaLq4QspQNjRDIYkpRlwlEW5UMMj5z9B5QSpQd/JUKtvLQk3i1Y15MDJL95wE6U/NlFOysQH5uPT6+z9buAfGTF3kiFXaM1kfyd31o518k/Fc2INuMyDPsD10K6aUsEsxcYY9GCGpYIl0itEAL5NRhs1kfImbebbh1SOTh7gXb1ehIn/IS2OUmnr0EALepc19FxlfxkAJ52hGUHqdWMquB6FQKHEFSkh6AroLlWpLPKsizeNYNXBxMq3gtQGWSMfUlfYkiropHlZ/KaX4X6GXCANhoY2E3UcHnGLFOrotb0xCZa9HL/tA8Qps/YsdHWUsFS4wg46y4KeUovJppYA+rJTf0vDyJtTkRiKyhrM4T7MwV5/3q7H6/BCto2qRMsIY5tZWKl1rYQPQK7zvMouvgFH8cazrSeFhC1F825m33kUMbUkaVUsDJtWqMVLODP8ZT8RGIuJkjE/M+GrWfanOMMyRJNlhozVMNHdsX8FWguZN1+OxrzA/YBZf4dJHfhzC3gSFV22+4ySRksMAazFj1XJh6Bg7OznBrCqJdPwEu81uXC0hOBriyWfMAOrDrTtFVDTcewKhXQr9HzeLr0A0aWT9vL8rcC9xQlaFS5MJpVmlX6YU4vF6ThVmKiKm7eFvfKmSnDhDLdgxVNnQTrydvhSfB9LwZ9j2t0FFPX7nQSCychetDChBdVQ4rsyScZNqIKmB6dQSYeLqUbOYuNVX3JhH7ZF5M11XS3es3OR73Z9m29+CAIuNXikL2IyDKwFIUjxoQatzurysWlREOrNRfa2W4XPpCICyDk9UChcbATNT/pv54M+D6MJGHcRMG7E1KRTp5ua0x+cW25vXDwf0aky1RDqCXvFl5glrBXxvas4loZkOdqRljS55/HCPfPCngYV2VhntTJq3kxnZrox8W7hE66MlCssMI9hVetNIpO8IKO+TszHgeZQsMB3ZtVsNVeZaifWJyWzo3b/dXwdGcMAiNC3DCVsdM2O3UW1WU3OUgS+K3PAiWZZNYKLfkddTCxQaHFWVmidolBu3j3OY0O5ZZrYAjvCXONwvIyolqAHea+2yi+VRj2mZyJTC+mVPl4y4l8Q2sOOkFxsS6JU+q1BysmwGi2TSpqSUwOsalMo/8TrhZyFKVQB4tfCw6pvG5g0VC7OmAZ+ZXpaidbgOUsFD69NmlOHmhYwSGFgmlFeoKL3N03+ABgbKS5cJyoYW6VTbPFaj8kljrb6EJj4K+HTgwwANkZGs5rpl3gZBZaTN0gXqozcJ5b/Tyu9BZtMhfio5bFdtVjvvHXeBLHwELBHlMCBACeVi0XwTwZoSIwtD/PTQTf/saumvAScUuQTAiEZpmKcVzVkKpYmm1gzZ4jUTpZBt4KN5DyVUNIolUj71/rb4twfkrjVx0CJsJOXt8seLTdaAVh0fRAsarBk3rpVBC8QALQ2cidX9fyGKu+C8dCgBfVRkWMvESc46O1Fa4B1PrcxHzopARwlV6v2jRvFVcLIwDSTIoxXlTA80bTcoCJoW6DOPVnkoBTPhnzXtfcCZ1pivXu5p7G5wY1ipOgsXlvkn3iL/sxDNtJwKnxoxcgpz2vybIzcBAQEBAQEBAQEBAQEBAQEBAQEBAcF9MNun5hxFUbjgRGzB1A3Q6UHbaqcKZvdwt8Ntf+3Btjdxt+/qzOc7/A74anuUjeIedKMOrbbA9Q9KEYzG43xY70fhik1hcbfc1qv4210FYtq+2jHbfSKyOi7LiTtjmc5807ff6Y5x4YS3bJ+Fc3T2AzwYu93akPGFLHu80MksQZjpY0GwMkbM7NwbcJwsxAF+VcvlsK25MnubakjOHW9mX3BaUoWe1k0VMFIUJcS1Ahbqew5KQfC9DguNDi6CnzTMuaH/A0QEHczqegw1wB0Kda+ZXpeeC3z7Wtq08TvzgQra2mKzt3nZLAebegYmaL/nJGDU70n6oNp/54P6ZakP6veOJsQ1ORYA86aM002/nwc3LBytGmrXUXdez2R69c6T07Z7GEPgcp1B7krN+zY22RDp2yBvak1CvRlmxx+rINsl0gd59W+6JYIvkBK94Oqx/IBEWJsqQXW9Ems722caiWQg2Big7KAGXO6Hul013FGtyMkbkcjBRK/nlRoJAhhW9JSaiADKmmFDhOVjTCSOknrDCzf8AYlMik6k97AouDmQtuVmNRFmCehNU26BBjBARurDaoejud3d6RmspFY2m+ZsVWOKeog7g4Cv6NUSiQynZv6JRGKktbj0+YdUK0rQJLt1TYacQ92eKUxDBKsWN2z1BLOaI1bcyELeRR9Fd1TLWiDKVZlW4kWOWxULqmhUvj6pidgpPQmWTXGhf5eI0WE8DYbMj6gWUySex5ag9sCDbAyA4zVEsCgG7g4RERMZ5Ohm3AT0uF0is7Jj6iO5w9ATUTECLGDWsVg25HXsOxQQlzrcvFxsJVJ7Latiw2vej0hEdobj5Xgh6Y22c9ECGOKWSKVNLZB4MqRa+AS3BK6yYyNIuZkZso2uE3WoBG/YFefJGMGoVBOpFuI+buOF/6lq4aJPXfMG3y8Rq5q8TgE2O6YpXlJqIkX9TbllLUlID0e1Z8jBwtsSMUJcK8TL5UTsMDmWQr+u0fQgrj3FNqIEemtu92ykupNumN9NhArqKyPJ3lSuu5pcE6lui7R745NTMBYrY69YGSCJ281cclVgOgNBFcpdgFSuqAv+OBfvTqu8lqK15VH3bARDLIDmfK9qZU1ZGNIgvyNX0YGxg05DpBpludkKGFXuuSWCnC9wWhsxbRxsTKkWXwkEZPRN/LdAzjReK4TaXa9Vu1+rJtKhlgB8L5GR2zJCxsvyHoOLwYWGSF0EJE9gXUke9arKUuy1arDSpmJRiPERM6l3wtNoPL7WOHIKoohaExFpUOUOn7ORqunie4l0+TZJ4yTNi3J+OHOTprok05pOB1ag0pY1SeoiPs7dWL8wam3Eqq0lqrc1W/yUCdrKrc6cLxgFLquRDvkJ7t1vtuWbDpZ+GLRN+/nWs/wpyNtCKpNV0L9+KrS2IrP9bbOQ9oUmBjDmtmxpsx1LMZsC36Z9V9xerbAmI7K17BSv2nqhNFVoAxZLUN7mE8rPrvcnICAgICAgICAgICAgICAgICAgICAgICAgICAgICAgICAgICAgICAgICAg+HvxfwSTBXTLHtfJAAAAAElFTkSuQmCC');
INSERT INTO tblmerk(ID,strMerk,LocatieID,Plaatje) VALUES (18,'Ford',15,'/9j/4AAQSkZJRgABAQAAAQABAAD/2wCEAAkGBxAQEA8QDw8REBMNDQ0ODg8QDQ8SDhAVFREWFhUSExMYHSggGBolGxMVITEhJSkrLi4uFx8zODMsNygtLisBCgoKDg0OGRAQGysmHx4tLS0tLS0rLS8tLystKy0tLS8tLTAtLSstNi01LS0rLS0rLS0tLS0tLS0tLTctLS0tLf/AABEIAMgAyAMBIgACEQEDEQH/xAAcAAEAAwADAQEAAAAAAAAAAAAABQYHAQIDBAj/xABDEAABAwMBBQMHCQUIAwAAAAABAAIDBAURIQYSEzFBUWGhBxQVInGBkRYjMjRCUpKxwUNUYpPRMzVEU3KClPFFY4P/xAAZAQEAAwEBAAAAAAAAAAAAAAAAAgMEAQX/xAAsEQEAAgEBBQcEAwEAAAAAAAAAAQIRAwQhMUGRElFhcaGx4RMUwfBCgdEi/9oADAMBAAIRAxEAPwDcUREBERAREQEREBERAREQEREBERAREQEREBERAREQEREBERAREQEREBERAREQEREBERAREQEREBERAREQEREBERAREQEREBERAREQEREBERAREQEREBERAREQEREBERAREQEREBERAREQEREBERAREQEREBERAREQEREBERAREQEREBERAREQERdHuwMnQAZJJwAg7Iqpd/KBbaY7rqgSPGnDgHFdnsyNPFQ/y5uFR9Qs8zgeUtS7hsP5DxU40rzGcddyE6lY5tCCZWWVt2vJz5xcrbbx1YJInSD3esfFQlRWREHzjaaokPVtNBUbvxyArI2eZ59MyrnWiOXs24uXk6qjHORg9r2hYK+Sy/tKq7VHf6jQfxleLqiwj/DXF/e6eEfkrPtZ8enyjO0R4dW++kIf86P+az+q7tqozykYfZI0r8++d2L9xrfb50xciewn/DXFne2eE/mu/az49PlH7mPDr8P0KCuVgDJbL+zqrtTnt9RwH4CpGmrIhjzfaaoj7GVEE27+LJCjOzTHf0lKNoieXq2/K4WWUV1vAx5vcrbcB0YZGNkPu9U+KkflxcKf6/aJmtH0paZ3EYPdqPFVTozymJWRqw0NFVLR5QLbUndbUCN504c44T89mTp4q0NdkZByCMgg5yq5ravGE4tE8JeiIi4kIiICIiAiIg4RFnm3F5nqKltpon8Nz2cSuqc44MWMkZ6aan2gdSpVr2pwha0VjL7b5t21svmtvhdXVPItj1giP8bx2d2naQqPf60OJ9MXF87hr6Ntxbw2Hskk+iPE96hLxtEyNjqK2Zhph6skw0qaw8t97+YZ2NHT4KrL09HZd2eHv8MOrtG/HH2Wr5YiDS3UVPRgcpSzzip/mScvgoe4X6sqM8eqmkB+y6V25+AYHgo1cLXXRpXhDNOpaeawbK7MOrTK9z2wU9M3eqalw0YN3OAOpx8F7VN1t0J3aSgbPu6ecV0j3l/eIWkNA9qtnk9jhrbVV23jNhmkke8k7u85p3Cx+PtD1MFRdwsdNbGvYJvPq+Vj44Yoo96OnDxgzFgyS/BOM9Ty6rJOpE3mts7uEflo7GKxMdUA3abXW321w6jzHHiHZVglZbmU7JbjbW0z58OgipKmZtQ9h5zGFxxG3sycnsTZDZOaKOSvqKOSR0GlJRujIfLL0e9p5Mbz17D2Lr6JcGVNbd42vkkmaJOJNmRjDE8jhsjdo8ybjW50ABS9qzbFZ4d0kRbGZ5vWh2dsVV/Y3KanceUdSImke94APuKl2+SCNwzHcSWnkRTsd4hyycf9rvFM5n0XOb/pe5v5K2dHU/jeVcalOdWlXHyc0NG0yVt0LGjXdETGyO7mDJJPsCzir4fEfwt/h77uHv7vE3M6b+NM4Xm5xJySSTzcTk/FdVZpad677Wyhe9Z4RhxhSVuv1ZTkcCqmjA+y2U7n4DkeCjwPf3BXDaPZOKgoaeWeSTzupILYAWcONvM50zoCBz5ld1JpExWeZStpiZjk8fllx9LjRU1YDzkEfAqf5kf9FM2CuDSPRFyfA4/+OuBBieeyOT6J8Cs7XChbZ6zG7d7dHa61o4t+sW3TXSikuELqGq5Bsh+YlP8A639/w7CVdV+dLNtG2Rgo7kDPTH1Y5TrUUh+/G/mWDq09PgtJ2JvM1NUm1VknFLWcWgqc548OMgZ66cvYR0C8zW2ea5/ejfpa3a4tDRAizNIiIgIiIOpWMSF+/tTjPH3Tu/e4PEdv7vduY8FtCzzbezTU1SLtRR8Utj4dfTYzxosYLsddND7AehV2jaImY7/9U61cxE9zECuFabzs82RhrLaTNTH1pIhrUUh+5IzmWDo4dPiquvbpqRaMw8q9JrOJArBYtnRLBNWVMhhpac7r5Gt3pZX9I4gdM6gZOgyq+Vq9jtguez7Kanc1s1PMXOadAZA8vw/s3mv0Kq2jUmtY5Znino1i0z5MsqHM33GMOa3eO4Hva57R0yQBk+5WvYCgrKqQwQTPp6druLWTRHhnd+4ZBqSQNBnA1KkLP5Ka6R485MdPGD6xEglkI/gA095KkNur3T0FN6Jt2G5GKuRrskA82F/WR3XsGnsq1NWt8Upvnv7ltNOa/wDV90ILay7SXOsjpaPedFEW01KwPduyfekee/d5noMrxvdBQUDJaYSz1NWWcOZ8MrYqWJ/PcIxmTBxkHwKs/k12efAyoqXhoq30crqGnLm8VrCP7VzOm87cAz09qotk2dqq2YRNje072aiWRjmsiH23vJ689OZKjWa5mInEV9XZicZxmbeiZrNjmGWF8Uro6SWhhrpqifXgMOjgcc3kj1R1z3Kw02x1srqB09JxqcQyFrqioLjvsj3TI8szjlnGMahRW01ydcZ6W1W85gg4cDHDlK5gwZXfwtAJHvPUKa2p2nitjqa2QRiWCCBzK2MnBlEjCNze6O1Lz3uCrtbUnERO/j/XinEUiZmY3flEbWbOWqKghnoZnSSyPhbEOLvvnD+YMfMEewY5LwGy1HQQMmu8kvFnbvRUNO4CQD70h6eAHLUqX8m8tqfXNbT0czZOHJIyWpmZJwyzGkbR1weZ10UJerJX3G61LBFID5w6PiSNcIoomHDDvcsY1AHPKlW1szS1piI3zM8S1Yx2oiJnh4LFspsdRyS09yhc4UbGSymGoIMjJY349Y8jGMF3uCou2l/NwrJJs/Nt+bgafsxg6H2nUn29y0XbOGSmo6Wy2+OSR9Qzde4A54QPrlx5DecTnoBlZjfKSCAshieJpYt7zmdjsxF5x83H2huPpdST0Cls89q3atOe7y75R1o7NcRu7/NEoiLexOQtLh3s7K5zxsuzn6fB4jdzPduZVbsuzjGMbWXImClHrMjOlRVn7kbOeD1d2fFaTsTZpqmpN1rI+FmMR2+mxjgxYwDu9NOXtJ7Fg2nVry5Z64xht0NOerQguUReU9EREQEREBERBR75sK10pq7dMaGp5lzB8xKf42d/dp3FUe/0AaT6Xtz6d5P9428AxPPbJH9E+B7lt66PaCMHUEYIIyCraa814/Kq+lFn55+R3G1t9ZTVgPKPicCp98cn6FfLTsudrkMjY6imcRhxMJ4bx2HQteFtF38n1tqTl1OIn8+JAeE7PbgaeChzsNcKf6heJmgcoqlvEj/UeC1xtUWjFp6/H+M07PMTmPRndb5RrpMwsNSGAjDjFGxjz/vGo92FVTk5J1zqSeq1qus14GfOLbbK8dXiNjJD7xunwUJU0MQz5xs1Ux45upqio3fw4IV+nrUrwrH9THwqvp2njPWJUu33SenlbNDK9kjRgPByccsHPMY6FS1523uFXHwpqj5sjDmRsbGH/wCvGpHdyX2vhs/7Smu0B7PmnY/GAvF1PY/3q4s7nU0B/JTm+nM5mu/yR7N4jET6oex3yeikdLTOax5Zwy50bHkNzkgZGnJfJWVT5ZHyyO33yvL3uPNzjzKsXmtk/fq3/iM/quW09jHOquL+5tNAPzXfqUz2sTnyc+nfGMxjzVykqpIXslheY3xu3mPacFpU3cdt7lO3ckq37pGCIwyPeHe5gBX3Mhs37Omu05/+TQfwAqRpaCI/V9mqmTPJ1TUVG78MAKN9Skzma9cfl2unaIxE+6v1221xmhEElU7h7u44Naxj3jdxh7wMn9VHW6x1VQcQU00merInbg/3cvFaZQ2W7nHm9stlAOj3RsfIPed4+ClRsPcKj6/d5nA84aZvDj/QeCq+5rTdWIj19ln0LW45n98WcHY4w63CspqIDnGZOPU+6OP9Spqw29riPRFufUPB/vC4ACGM9scf0fzPctEtHk+ttMQ5tOJXjXiTniuz24OngrQxoAwAABoABgBZ9Tapt4+kdF1Nnx4KbY9hgJRVXGY1tToWl4+Yi7o2d3w7ldcIiyWtNp3tNaxEbnKIi4kIiICIiAiIgIiICIiBhcYXKIOpaF5PpY3c42H2saV7og+T0fD/AJMX8pn9F6MpY28o2D2MaF7omZcw6hoXOFyiOiIiAiIgIiICIiAiIgIiICIiAiIgIiICIiAiIgIiICIiAiIgIiICIiAiIgIiICIiAiIgIiICIiAiIgIiICIiAiIgIiICIiAiIgIiICIiAiIgIiICIiAiIgIiICIiAiIgIiICIiAiIgIiICIiAiIgIiICIiAiIgIiICIiAiIgIiICIiAiIgIiICIiAiIgIiIP/9k=');
INSERT INTO tblmerk(ID,strMerk,LocatieID,Plaatje) VALUES (19,'Vauxhall',7,'/9j/4AAQSkZJRgABAQAAAQABAAD/2wCEAAoHCBIVFRgWEhYZEhIZHBgfHBkcHRoaIB4eJRonHyUaIR0jJTwrIyw4JR0dKTspLTE0Njc3HzE9QEg0Pzw1NzQBDAwMDw8QGBISGD8rHB0xMTExPz8xPzoxPz8xPz8/MTQ/PTE/Oz00NDExOzY9Pz87NDQ4ODUxQEBAPzExPTE/Mf/AABEIAMgAyAMBIgACEQEDEQH/xAAbAAEAAwEBAQEAAAAAAAAAAAAABQYHBAMCAf/EAEYQAAIBAwEEBgQJCgUFAQAAAAECAAMEESEFBhIxIkFRYXGREzKBoQdCUmJygpKxwRQjMzRTorLC0dIWF7Ph8CRUc4OTFf/EABoBAQEAAwEBAAAAAAAAAAAAAAABAgMEBQb/xAAkEQEAAgICAgEEAwAAAAAAAAAAAQIDERIhBDFBEyKRoQVRUv/aAAwDAQACEQMRAD8A2aIiAiIgIiICIiAiIgIiICIiAiIgIiICIiAiIgIiICIiAiIgIiICIiAiIgIiedSoFBLEADmScCB6RIw7WQ/o1er3qML9psDynyb2ueVNF+k5PuC/jGk2lYkT+UXXZT8nn5+XVx61JW71f8Cv4y6NpeJFrtmlnD8VI/PGB9oZX3yQVgRkHIPWNZFekREBERAREQEREBERAREQEREBERAREiby4Z2NKk3Dj13Hxfmr849vVA9Li+JYpRX0jj1idFX6R6z80a+EjNp3NrbAVL6qGf4obXX5lMf0PjITeze+nZL+T2qh7jzCd5+U3d7T2HMbhalZzUuHNSo3Mk59n+3Lumu2WK9OrB4l8vfwu20vhQJJW0oaDk79L91Tgfb9kr9fe/atU4FUpnkqBF8sIW98jQgA0Entk7xi2H/T2qmp11arcTHwVRoO4N5zT9SbT3OndbwYpXqu5dOz9kbw1ekK9Sip66lRh+7gt7patm7G20hBqX9KoOtHoBx9oFWldHwiX/yLfHZwv/dO20+EuoP01srDram+v2GH8021yVj5cmTxM3vh+F2qlwo40FTTpFP7W5jwJPcZx07bGWtH4NdV5rnsZD6p8jPrYm8trd9Gk/DUxk02HA49nX4rkTvurQMeIEo45OOfgflDuP36zbE77hxzXjOrRqXxY7WDN6Oqvoq3UpOQ3erdfhzkrK/XorVBp1V4ag1BGmcfHQ8xjTTmO/Qn72TtBw/5PcHNTBKPy9Io/mA5jr59sqek9ERIEREBERAREQEREBERAREQI7at4aa4T9I54V7j1se4DWVHeTbos6HDT1rPkJ1nJ5ue0/8AOoyV2hchqrsT0Eyi92PWPnp9WZ+tT8puXruvHTp8IRDpxMW4Up92W59waY3mYiIj3LdgxxMze3qHFbbvXDdI4ao4DtlukA2oznlnnjn1nnOxN1Ls8lT7Yll2ns7itqqP+cdlZnYj13HTzjxUYHUAB1SG3Z2wttZ1cY4kfoL1ZcaDHZlXY+Bmq2OsT9zvw+Tmms8IjqYj8uddzrw8lTP0lkFc0ijsjYLKSpwcjI0OssezgLK2e6IH5Xc5Wmx9YKTlnP8AF9ntkRsfY71z1pTBwW5+wdpmu1InUVjuXXj8m8crZJjUdGytj1rhgKYwuccR5Z/GcDkZPCcjJweWRNb2RSWjRBC4VRwoPvJ7yfxlUvrTNb9TSpTc6urBDk8yQAMecztg6jXtzU/k5m8zaPt+FN6wdQQcgg4IPaCORmh7mb4s7Lb3bcTHRKp04j8hvndh6+XPnC7X3SqcZNoA9PAwnF0gesdLn5yruhBKsCrA4IOhBH3GYRNsc9um9cHl03Wfu/bc7y3DjGSCDlWHNW6mH/NdQdDIu/pelQgngqoQcj4rjUOO46H3dU4t0dvGvRHpDmqnRc/K7H9o94Mkb9wCHHLRX71J0PsY+RadlZiY3DwMlJpaaz7hIbD2j6enlgFqKSjr2MOzuIww7jJWU2wuPQ3SHklboN9MZKN/Ev1hLlExpjBERIpERAREQEREBERATwuq3Ajsfiqx8hme8jtutig/eAPNgPxgULbdyUt316RHDntJ5+7ikRsm4pW6Unrt6Onl3zhmy5BRBhQTonpW+sJ6b2VMIi9rE+Q/3kZtvSlbDqKsfJVH4nzmu1tWm39Q7sNOWKtP9TP6WX/GFh+1P/zq/wBkrNJNmcQLXbFMjK+gqjK55Zx78SKiabZuXuHdi8Kce+Nvad2hWe/uQtEdADhQYwFQc3I6s8/IS92ezwiIigYQADAxk9uO8yL+Du0p+geoNajNwscEcIHJATz55OO0dkuCoBidGKvXKfcvN8rJu3049Q+Lm2QIBoCoxmQtROLIT1uoZxnunXf3GTjqmf773VQulFWZKfCXfhJHFluFQSOrRpstbjXcufFjnJaKx8pV956ttUCXFB6IJ0fiR1x26Hl4Sq7Zu1q3FWonqOzle8Z0Pt5yOp0lXOM69pJ++egnDfJNunveN4kYZ5b70nN0bopcBep1I9oHED5BvOXqpVDKVbVWBB8DoZm2xAfymjjnx/ynPuzL/WUidOCd1eZ/JViM24+Yc15Ud6HGNaqgOPpoc/xLNAt6yuiuuqsAw8CMiUCz9V17Hf8AePH/ADy27ptmzt+6mi/ZHD+E2y4YTMRExUiIgIiICIiAiIgJG7dGaD/VPk4MkpzX9HjpunWysB440gZBvmcLRPVxsPNCf5Z4baTNvauOWHUnvKI/9fKSu89k9ah+bUtUV0dVHM66j7LNPShu/Xq24tiUFWnwOrZPD6zqykgdSNT9swyVmZnXzDr8fLWvCZn1M/tS4Mkr/YN3RbhekzdjKC6n2j8Z52lpWV0dreq6qysVCMOIA54c465yxS29aezPkU4zMWa1sbZwt7elSxhlUFvpHVveTOu50WcOwb+rcUxUq0/QuWccGvRAcqM5xrp2CSd9T6BPZrO+utQ+bvMzaZn2rtw2spG+NM+kpv1FWUnvByP4m8pd6y5kTtfZwrIU5NzU9jDl/TwJkyV5VmGzx8kY8lZn0z+J91abIxVwVdTgg9Rn7bUHqMqU1LOxwFHMmefqd6fTc68eW+k9uPYGpc8eOjSViT85gUA8i5+rL3cW0+t3NjLa0QmjVG6TsOtuwdw5Dz6523OACWOAAST2Dtndirxrp855eWMuSZj0rFsMcZ6i7+7ofyy17oriyt++mrfa6X4ynXLslB2x+cKseH57knh+000GwthSpU6Y5U0RR4KoH4TOznh1RETFSIiAiIgIiICIiAiIgU+9t+Cs69WeJfA6+45Hsnk2UbIJUjkRLBtq1LKHUZdMnHavWv3H2SA2wan5M1S2QVqirlU16Q68Y68Z0mW+k126Urs/rHJ8AJ7rbKdeuZha723gIYeiYfJ4GHszxaS6bI3vtaoC1G/J6nyHOBnuf1T7cHumMZKz1tut4+Ssb10s2yxhMdYd/e5I9xE79GBU8iCDK/sDa9K4R3pMSOLUEYKngA4SO3SS3psTL20z11KEKEZB5gkHxE8/RyQvAOPjHJuf0hP0W8rFCbR2BRuMekBWpyDrocdh6iPGTGxdjW9suKS9I+s7as3iezuGk9EpaidOJONd7122/Vvx48uv6epMjdqtleD5XP6I5+ei/W7p0XFYIpZs4GNBqSToFA6yTpiRF1V9Gj1KxAYjLdYUDkg7ce8knrxKweFC39Nc0qfNUPpX8FPRHtbh9imXuQG62z3po1SqOGvWIZl+So9Wn7AST3sZPzGSCIiRSIiAiIgIiICIiAiIgJCXdE0WLoM0mOWA+IetgOw9fZzk3PyBnG9W6gq5r2gHpDq6cg/zlPU33/fnpbVlYFXU4ZGGCp7CDNxr7PamS1DVeuny+werw5eEg9q7Fs73SshSsoxxjoVF/qPHImu+KLdw7cHm2pHG8bhTdwb8Ubk0ycU6wCjudclfMFh44mg3d0F0HSb3CVvZW4iUn46lQ3IUgouAmCNQW16RB8B3SeuKJ+SfIzPFWYrqWjyr0vflVy065LdLXP8AzSTtjU4hjrldZSDy90kbF3GMK+Ry6JHvOB75sc8JqrTxOS5uFTGcljoqKMsx7AP+AdeBOoKzat0O7QkfhOO92jQoHhGXqtoEUF3b8ZFeLUyv524IUqCVXPRQYwTn4zEdfVyHWW5NlWbXTrXqAi2Q8VJD8duqoR8kfFHXz6hnqo7IqXDB7wAINVtwcr4ufjH5vLx6rHJs0/YiJFIiICIiAiIgIiICIiAiIgIiICctzZ06g6ahscjyI8CNROqIEQ2zKi/o6mR8lxxfvDB++eLU7ledIP8AQcfzYk7Eu00rxa4/7Zz9en/fPpRdn1aKp3u4/lzJ+I2aQX/5dw/6WuUX5FJeH99sk+QnfY7Mo0QfRIFJ5nUsfFjqfaZ3RIpERAREQEREBERAREQI+/2vb0CBWqJTZhkBjjI7Z7WV9SrLxUnWomSMqcjPZKn8JWzuOgtZR0qTa/RbA+/h98jPgv2hhqlAnRgHXxGje7h8pRoF3dU6SF6jBEGMsdAMnA95nPZbZtqzcNGqlRsZwpycdspvwn7SwKdup59N/Dko/i8hPr4OLBadKpdVOiCCFJ6kXVm8x+7CLfe7ZtaLcNWslN8Z4WOuPCfNtt61qMEp1kdzyUNqfCZBcVKl7dkj16zgD5q8h5L90/dp2z2d0yocGm4ZCezRlPliNDbalRVUsxCqASSdAAOZMj7XbtpVYJSrI7tnCg6nAyfcJ4bTu1q2NSonqvQdh7UOkzbcH9eo/wDs/wBNoGuXdzTpIXqMERcZY6AZOB7yJz2O2LasStGqlRgMkKcnHbI7fz9QrfU/1FlK+DH9bf8A8TfxrIL9/iex/wC4p/aklXroil3YKijJYnQDtmbb97sejJuKC/m2PTUfFJ+MO4+6V+73guKluluzZRevrYfFB8P6dkuhrNHeKzdgqV6bOxAAB5nsn1dbftKblKldEdeak6jxlb3H3U9EBXuF/OnVUPxB2n533Sk72/rlf6bRobXTcMAwOQQCD3SMO8NnxcBroHB4cFsa5xiRNnvrs9UVWqHKqoPQqcwMfJmYXdVXru66q1RiDy0L5EaG+SLutvWlJilSsiOOYLajxnRtG7WjTeo3qopY9+Or28pjWzLZ726VXOWqOWYjqHrMfLPukVr9ltq1rNw0qyO+M8IOuPCdtSoFBZiAoBJJ0AA5mYjbu1ldgn1qLkHvAOD5rnzmvbbqK1pWZTlTRcg9oKHBlQtdv2lRglOsju3JQdTpmSsxfcf9eo+L/wCm02iRUdfbYtqBC1qqU2IyAxwcds6LS6p1UD02Doc4Yag4OD7xMz+E/wDWk/8AEv8AG0uPwf8A6jS8an+o0CyREQOa9tVq03pt6rqVPgRiYvsqu9ndoX0NNyr+GeFvdmbjKntrcqhcVWql3ps2OILw4JAxnUdwlgZ5ta5e8u2Kamo4VB3eqvu1l131uFtbJLamcFwF+quOI+048zO/Ym5dC3qiqHeo654eLhwCRjOg7J7bwbp07uoKj1HQhQoC8OMZJ6x3wjKtk7SqW9QVaYU1ACBxDOMjBPl98+9s7XqXLipVCBwoXKjGQM89e+bJsTZNO2pClTywBYljjJJPM/d7J+7Z2WlzRalUyqtjUYyCDkERsU3cu7NexuLbm6q/CO1XU6faz9oSo7s7QW2uadV88Clg2moBUqTjuzNL3f3QpWlQ1EqO5KlcNw4wcdg7p47b3Itrhi6lqNRtWKgFSe0r2+BECO303ntals1Ki4qO5TkD0QGDZOfDGO+RnwX27G4qPjoqnCT3swwP3TJKj8G1MHp3DsvYFCnzyfulqtti0qVBqFHNJWBBZT0skY4snrgUff3efjJtqDdAHFRh8Y/IHcOvt++oV7CtTSnVdSiPkq3LOPu7potD4O7ZWVmqVHUEEqeEBteRwJZtq7KpXFFqNQYQgYxpwkciPCNiG3L3iFzT4Kh/6hB0vnDqcfj/ALzO97f1yv8ATMv2y9x6VCqlVK1TiQ5x0QD2g6cjP3am41CvVaqajoznJA4SM92RA4bT4PbZkRjVqAsqk44MajPyZn9zRCVmQZIRyoz2BsTd7ekFVVGoUAZ8BiVKruDQeoajVKnScsV6PW2cco2OT4TdqcNNLdTq54n+iD0R7Tr9WUfYu2Klq5ekELleHLDOBnOmvdNL23uZSuazVXq1FZgowOHAAGNMiTuy7BKFJKSeqgxk8yeZJ8SSYGJbV2g9xUarUCh2xnhGAcDGfICaBu7tH0uy6yE5elTqIfo8BKny0+rLJvBsSnd0xTqErhgwZcZB9vjI7ZG59K3Wqq1HdaqFGB4RprqMDnrGxm2616lG6pVKh4UUtk4J5oRyHjNL/wAcbO/an7FT+2Rn+W9v+2qeSf0j/Le3/bVPJP6R0qv/AAkVA9xTZdVaihB5aFmIkxujvTZ0LVKdVyrqXyOF25uSNQMcjJnbW51G4ZGao6cCBBjhOQOXMc9ZHf5bW/7ap5J/SEWHZO8Ntcsy0HLMoyQVZdM46xE5d3N16VmztTd3ZwB0saDOeoRJ0qxREQEREBERAREQEREBERAREQEREBERAREQEREBERAREQEREBERAREQEREBERAREQEREBERAREQEREBERAREQERED//2Q==');
INSERT INTO tblmerk(ID,strMerk,LocatieID,Plaatje) VALUES (20,'Lamborghini',16,'iVBORw0KGgoAAAANSUhEUgAAAMgAAADICAMAAACahl6sAAAAkFBMVEX8/vwEAgT8+vwEBgT08vT09vQMDgwMCgzs6uwUFhTs7uw8PjwcHhzc2twUEhTU0tTk4uS8uryUkpSMiow0NjQkJiScnpxMTkzc3twsLiwcGhxkZmTU1tR0dnREQkRkYmSkoqTExsQ8OjxERkQkIiRUVlSEhoS0srSEgoRsbmx0cnR8fnysrqw0MjRsamxcXlzHxOnxAAAJGUlEQVR4nO2ZaZuiOBCAIdyXXAoeKOCFCi3//99tqhLU7nGcXnb3cebZej90i+SopM5ERSEIgiAIgiAIgiAIgiAIgiAIgiAIgiAIgiAIgiAIgiAIgiAIgiAIgiAIgiAIgvgVzA67Nt9up7trE71bmPGwIvFMdWBbs3cLNJJ54sECtP3Cx5Us4ndLNI76YMEytseu7q5LWEn+J1oXqz40LvvkHBr8yV7Dw7J6t1R/H9btQQfW2hXP8QK0c3mvUGOIJ+ge7eDfuBC1f6tMYwiFex+GZ5Zi9DrY7xRqBHaO6/Dn8pnFH/jF6g8LwOxkoWElUm7W7HAds+a9cv1t4hnKvSnEo31EB1Gto/GNznpblmUbjpo4gL6JPqrvE+yDhnJnqJB56qHjq1rqfqd350DGCUbNDJ5otXf7rS+X7mfLMpp1G7829UwIjsKwamGJCsWLv6MPxQX3MpNRzlRsoH64KzN2NMtJnk/LsomlTbpXw4XCISaZ6NDt9r6/6H+x+BsZ1AC7USUAO1pgv/cvtiDH9LmVuhh+Fi+GM1KhgnwIWUoUFt/e4OgAe5B8t/knQijtpg/2K2Qtnja2MR9YL4YrRKR1sjGysAo8ZDNKIUYCrlk9fFNi7no+mH74lOieiJJp6ov+vwAVoo3aAyWYwv4/+na4MzWveW4NrN5oVv4iOLpToZBxKaMDhU9HxU/2g0L42po4/FmIYUXTBC9MvhIxKv9WiPqKjfpOx3RVbEhW03/toMD2Imc86IwxJv4yNjzDJ2bo8nn4oCgNFjaRbtx2yrh9ZsYwwDCuDv1uw6YwbaXr7qBP9nlK7HEb+P7uJ0iF3KvFqM6SpLaDLEmTDtQU8g9pbRfVpWx5NHPD7FJWYkwd42V+Ls8ijRlBdS3LNORvozg9t0lW12FY4zs7bstVVjR8tAq+cCFsT6vT7qMXR2q7468y1FAMU4ZBcyrPjbCUCMV5oT59IzykHp67A2RH84pOjDUjfLLO670I0fEVyhktuCsEWUIai1I8m6lezcRpE1runU0ArrqC8KYtYfSdLhWiOpiKPTSHajnEXhsrph5FmwjJjuCL5YuFVCKpr6WH6C0fzRmE8GGCAMY3Z+IrrRRVmYrD63jEV6cg/TYUR2Uz51P22eK2RJ71DR4aeYz3c7k2iCvh7N7Ch7uBqIdXJxg3wVbyZQebWYDq/RdpXZbvM6kQ1nIpnHQuMoso4ltNfQKeUzpYnbmuobkWhxD+JkcIqs5SneVbeR+z49uRcX3OqkJ+wRfWeA/DeqCGDrZ0D3sefTxMZIFo4nTUvyj9UJ1cIdLfEhhs7eqO2Dmwn/phbx+mvpmlVkaieY/LOUcYPZwsnBelhuvkHlPzaczMkAtpFD1ZPG4PTC/iH5YrqfnwDoufEGZyqq/SM6YXcR3rjM2x9+3aJwYZeOnYiFlWYFiiDts0naxjOtQ7dshgAdtaNsc//CBQw39uTQbuig/OGoAZrWzlIsaKsq20XfOAfgGmFkN/B/Y8EInNqzCsQUXOsIjafFGIXbdTMY5zyMV5qhUeEkhDNEQAMGueg3pV7jN+WCZ6BH7hgWVFO9z6IV6o4onBt9zoWQJjz4rBfnkpGMlIf2vuVyksdqUPQQdqaPsKHSdHVwdbwDiAHmJ+9hA9Lh8VJxQiPMS9wAi9PgSAs85iIeOOKwnO9H5mKB3/b1UQota8mXZwFay2LB/k40f8xhQdwJrUDxhZPzp46GCtNax3i56+z+awxD0oBOPfgpet0RkGMFtXyaA0Tg1QCIztfcrYbrr/ugxVu2ATloGsy0aJhgDALVlsXKO4YO/axVV00PtuzsNpDxM6sWzugaK4FbsYtlvdBcXsIeK4CUzJw2qxGOyp6mAUHs0qPqXWG4O7camD63DpIVQPGsUoAqEuuhmXfkLn9nf9+XzeOVIhGMXldYNnsER8f40vQjPgK81MWIdSaXi0NxJhyLkhAoqfwnK2kfAb7nOwnXw9fPIT7I92ZvpVKGSRRDpu8crFiMv3QimuMoI3O2w0iUXgMU98JwKxU7oR99mglYZPo3lJHUS27UoLUg+YVyvcLy1V6q3Q026rOXgENgvFhYm4MArzcMKil30zBddvtiGfTVuLI5+1NjDlQwwJMb+qk0bpxIUTnDsDmGsSKB1sa86i1MO72rRoZzeRMIp9FIqeoTxaN7/MrMtwO8X1PUnnKHiU+tK09rzeKIRGVa2OeumMGheklArBcOZzg0fLP6cQPKGZZovmuQvlvFlFK+jATycxulRjp3vNhC5LNxTJc8GLdIZJfc1E6/7yIeZ28g9LXaI5FMIGtHWUyPsDv9xb2upW/PKFT+PInodpPhnEhS2EDXEWJlhNL5fHqxS7NsXO2Tjj+THEzzIMjgW80XJuQmuNOzSGC4+77Enui2p5MYjkZMIUTcjcESzNn39K7nLOFQb3nMubmYN4Q5TbP9y24PYtbylO8/uLfNC8rhBJRXNQzx+ZjlUWr15YDDM7kB6PcvP6ubhCgo138Lq4kVKZm/nDgn3+rvDukk7BeU/QjOeHWopobn35v7OhrQVhTJ6/tVkpIuckr5U79vkhozretXGVGHzenF64mDEUTYtVxnvuV7wiDTEThNxDoDneZ4sUe4Dwq4sA6OeZKHzxLmyybTGyYKBR/UOHb2AfLJgYLxoin4t3tIfM5+fHAtbteOlcpMUcPIGfB/kyFufYqODl7svllx6n19zbeF7et1WI74LqdMywkGZxu0pjvrZr28FY4fF0OnU85Gb8/1HUu3W7WleiCLW702qVdoPd6vGRDyRvLVjTludUlt12tV61a9DYDLQVHI9pA1Mb8bpcnTpIHikfteC7E8JMQpiaV/1JDLkyubTV/MeziBsUYRgW0bNTChNRwX5xgmHRPTEx++dlHIse3hm2gXdnX3+lMIYBmP3jAfX+Uh91ev1vwBxuzn/d8DeHQSJV1+8W4x8gjRTrUedPVkgYz3Vm15id1v/arfsbiPeHS3vFZLUY98vDb4I4+AHL7DeKPSMIxW8v6qL61o8tvzF2dZhO8+xJRiMIgiAIgiAIgiAIgiAIgiAIgiAIgiAIgiAIgiAIgiAIgiAIgiAIgiAIgiAIgvh/8xeeFpgktWR3rQAAAABJRU5ErkJggg==');
INSERT INTO tblmerk(ID,strMerk,LocatieID,Plaatje) VALUES (21,'Dodge',17,'iVBORw0KGgoAAAANSUhEUgAAAMgAAADICAMAAACahl6sAAAAw1BMVEX8/vz8MjT8NjT8Skz8+vz8Njz8trT8srT8LjT8KiwEAgT83uTs6uz8vrz83tz8enz84uT85uTk5uTc3tz08vT8QkTs7uz88vRMSkz87uz89vT82tz8urz09vT86uz8Tkz80tT8mpxkYmT8joz8UlT8amw8Ojz8Wlz8vsQMDgy8urw0NjQUEhQcHhyEhoQkIiT8goT8cnR0dnT8oqT8YmScmpz8kpTMysz8qqy0srQsKiz8ysx0cnRERkRkZmRUVlSMjoz0zelvAAAKZklEQVR4nO2YaZequhKGQUA0DiiIEw6ACDiDgojY6v//VbcS1MZe99jnfLjrnr1WPdpbJKmQNzUkbo5DEARBEARBEARBEARBEARBEARBEARBEARBEARBEARBEARBEARBEARBEARBEARBEAT5oxE5URSHhT+48f+e0z+mNzB8v3GavTFq+H578keJqQUSz5d4Xiqgl3ipxFdKjX8wjsj4n03zV3rHknJqGIYxKd6tGaYhW061Rr+I7VqtWXy3Jr33GQ8mNWPE8Futwaut13q3q/00FAeT1nuPZj6N4Q/D/N37JKQVzod/1WZUD6yLU31HcoJG7XtGLTPwvhv1UDYeT7Skn4bRLPuO16ExUqb8jy4eE9io/jesT0pASL44w++4gOv84iWEfwMCseqNHqOKJmsulV5NVd2aPIU8LSoseuGDj7LH4JMDNSwVx63AuGIuhC9JpdLbUyt/R8jQ8MvyyGC+GZhyuZyxoKpa7IlzXSig0wyCga0BG6AhURElSXAougQT4PnQoE0nR3gzZD15wWd27YCqkHj9vU+Ye6QCo0g/mvTDr0J6vhIGc907wdwmljBVgigwXx4Z+qCsLD9fpyDS6Wwlny6eodOVlrxgVGs2m8YhEpjMGX1mc1S0Kx8Uj7U5dJHEA9jBXOdHOvgTWc5yIdQhelB+Q25+qiVUiJgdTIgmM9RPvcFMV9rcsJfR8MiFcO12q9UefNsMjjoNCejHcQqdmxS2Xm0Hh6r06IR6YNcq1vBaBBPk9SNcmnPqD+EAw4qT9hPo/vAIa2wXaLU+5vpTyOnUaInN0GtYwmzCGfLhIDefQgZHRVGCUcFoMqfl2YEenM6uCs8YHqi3pBNc+oGihMd2wbCplwAazD4Y8qUjzUaDjq8E8ILu1lMIeCQK8tv5K2z8VrVgFXWoKIrJmZEyhcWF1YKM9blBniM02SvSsWgVsMlCIkwkiCt+VmzzBbhToZaWBNnrGIW2QQTu4yO4KrOpsoVqTKuVV0I/kx12M+r1Crzyd7V6/FVI5rDqobS4wzHMuGZEKwzvDM1H1fKgVX8TcqTzL5kQdXQ3lX4K4SW2BBaNwHchDi0FXi4EMuTEDKC8V6oVKGylUiV6eoTVrEqVp03s378hRIZ5Czqvn4attjkQYasXYJ7ViVmVH0Jg8YpCJnOYRoklrQBtJaEQPr0D1SgdmBA662bB0GRteWjRVGI1wZwpDId5K/cITSA9UoqEo7/c8B5CxBOdZyBV86IJ+4JkhZCTWa1q0htt5hHr26Z2FGjSKjQxFfrIUvBa9smJ9uY9WmMPNIGKQkyFxk+e7BHz+qmwBAHdOR5CKmDpFNPyV0BIy3IqTuPkCQ6rfSfdEZoyrM2s+RICSpWG36D45VOos+LDym8msK0uPPmmaZiZPJvSyinNJk8hzsEfgRWcQsuHOWvz6KgDi+WAEJxoKxt7DvH6EgKXwsxv5C/6HvlQjj4IaStedvQkQbaUKGzmHgl0A5IgVB5CaI6Aksfu5tB4KdF1zQvyCWZL90dnDngSXWfQxQwtndYEYZq/pnqFNTpy7lZFogUPIggGnk6dqcM22oeQKlXMbk8dwQFz+IPQ/yBkMouyIPJKVjab5o83p/NgElXDyHoKYbWgRCtIhaYfTcKSZz1PmadIyovOs/TwzozZ5ckusdJTYcZwqc/LDztj5pUquV2Fwpan8jqi0K8VWgMg0/NHfz6i9CzPnHkKH0yygClpzIVjc6LzB0luPELreUR5HhmcuWJl34NmhyASBFZdqtLUC4+jh8YTXUpmp+fWXjg7mC+7gX9U5k5hXOith0xI9n46+TtHFBDSPAjBzDImZqRDegWwszfN0FKqTavKZgRHFHrCYKcNmV42zPaPY7xZli3Goey3XgHQHMmFEwrYZ8b7VMSWCV0KfR5HFG7CnvO4lQMXxqccGR6czBe8kVnOeoogD8UAzinwyJEuDK3qB8N/G6IsjOAg6imKL874WXsSVXxRjhSPP4jBnySEa8A5wVQkadbmRkLYzKaeAXt7VYCi5AnPTmq61Diuo2lah36ta3Xwsgpfu3l7kqqwJslSZX3qIm2q55aP711oUZkpoHY69KYqjuvPITuqBr1g1M4yTWAs2kuEj1TrJEkXxk6T+mchmaBwYrMxgvPrIIiyk0OLnHnyB5woKXmXTtw/r24pfPT7txQedu9fQNfl+ZUb31YxzHHbTzsp3LwntIm1qKyTtr3dxnZ/C0Pd4Xt/n6T9u3a5JKzjkj5jebXVaz/huvbq7N65ug0Nl6R7X+2hJenEXyv3lnwU0grZBsUYhdlJeW3SVjX/CSQmu/X1ckvUC3FdAsNpfbKGp7vka0X6dD07Z3KHSV83cXdLznaauAv3xuanrda3NUmXaxITsqRr8kXI+aJtyTX5Wi2X7vrryuYXb3bajqSiTTYXskng+rwjlzoMt+27y9RdgLLPQoayrtQe18Y8ms6e+4OpO3n96V7IStMSUd1vttuFm3DxeU3uXRCy/SI3KmS8W1Ah9iaGJ7uxlnwtbrGWC9ltdyQRv8iO3MBFYj3dre8a6P26r6iQ3TVWH0LiDUnVBbmra2Jru/V2T/owHDmf3eV9Qa73pPNRCPzcoCf4XJTlOM+jGWwCeSnkVJjuvX+L63sYFFaJu5Db+aqCEBCUh9bDIzvqkfVtmXyRdb7Q2oqcyULjkjUhTBmnnTcxR7vtFm66dBebq5YLAakkSeCvA65Wwe68oB4BVssUBjn/ElrsBx/7kQtMTDOv9G1Fnz50wEoTO14s9vX9ek1WqQiRtVqvExBydYlL071zZh7JQ6sfq4m7tlOWm5q72LqLe4ezyS0fDdY65jrguP3OTZbu6pJ3jDdrWPaUChmvQMiZrIkLnlvACrjLbrpfLUj8i0u4gezpc7+w2wwsjw/M5zdYllVsMyF2f33n4h1dplh0yd0mhE4DQmsLVYaF1no/FiFHtqxG0dCKV+Ta5bbk8hSSewRyxF0uV19xQisgDa0EcqS7IJeELO4g97o4pyDEXYFHkjiNzyQe/yKEGxqWIwXP87Z48kpz//s/7MRksdhtmJDtFpL9QuzUJRfw/mZBbtQjEFqb8y0PrTVMGEJrd77XmRAaMTCDgpD1Q0if5shid4673Hey3yGGyEpVYWmusAAwHDhvud1B6u+Wv+kAelmgCzOW9FkkOXKr2DhOtjbNtXS/XF4uy9heiul+q21t+7rV2NnoYtuXtBvvoc8lhcne7aud0kBQt/SqzonLa/rw736fcJ3UjrX4rkFHO++YXPbqxU64emzbW/i4wLPsuwrDJfu7lmzd/mX5W2Tlyz7IQkmYtbJQn1rGj/OyWFfrHZHr1DvjujruqmNuXK9zXVWtPzZEejmGTW0sQh/o362rapfFKliqNCLGakd8jjWm+18XOo1FMMwb6IB12ALhQqWurNfHY+gDQ45ZP4jcXwPryWAUSbqkW8bn/3f5AxAHo3Bmfvxl/Kcg9v54byAIgiAIgiAIgiAIgiAIgiAIgiAIgiAIgiAIgiAIgiAIgiAIgiAIgiAIgiAIgiAIgvwr+Q+lNkJQHTXfSAAAAABJRU5ErkJggg==');

INSERT INTO tblvermogen(ID,Vermogen) VALUES (1,98);
INSERT INTO tblvermogen(ID,Vermogen) VALUES (2,143);
INSERT INTO tblvermogen(ID,Vermogen) VALUES (3,161);
INSERT INTO tblvermogen(ID,Vermogen) VALUES (4,183);
INSERT INTO tblvermogen(ID,Vermogen) VALUES (5,187);
INSERT INTO tblvermogen(ID,Vermogen) VALUES (6,191);
INSERT INTO tblvermogen(ID,Vermogen) VALUES (7,205);
INSERT INTO tblvermogen(ID,Vermogen) VALUES (8,221);
INSERT INTO tblvermogen(ID,Vermogen) VALUES (9,228);
INSERT INTO tblvermogen(ID,Vermogen) VALUES (10,235);
INSERT INTO tblvermogen(ID,Vermogen) VALUES (11,242);
INSERT INTO tblvermogen(ID,Vermogen) VALUES (12,249);
INSERT INTO tblvermogen(ID,Vermogen) VALUES (13,252);
INSERT INTO tblvermogen(ID,Vermogen) VALUES (14,257);
INSERT INTO tblvermogen(ID,Vermogen) VALUES (15,275);
INSERT INTO tblvermogen(ID,Vermogen) VALUES (16,282);
INSERT INTO tblvermogen(ID,Vermogen) VALUES (17,293);
INSERT INTO tblvermogen(ID,Vermogen) VALUES (18,304);
INSERT INTO tblvermogen(ID,Vermogen) VALUES (19,308);
INSERT INTO tblvermogen(ID,Vermogen) VALUES (20,330);
INSERT INTO tblvermogen(ID,Vermogen) VALUES (21,334);
INSERT INTO tblvermogen(ID,Vermogen) VALUES (22,345);
INSERT INTO tblvermogen(ID,Vermogen) VALUES (23,349);
INSERT INTO tblvermogen(ID,Vermogen) VALUES (24,367);
INSERT INTO tblvermogen(ID,Vermogen) VALUES (25,372);
INSERT INTO tblvermogen(ID,Vermogen) VALUES (26,382);
INSERT INTO tblvermogen(ID,Vermogen) VALUES (27,384);
INSERT INTO tblvermogen(ID,Vermogen) VALUES (28,411);
INSERT INTO tblvermogen(ID,Vermogen) VALUES (29,449);
INSERT INTO tblvermogen(ID,Vermogen) VALUES (30,470);
INSERT INTO tblvermogen(ID,Vermogen) VALUES (31,477);
INSERT INTO tblvermogen(ID,Vermogen) VALUES (32,486);

INSERT INTO tbltype(ID,strType) VALUES (1,'Punto');
INSERT INTO tbltype(ID,strType) VALUES (2,'Eclipse');
INSERT INTO tbltype(ID,strType) VALUES (3,'Elise');
INSERT INTO tbltype(ID,strType) VALUES (4,'RX');
INSERT INTO tbltype(ID,strType) VALUES (5,'Golf');
INSERT INTO tbltype(ID,strType) VALUES (6,'Clio');
INSERT INTO tbltype(ID,strType) VALUES (7,'Cobalt');
INSERT INTO tbltype(ID,strType) VALUES (8,'Impreza');
INSERT INTO tbltype(ID,strType) VALUES (9,'Lancer');
INSERT INTO tbltype(ID,strType) VALUES (10,'IS');
INSERT INTO tbltype(ID,strType) VALUES (11,'Cayman');
INSERT INTO tbltype(ID,strType) VALUES (12,'Supra');
INSERT INTO tbltype(ID,strType) VALUES (13,'TT');
INSERT INTO tbltype(ID,strType) VALUES (14,'A3');
INSERT INTO tbltype(ID,strType) VALUES (15,'Corvette');
INSERT INTO tbltype(ID,strType) VALUES (16,'SL');
INSERT INTO tbltype(ID,strType) VALUES (17,'CLK');
INSERT INTO tbltype(ID,strType) VALUES (18,'GTO');
INSERT INTO tbltype(ID,strType) VALUES (19,'911');
INSERT INTO tbltype(ID,strType) VALUES (20,'Camaro');
INSERT INTO tbltype(ID,strType) VALUES (21,'A4');
INSERT INTO tbltype(ID,strType) VALUES (22,'M3');
INSERT INTO tbltype(ID,strType) VALUES (23,'CTS');
INSERT INTO tbltype(ID,strType) VALUES (24,'DB9');
INSERT INTO tbltype(ID,strType) VALUES (25,'Corvette');
INSERT INTO tbltype(ID,strType) VALUES (26,'CLS55');
INSERT INTO tbltype(ID,strType) VALUES (27,'GT');
INSERT INTO tbltype(ID,strType) VALUES (28,'Monaro');
INSERT INTO tbltype(ID,strType) VALUES (29,'SL65');
INSERT INTO tbltype(ID,strType) VALUES (30,'Gallardo');
INSERT INTO tbltype(ID,strType) VALUES (31,'Carrera');
INSERT INTO tbltype(ID,strType) VALUES (32,'Viper');
INSERT INTO tbltype(ID,strType) VALUES (33,'Murciélago');
INSERT INTO tbltype(ID,strType) VALUES (34,'SLR');
INSERT INTO tbltype(ID,strType) VALUES (35,'Mustang');

INSERT INTO tbluitvoering(ID,strUitvoering) VALUES (1,'8');
INSERT INTO tbluitvoering(ID,strUitvoering) VALUES (2,'GTI');
INSERT INTO tbluitvoering(ID,strUitvoering) VALUES (3,'7');
INSERT INTO tbluitvoering(ID,strUitvoering) VALUES (4,'V6');
INSERT INTO tbluitvoering(ID,strUitvoering) VALUES (5,'SS');
INSERT INTO tbluitvoering(ID,strUitvoering) VALUES (6,'WRX');
INSERT INTO tbluitvoering(ID,strUitvoering) VALUES (7,'Evolution VIII');
INSERT INTO tbluitvoering(ID,strUitvoering) VALUES (8,'300');
INSERT INTO tbluitvoering(ID,strUitvoering) VALUES (9,'S');
INSERT INTO tbluitvoering(ID,strUitvoering) VALUES (10,'3.2 quattro');
INSERT INTO tbluitvoering(ID,strUitvoering) VALUES (11,'C5');
INSERT INTO tbluitvoering(ID,strUitvoering) VALUES (12,'500');
INSERT INTO tbluitvoering(ID,strUitvoering) VALUES (13,'C6');
INSERT INTO tbluitvoering(ID,strUitvoering) VALUES (14,'Carrera S');
INSERT INTO tbluitvoering(ID,strUitvoering) VALUES (15,'3.2 FSI quattro');
INSERT INTO tbluitvoering(ID,strUitvoering) VALUES (16,'GTR (E46)');
INSERT INTO tbluitvoering(ID,strUitvoering) VALUES (17,'GT3');
INSERT INTO tbluitvoering(ID,strUitvoering) VALUES (18,'C6R');
INSERT INTO tbluitvoering(ID,strUitvoering) VALUES (19,'AMG');
INSERT INTO tbluitvoering(ID,strUitvoering) VALUES (20,'VXR');
INSERT INTO tbluitvoering(ID,strUitvoering) VALUES (21,'GT2');
INSERT INTO tbluitvoering(ID,strUitvoering) VALUES (22,'Turbo S');
INSERT INTO tbluitvoering(ID,strUitvoering) VALUES (23,'GT');
INSERT INTO tbluitvoering(ID,strUitvoering) VALUES (24,'SRT-10');
INSERT INTO tbluitvoering(ID,strUitvoering) VALUES (25,'McLaren');


INSERT INTO tblmodel(ID,TypeID,UitvoeringID,VermogenID) VALUES (1,1,NULL,1);
INSERT INTO tblmodel(ID,TypeID,UitvoeringID,VermogenID) VALUES (2,2,NULL,2);
INSERT INTO tblmodel(ID,TypeID,UitvoeringID,VermogenID) VALUES (3,3,NULL,3);
INSERT INTO tblmodel(ID,TypeID,UitvoeringID,VermogenID) VALUES (4,4,1,4);
INSERT INTO tblmodel(ID,TypeID,UitvoeringID,VermogenID) VALUES (5,5,2,4);
INSERT INTO tblmodel(ID,TypeID,UitvoeringID,VermogenID) VALUES (6,4,3,5);
INSERT INTO tblmodel(ID,TypeID,UitvoeringID,VermogenID) VALUES (7,6,4,5);
INSERT INTO tblmodel(ID,TypeID,UitvoeringID,VermogenID) VALUES (8,7,5,6);
INSERT INTO tblmodel(ID,TypeID,UitvoeringID,VermogenID) VALUES (9,8,6,7);
INSERT INTO tblmodel(ID,TypeID,UitvoeringID,VermogenID) VALUES (10,9,7,8);
INSERT INTO tblmodel(ID,TypeID,UitvoeringID,VermogenID) VALUES (11,10,8,9);
INSERT INTO tblmodel(ID,TypeID,UitvoeringID,VermogenID) VALUES (12,11,9,10);
INSERT INTO tblmodel(ID,TypeID,UitvoeringID,VermogenID) VALUES (13,12,NULL,11);
INSERT INTO tblmodel(ID,TypeID,UitvoeringID,VermogenID) VALUES (14,13,10,12);
INSERT INTO tblmodel(ID,TypeID,UitvoeringID,VermogenID) VALUES (15,14,10,13);
INSERT INTO tblmodel(ID,TypeID,UitvoeringID,VermogenID) VALUES (16,15,11,14);
INSERT INTO tblmodel(ID,TypeID,UitvoeringID,VermogenID) VALUES (17,16,12,15);
INSERT INTO tblmodel(ID,TypeID,UitvoeringID,VermogenID) VALUES (18,17,12,16);
INSERT INTO tblmodel(ID,TypeID,UitvoeringID,VermogenID) VALUES (19,15,13,17);
INSERT INTO tblmodel(ID,TypeID,UitvoeringID,VermogenID) VALUES (20,18,NULL,17);
INSERT INTO tblmodel(ID,TypeID,UitvoeringID,VermogenID) VALUES (21,19,14,17);
INSERT INTO tblmodel(ID,TypeID,UitvoeringID,VermogenID) VALUES (22,20,5,18);
INSERT INTO tblmodel(ID,TypeID,UitvoeringID,VermogenID) VALUES (23,21,15,19);
INSERT INTO tblmodel(ID,TypeID,UitvoeringID,VermogenID) VALUES (24,22,16,19);
INSERT INTO tblmodel(ID,TypeID,UitvoeringID,VermogenID) VALUES (25,23,NULL,19);
INSERT INTO tblmodel(ID,TypeID,UitvoeringID,VermogenID) VALUES (26,19,17,20);
INSERT INTO tblmodel(ID,TypeID,UitvoeringID,VermogenID) VALUES (27,24,NULL,21);
INSERT INTO tblmodel(ID,TypeID,UitvoeringID,VermogenID) VALUES (28,25,18,22);
INSERT INTO tblmodel(ID,TypeID,UitvoeringID,VermogenID) VALUES (29,26,19,23);
INSERT INTO tblmodel(ID,TypeID,UitvoeringID,VermogenID) VALUES (30,27,NULL,24);
INSERT INTO tblmodel(ID,TypeID,UitvoeringID,VermogenID) VALUES (31,28,20,25);
INSERT INTO tblmodel(ID,TypeID,UitvoeringID,VermogenID) VALUES (32,29,19,26);
INSERT INTO tblmodel(ID,TypeID,UitvoeringID,VermogenID) VALUES (33,19,21,27);
INSERT INTO tblmodel(ID,TypeID,UitvoeringID,VermogenID) VALUES (34,19,22,27);
INSERT INTO tblmodel(ID,TypeID,UitvoeringID,VermogenID) VALUES (35,30,NULL,28);
INSERT INTO tblmodel(ID,TypeID,UitvoeringID,VermogenID) VALUES (36,31,23,29);
INSERT INTO tblmodel(ID,TypeID,UitvoeringID,VermogenID) VALUES (37,32,24,30);
INSERT INTO tblmodel(ID,TypeID,UitvoeringID,VermogenID) VALUES (38,33,NULL,30);
INSERT INTO tblmodel(ID,TypeID,UitvoeringID,VermogenID) VALUES (39,34,25,31);
INSERT INTO tblmodel(ID,TypeID,UitvoeringID,VermogenID) VALUES (40,35,23,32);

INSERT INTO tblauto(ID,typeID,MerkID) VALUES (1,1,1);
INSERT INTO tblauto(ID,typeID,MerkID) VALUES (2,2,2);
INSERT INTO tblauto(ID,typeID,MerkID) VALUES (3,3,3);
INSERT INTO tblauto(ID,typeID,MerkID) VALUES (4,4,4);
INSERT INTO tblauto(ID,typeID,MerkID) VALUES (5,5,5);
INSERT INTO tblauto(ID,typeID,MerkID) VALUES (6,6,4);
INSERT INTO tblauto(ID,typeID,MerkID) VALUES (7,7,6);
INSERT INTO tblauto(ID,typeID,MerkID) VALUES (8,8,7);
INSERT INTO tblauto(ID,typeID,MerkID) VALUES (9,9,8);
INSERT INTO tblauto(ID,typeID,MerkID) VALUES (10,10,2);
INSERT INTO tblauto(ID,typeID,MerkID) VALUES (11,11,9);
INSERT INTO tblauto(ID,typeID,MerkID) VALUES (12,12,10);
INSERT INTO tblauto(ID,typeID,MerkID) VALUES (13,13,11);
INSERT INTO tblauto(ID,typeID,MerkID) VALUES (14,14,12);
INSERT INTO tblauto(ID,typeID,MerkID) VALUES (15,15,12);
INSERT INTO tblauto(ID,typeID,MerkID) VALUES (16,16,7);
INSERT INTO tblauto(ID,typeID,MerkID) VALUES (17,17,13);
INSERT INTO tblauto(ID,typeID,MerkID) VALUES (18,18,13);
INSERT INTO tblauto(ID,typeID,MerkID) VALUES (19,19,7);
INSERT INTO tblauto(ID,typeID,MerkID) VALUES (20,20,14);
INSERT INTO tblauto(ID,typeID,MerkID) VALUES (21,21,10);
INSERT INTO tblauto(ID,typeID,MerkID) VALUES (22,22,7);
INSERT INTO tblauto(ID,typeID,MerkID) VALUES (23,23,12);
INSERT INTO tblauto(ID,typeID,MerkID) VALUES (24,24,15);
INSERT INTO tblauto(ID,typeID,MerkID) VALUES (25,25,16);
INSERT INTO tblauto(ID,typeID,MerkID) VALUES (26,26,10);
INSERT INTO tblauto(ID,typeID,MerkID) VALUES (27,27,17);
INSERT INTO tblauto(ID,typeID,MerkID) VALUES (28,28,7);
INSERT INTO tblauto(ID,typeID,MerkID) VALUES (29,29,13);
INSERT INTO tblauto(ID,typeID,MerkID) VALUES (30,30,18);
INSERT INTO tblauto(ID,typeID,MerkID) VALUES (31,31,19);
INSERT INTO tblauto(ID,typeID,MerkID) VALUES (32,32,13);
INSERT INTO tblauto(ID,typeID,MerkID) VALUES (33,33,10);
INSERT INTO tblauto(ID,typeID,MerkID) VALUES (34,34,10);
INSERT INTO tblauto(ID,typeID,MerkID) VALUES (35,35,20);
INSERT INTO tblauto(ID,typeID,MerkID) VALUES (36,36,10);
INSERT INTO tblauto(ID,typeID,MerkID) VALUES (37,37,21);
INSERT INTO tblauto(ID,typeID,MerkID) VALUES (38,38,20);
INSERT INTO tblauto(ID,typeID,MerkID) VALUES (39,39,13);
INSERT INTO tblauto(ID,typeID,MerkID) VALUES (40,40,18);

